2.01003507156238e-08,-1.02874116874886e-08,4.80076124126053e-08,0.47433168557349,-0.235258305083843,1.4495270039775e-09,-0.000243590899817714,0.390891914873365,0.335540733979236,1,1
-2.4422955252909e-08,-3.34741967254233e-09,5.71205082937506e-08,0.194445979254156,-0.162179767911503,8.42141893257616e-10,-2.20304798548758,0.918763646753689,0,1,1
-1.91014123631019e-08,-3.07023220573634e-10,1.70738579103968e-07,0.229584890570758,-0.152487363895318,7.52862264610627e-10,-7.62758328085047,0.959703002775504,0,1,1
-1.91779757129024e-08,-2.96231837990537e-10,1.76608655283615e-08,0.248229216909208,-0.154056186266953,1.43840162217275e-09,0.259484353026389,0.92984131238428,0.0145758540754008,0,1
-4.39801597142169e-09,3.0384876267483e-10,-3.85493661989895e-09,0.305280078474746,-0.094816278507327,8.78167825518886e-10,2.24391588166715,1.28831394661498,0.0515521578333382,0,1
-1.59631215418364e-09,2.80094678393801e-09,5.29771548006245e-08,0.303516353388594,-0.126356198171049,8.24321350927934e-10,-0.987213393361121,2.39688613806192,0.0647296714007874,0,1
-1.34787078136378e-08,7.77655028594593e-10,6.41192933777714e-09,0.242445395380197,-0.075329739619931,1.77010902865408e-10,0.889192009265196,0.881146969634634,0.0161489177834973,0,1
7.53246153288047e-09,-1.4281686568876e-09,-1.77168092985905e-08,0.37617558147265,-0.106648911460268,9.59915383340668e-10,3.02305353689176,0.137448189421568,0.0685594406533249,0,1
1.3643926311276e-08,5.50124268077427e-10,-2.93894244459604e-08,0.420260958993414,-0.0686743344264496,1.12136563797274e-09,4.28612357340206,0.797733741484066,0.0726851447898011,0,1
-1.12584679195522e-08,9.56581674260054e-09,4.49071551075382e-08,0.237039035543361,-0.0958014760374666,1.26987421534651e-09,-1.51027782442481,1.59249761442165,0.0231863900045662,0,1
2.34259024678283e-08,6.9048142704788e-09,1.96519623763852e-08,0.399389574817201,-0.13009017062044,1.54788844150167e-09,1.08386744107001,1.27147455878805,0.0883940924930521,0,1
2.85481448776122e-08,1.28512944059127e-08,6.47729111076339e-08,0.331469626228754,-0.116776334581958,8.06679273091457e-10,-1.59555019006739,0.767816272473804,0.0934618702341625,0,1
1.46974614021725e-07,1.24467256159668e-09,-1.56968626689821e-07,0.969587561356445,-0.0727501772653156,6.96559575631912e-11,15.2084575274704,0.65977208492219,0.330422999799215,0,0
-8.22534926899868e-09,-1.04980350660415e-08,5.00780538012999e-08,-0.0898896684468201,-0.0936417842721325,-7.94402824121957e-11,-4.57591404105121,-0.900119857767072,0.01715133148091,1,0
-2.29874670192297e-08,-1.96956476206903e-08,-7.20742482009441e-07,0.0894675973473966,-0.1188383611862,4.07820023460566e-10,35.7076942048812,0.246004188392799,0,1,1
-9.7901124681476e-09,3.33619515025525e-08,2.50875561055409e-08,-0.0137545610643594,-0.108146637463088,2.4489937440493e-10,-4.01935176678616,1.94156263035928,0.0105866095572283,1,0
1.24925105551827e-08,9.82713944298021e-08,-1.0123285547006e-06,0.238631598162325,-0.165519089876894,5.57705596701774e-10,49.9997577246031,0.758450395599827,0.0591497245875757,1,0
-1.80775444461038e-08,9.35661117694585e-08,-5.05650498295903e-07,0.817287583992382,-0.0778702102787148,-1.78188390780978e-09,25.2109799516515,-0.964700630848095,0,0,0
3.85880802697404e-08,-4.08989473776775e-08,-6.10091870050006e-07,-1.7590460176937,-0.336185609449978,1.39695785084713e-09,30.3917473745658,3.82921334665194,0.220074521162661,0,0
-1.54555896100995e-08,-3.97338861366547e-07,1.8216595229725e-07,-0.942947714940925,-0.121874200541677,5.84507064289144e-10,-6.39568290492184,0.986373848350889,0,0,1
-2.20994132288817e-08,-6.32106292700841e-07,8.30625123751259e-07,-0.52559882814676,-0.0577328887674575,5.55831793495498e-10,-33.3381420642197,0.360964357629938,3.97306523601617e-07,0,1
-2.24325431850106e-08,-5.60257762151526e-07,1.62477162807616e-07,-0.152921752065937,-0.0314707144018753,5.27756912326824e-11,14.7065352639919,-0.336225049716182,0,0,1
-2.73416813983666e-08,-3.92074440395707e-07,5.97590869283737e-07,0.186366018540458,-0.0297506909280494,2.42779624742934e-11,16.7843292760516,-0.978641209482782,0,1,1
-3.30456338614841e-08,-3.66901561491154e-07,1.54405458781271e-06,0.411925551115904,-0.0317835585553323,-2.06482609884101e-10,-5.50163495824671,-0.851079959970155,0,1,1
-2.76187897062421e-08,-6.12061508817663e-07,1.34227831693841e-06,0.161845320475681,-0.0196892656791363,-3.64606414118238e-09,-23.199618227758,-1.87448414976627,0,1,1
-3.74653450478873e-08,-7.50634819651382e-07,1.66321720426887e-06,0.044342490619249,-0.0254353443257412,3.13492661527778e-09,-49.269400811471,-2.65449626049998,4.33680868994202e-19,1,1
-4.34102523491452e-08,-1.1223773815801e-06,3.99973814663179e-07,-0.114240887657524,-0.0183249550499542,1.91155847447108e-09,2.35627537791685,-2.70200712465491,0,0,1
-2.31342264552358e-08,-1.56990615310358e-06,1.28898301018941e-07,-0.139976996274233,-0.01096031338621,3.41366465816852e-09,23.7722566297873,-2.50742905533417,0,0,1
-1.35797682060749e-08,-1.7022497991233e-06,-4.59586435950894e-07,-0.17931204961074,-0.000635663003123767,1.01936034739447e-08,50,-3.35158140043202,0,1,1
2.22414462336852e-07,-1.83169335676158e-06,2.48969927817597e-06,-0.0370591245674601,-0.00780063949796955,1.55652229627861e-09,-45.297397258798,-3.71718602415393,0.0105644583413805,1,1
4.24735329900223e-09,-1.33120529580455e-06,5.13179884094433e-06,0.410646013910506,-0.00981408654164049,-4.57316499592449e-09,50,-3.16247780693771,0,1,1
2.96426287534672e-08,-2.61994253948015e-07,8.47286907848906e-06,0.617745122783308,-0.0140978239829401,5.28624052101979e-08,19.0405048298093,-13.6617012566662,0,1,1
-1.79198776197793e-08,-1.17168009113993e-07,1.2591485530963e-05,0.974178594720534,0.00141097093059371,2.80739186646083e-08,49.9857249638507,5.29415470109449,0,0,1
-3.996174758068e-08,9.5532839029607e-08,1.34143945802021e-05,0.9395482260783,0.00632127910449457,1.2222135926725e-08,-49.8555609502953,4.19409059913198,0,0,1
2.13096687792772e-07,7.57977769095831e-07,-2.38450781079698e-06,-0.0739556122050748,0.0400943608572734,3.86833790125613e-09,50,19.0073357243682,0,0,1
4.46882722571761e-08,1.42696306090426e-06,-2.09253292165039e-06,-0.00842162283465919,0.0156870659912342,5.38843515683669e-09,42.5120547811566,9.37331700408886,0,0,1
-4.80491646487792e-09,1.08056913259637e-06,2.0212673634532e-06,0.241962419217395,0.00744162766177175,7.55234306378282e-09,-49.0062110769498,8.40372769092045,0,0,1
-3.48129585616353e-08,1.39557601924475e-06,-2.51939049651384e-07,0.235706315405774,-0.0047920428964267,4.93240006705752e-09,36.9487747598484,5.97425387772546,0,0,1
-5.39403390839743e-08,1.37042341885077e-06,4.73593758847817e-07,0.292745098952747,-0.00144762559423668,2.01636817700782e-09,7.58157205224271,4.73355721987304,0,0,1
-6.35374095170152e-08,1.20271650152468e-06,9.01412226121301e-07,0.434307251765898,0.0126353901851951,3.18980407505573e-09,18.9646447536683,3.50441910396212,0,0,1
1.15913986250379e-07,6.39333373560915e-07,6.08630914313625e-07,0.386908908262026,0.0768678349528931,2.82472425449778e-09,21.2666226826974,4.85999878310522,0.000945200462969905,0,1
-2.44261934680872e-08,5.70193785601158e-07,1.62080950323322e-06,0.33257637368096,0.0698775453336929,3.33380560392436e-09,-50,4.4775631359204,0,0,1
-4.09487976464869e-08,7.0458840327111e-07,1.05801970081193e-06,0.498978318020567,0.10303455343296,4.03410851758369e-09,8.81735692210378,2.09692294000047,0,0,1
-2.71221659433506e-08,9.99526651372736e-07,1.83192818012296e-06,0.429666969077427,0.182348473639807,4.54300222590202e-09,-35.527526680404,1.05887565557752,0,0,1
2.52373265473242e-07,1.199087436564e-06,1.13348705295358e-06,0.0085435985428066,0.26594034942788,3.90057465658817e-09,-43.1366405313386,1.11627029486068,0.00191128256866847,0,1
2.43630083399008e-06,7.78066700858818e-07,1.73908396009232e-06,0.234682731461409,0.391971980839019,3.13639262500971e-09,-40.1399441573291,2.00003671274621,0.0168786304030574,0,0
1.47963963477922e-06,2.5786291155358e-07,-3.84541239025802e-07,-0.0763089245578427,0.374351829183405,2.43058475449557e-09,39.5683268956368,0.362217580235773,0.0102572282150157,0,0
6.92539869042569e-07,-1.46194246477143e-07,-4.96052543995389e-08,-0.644209652080223,0.176430259288835,8.99257670062346e-10,-33.790529724824,0.848009872575313,0.00493431318395866,0,0
1.1243667782155e-06,-1.37635943813385e-07,-5.64404978958148e-08,-0.195970859118386,-0.0219408004614329,-3.95989176715405e-11,-5.04087089952643,1.3342445529542,0.00818732341073712,1,0
1.29834780251197e-06,-2.25606738547972e-08,5.86185463414204e-07,-0.0933474952928413,0.00817421526438057,5.82340191088653e-11,-26.2412983717959,0.937637216125729,0.00951751664550954,0,0
-4.77050679183659e-09,1.60597434358982e-07,-1.79040851874983e-06,-0.585972729611238,0.181493076563819,1.40775823360427e-09,50,-1.22273071299379,0,0,0
-1.2032192835017e-07,6.43051253436456e-07,-1.99207631811705e-06,-0.96668814332197,0.271147740789707,2.36740050370517e-09,16.2944836437969,0.966612157266027,0,0,0
1.16176295610942e-06,1.38805726612082e-06,-2.75161880593814e-06,-1.4814469089761,0.454230034973757,2.4780530431452e-09,13.2403771965562,1.79319500118671,0.00826488902008521,0,0
4.67179485709939e-06,1.78123145644142e-06,1.53486412348241e-06,0.578035354014343,0.443840133952365,2.34215165335584e-09,28.3086515497265,0.16807298036822,0.0369175517648527,0,0
6.3903670519911e-07,1.26852815462499e-06,-3.61910855658861e-06,-1.730883313999,0.497136866946257,1.76923844818327e-09,49.9996798373134,-0.789053328715145,0.00530496934201805,0,0
2.30073736099573e-06,5.14782280645041e-07,-1.65985898168066e-06,-1.52047913233545,0.304946158256215,8.79131199461667e-10,-42.9539370799553,-2.32554530480798,0.0193208476378347,0,0
5.33417351779115e-06,-1.78067081994014e-07,-1.28024337206938e-06,-0.704779563748836,-0.166211764912907,-2.79644291024977e-10,-17.0128157147078,0.249233713348574,0.0493997240560231,1,0
5.87744090929228e-06,-5.60310732538941e-07,-5.57263770811842e-07,0.278653444382858,-0.495025085641797,-1.715327360067e-09,13.7089763257383,1.7292591398659,0.0575922732963091,1,0
2.00796139236163e-06,-6.60646459130452e-07,-1.33882699076615e-06,0.102581763827743,-0.521074709397445,-2.40968834273665e-09,29.3099418219257,5.84270206823736,0.0207618011501007,1,0
2.79486448701576e-06,-8.6286058181426e-07,-2.06966869360915e-06,-0.197865845548308,-0.571412155884701,-2.95102802050703e-09,17.7130662915414,1.72452720842507,0.0310413526400747,1,0
4.34718842780746e-07,-9.06237724905498e-07,-1.96995743745483e-06,-0.679379534454355,-0.344271137760348,-2.5368959886829e-09,-29.2642017002138,2.20841242262642,0.00534867282408596,1,0
3.19443117437029e-07,-4.96630125783457e-07,-4.26327295720131e-06,-1.12183030995986,-0.273502996965744,-2.15230002052015e-09,48.1416503353688,0.282980244863023,0.00399832199024948,1,0
3.3744556364488e-06,-3.96420659404264e-07,1.02043863774411e-06,0.600995368679957,-0.111148713474448,-8.47214063560854e-10,-3.6149442314182,1.37790238495888,0.0405977448879678,1,0
2.54492048340155e-06,-1.14156055239614e-07,-2.59114610935231e-07,0.233258385653407,0.0261313852284269,2.87610039923353e-10,36.5985455710695,1.18287977670672,0.031412900158503,0,0
1.12423521267927e-06,1.28935116876319e-07,-9.72149991461387e-07,-0.537297161106699,0.0487496633681854,2.85209026256642e-10,-4.24912101461798,1.80028567126431,0.0142960601652322,0,0
2.35821995181743e-07,3.49351334406797e-07,-1.8092858807729e-06,-0.992276952834,-0.0355116112091178,-2.30658122609171e-10,-12.5235974976676,0.772170611790623,0.00331646998367038,1,0
1.50781768103493e-06,1.96828398554604e-07,-1.8679516332806e-06,-0.348103898385839,-0.15467634656581,-9.73636322267056e-10,42.6224491855735,0.1886855125857,0.0203236024451564,1,0
1.77224882458506e-06,-1.2270087616982e-08,-1.44648292605122e-06,-0.268958404381878,-0.277146889609599,-1.58002892782234e-09,20.8461559221438,1.91144979837947,0.0248279244517393,1,0
2.78926783970986e-06,-2.09511486476656e-07,1.00217599677908e-07,0.394153650071167,-0.362264301615112,-1.85424563612778e-09,-11.8157878224928,-0.125583179295096,0.0400167704992917,1,0
2.81681061239636e-06,-2.37191666230687e-07,6.26218766944374e-07,0.796762319539315,-0.298744731771767,-1.5357632581618e-09,-11.5955801269615,0.972628634631822,0.0412352612022227,1,0
2.46512509352923e-06,-1.40975871657347e-07,5.88409682838586e-08,0.707955973714264,-0.305882932265471,-1.09090661292452e-09,10.0519688267945,0.825405390030393,0.0372228917170851,1,0
2.65531235710645e-06,-5.60412743930222e-08,9.82530392931673e-07,0.981732428169959,-0.136760130308874,-4.76394234790618e-10,-19.1188988841589,0.230137316340348,0.0411889347101313,1,0
1.8371587016764e-06,-1.55036084164364e-09,-6.05365442967603e-07,0.0123389357348055,0.0195780219264581,1.90094459003694e-10,28.7102077340473,1.87051902606045,0.0293417019974869,0,0
1.36644836256725e-06,-6.91237280275984e-09,-1.13033209811681e-06,-0.629915649212121,0.0349831523011288,1.71316210418166e-10,34.3704791726853,1.02906708527126,0.0226958220587699,0,0
1.23483458152023e-06,-1.55999090637824e-09,2.38969005020363e-07,-0.747036345502231,-0.12182822315918,-3.0862019431282e-10,-43.8151670766553,0.965984927673743,0.0211413012550173,1,0
9.77022390964834e-08,-2.22961918144489e-09,-2.56198756037695e-06,-2.34683166210033,-0.21353665715543,-8.5859666028788e-10,41.8776940682458,-0.832284017316511,0.00179960105956262,1,0
2.96292230455145e-07,-4.19351449912384e-08,-2.20828496199604e-06,-1.79562532662216,-0.353399606149016,-1.10794852746713e-09,40.4000280368472,3.68932715042801,0.00557302006189646,1,0
1.69071844966014e-06,-2.4950027695573e-08,-7.08534846924044e-07,0.36544258107503,-0.470532484108678,-1.26816167179987e-09,31.7463547133914,0.679670914269898,0.0316315636814809,1,0
1.29531307150661e-06,-3.35161416181081e-08,5.36583771438445e-07,-0.28581599949273,-0.254118887474984,-1.00629732103593e-09,-46.3540693127744,1.50338552777183,0.0249277063595749,1,0
1.56219418924569e-06,-4.03188284563463e-08,8.04658831889345e-07,0.116732896345708,-0.0992965042073402,-8.80085805382323e-11,-43.8554813475801,0.0169958783425552,0.0307233892353408,1,0
1.44688876236984e-06,-1.71100015579444e-08,9.16148738542521e-07,-0.0445426123009776,0.179266117746082,6.90861825854914e-10,-47.0223812466355,1.92557166623364,0.0291988468273187,0,0
1.12042612504012e-06,6.42849128811758e-08,-1.1909423745955e-06,-1.04272600281188,0.313486859794572,1.27457532059156e-09,44.3481257721562,1.49242296209285,0.0235031465200687,0,0
1.83100902023803e-06,1.93567132201497e-07,1.01469152680619e-06,0.430342885152575,0.479410562463521,6.59174262656647e-10,-36.8271260385547,1.01032923922307,0.0391893566796179,0,0
5.71578995681356e-07,2.39227483695035e-07,-1.22677275674956e-06,-2.47535859805276,0.285782222894249,6.51376671690344e-10,23.1902496651864,-0.730728853311544,0.0130363339499662,0,0
8.14043202254161e-07,1.78640652567678e-07,-1.6788009228794e-06,-3.06094327789351,-0.0921260086284664,3.97568544017352e-12,30.0664654450229,0.326831952142423,0.0194091016201222,0,0
1.39316478643858e-06,9.32695078946435e-08,-4.69359238809558e-07,-1.84253337178804,-0.299278135374094,-1.28388766721713e-10,-14.551922661712,0.635655596537668,0.0345264569227383,1,0
2.97841072157512e-07,-9.66948179137794e-09,-2.49141179690785e-06,-4.99176899114257,-0.2768787703324,-7.36565819741374e-10,29.5269378453741,0.323000233646491,0.0079032505281149,1,0
8.38157472510862e-07,-7.08504249812273e-08,-5.73432738001152e-07,-3.31091052969706,-0.446482512404811,-6.97285256855803e-10,-38.8169850290787,0.649703751385608,0.0231840260546212,1,0
1.98329616963958e-08,-1.65151879700773e-07,-1.51026255512055e-06,-5.49441491873677,-0.0646083579979666,-1.00033697889507e-09,-17.8794093596953,1.27281800111269,0,1,0
5.96358771585976e-07,-2.42938978433247e-07,-6.10035265657453e-07,-2.87789334998491,-0.655766621044495,-1.21331587392244e-09,-25.9507561521464,1.10958591330008,0.0187629279446598,1,0
5.74316479750863e-08,-1.87137703722199e-07,-7.1182456073336e-07,-4.19045788309833,-0.511539768776238,-1.10418871007003e-09,-38.099531254619,0.733688874449386,0.00189646217877467,1,0
3.55581699140967e-07,-7.77541585427579e-08,-9.02921074803567e-07,-4.0017728825078,-0.278039408769531,-1.70783653219918e-09,-22.4518777149104,-4.36987209346337,0.0114577986546518,1,0
3.08219065296663e-07,-3.14351662090775e-08,-1.06920055029859e-06,-2.23907963516777,-0.706219898664811,-1.2633768425393e-09,9.24899499518801,1.50798937622311,0.0115599007975381,1,0
4.85998950794901e-07,-3.56161348050048e-08,-1.79931192582787e-07,-1.65464045163461,-0.481127454929672,-1.53139739954528e-09,-23.147161914745,1.75929717792413,0.0177420622538201,1,0
8.10955768955907e-07,-7.30842346466477e-09,-7.33735334299397e-07,-0.717818127492569,-0.138913155344981,-8.07761983620693e-10,24.1654154744965,0.277464212587132,0.0295800263400666,1,0
4.9219223162619e-07,-2.8934953557116e-08,-3.35217292527635e-07,-1.4171534709073,0.174827624689233,7.68399997643551e-10,0.932300724553661,6.00611797128915,0.0191054766664937,0,0
8.11277150877032e-08,-2.50274311715294e-08,-1.20955285541232e-06,-3.93033321177075,0.522099469163017,1.40812425490908e-09,20.7724154856849,0.991469911780934,0.0034808533442719,0,0
3.19790729455315e-07,-2.7861284656657e-08,-8.06168357310292e-07,-2.66131976067747,0.669693280308358,9.7339011416026e-10,15.4401266951599,2.93500813031838,0.0129857953523554,0,0
8.12341437045825e-07,6.29775474844909e-08,-6.88852874008915e-07,-0.680817521402686,0.016940691275761,1.43131050679035e-10,28.1939899509608,0.608649022598044,0.0353752907834462,0,0
1.0160955592781e-06,-2.6595421827338e-08,-6.27945252095259e-07,-6.14881690174304e-05,-0.268812245656843,-1.0812113170712e-09,31.7417655088701,0.99435833750593,0.0464537296279987,1,0
8.76592879975185e-07,-1.51544378111252e-07,5.48896540196879e-08,0.321289657705176,-0.360096869248437,-1.60387564657315e-09,1.74992933841294,1.91346814726647,0.0425329515113052,1,0
3.45800294258046e-07,-3.02988953752104e-07,-1.03414824703186e-06,-0.331853852108994,-0.155525002635646,-1.76052885603044e-09,41.7326595356763,1.32068009759061,0.0171936757395526,1,0
4.6859945154873e-07,-1.91762034406826e-07,1.50823999809792e-07,0.239923553462605,-0.103270075201087,-9.23675663366661e-10,-0.235880580186446,1.49753662123291,0.0242790742958535,1,0
4.06774218214466e-07,-7.44373216286607e-08,-2.45681928664378e-07,0.305356612208704,-0.084429737581094,-1.9958126289643e-10,21.6798673682713,1.58633632515679,0.0218558950611891,1,0
3.09029717889946e-09,1.7077512847918e-08,-1.23043084144986e-06,-0.240788206534429,-0.0818008418903422,-4.29494544065657e-10,49.875470437603,1.52898329846584,0.00176379960130991,1,0
-3.15818390146328e-08,5.43602546667476e-08,-9.78822994229886e-08,-0.332890808785805,-0.079635632968431,-2.73161269373303e-10,-12.2036173491887,1.0942864479525,0,1,0
4.22684020296482e-07,6.21057255030321e-08,-4.73484419370018e-08,0.272439845685034,-0.0366785924520605,9.91469482405476e-11,6.05478828532322,0.994562963157023,0.0233066849327742,1,0
7.96328054224337e-07,8.21067040323392e-08,-3.23527736402731e-07,0.915553256013681,-0.0100809106498227,4.98631146941336e-10,38.5009381111259,0.309921079873398,0.0440276551152919,0,0
1.19452527815556e-06,6.72864932974899e-08,3.04837847574754e-07,1.5691619164775,0.113709023965245,1.19730295839304e-09,24.2881542514818,0.161002032404359,0.0669126282186272,0,0
9.57437641947621e-08,7.77557349637412e-08,2.07600443100699e-08,-0.922743129617673,0.100695967487089,1.3656861367702e-09,-21.303171451769,0.217854563432686,0.00731130527728855,0,0
-2.09903402466028e-08,3.89835700500433e-08,2.62762936542289e-07,-1.67670910320247,0.112909299590339,1.05109115022501e-09,-49.9997801657193,2.98180238347949,0,0,0
3.83109863914799e-07,3.58464819697495e-08,1.57770792702703e-07,-0.669733861576658,-0.00177370259932402,3.80797299795437e-10,-23.3339329511724,1.29259804508829,0.0251129282186826,0,0
4.92630234434359e-07,2.70453887662754e-08,1.58823327752362e-07,-0.357164427493073,-0.129257713312082,-7.18989488593164e-10,-19.0891738763886,0.214501827095974,0.0328952438726525,1,0
9.88471174298513e-07,1.25175413205717e-08,-4.94045210695579e-07,0.715030079214547,-0.342242612455566,-1.94472028764475e-09,36.8668605324064,0.00100536958554699,0.0679108517337057,1,0
2.89622314760412e-07,-1.18802019865591e-07,3.68787977109799e-07,-0.384697603030933,-0.45486971525129,-3.64198934991385e-09,-40.5339424024726,1.26979052615618,0.0228213480284611,1,0
-2.06382640402785e-08,-2.79127363155984e-07,2.56918422083588e-07,-0.508521197000177,-0.379913006743068,-4.83621807073388e-09,-37.0285887456504,1.26738508885541,0,1,0
-1.62801258127686e-08,-4.01370125390226e-07,8.79996639185255e-08,-0.68987887394613,-0.137267423319143,-2.57272379120671e-09,-28.3047912476312,0.172352560082514,0,1,0
-2.95695914761005e-08,-2.54923251076294e-07,2.59018208338765e-07,-0.304295145889221,0.019500236587292,1.3028941005852e-09,-18.8310028796689,-0.355746358758085,0,0,1
-1.91342278037369e-08,-7.66403197219861e-08,9.73422202643783e-07,0.247405710438706,0.0556694411296706,2.27254586554971e-09,-30.0960399704453,0.450473753181774,7.47622079964524e-07,0,1
2.93562186011455e-07,5.21029935461599e-08,7.69082539616968e-07,0.825507824178091,0.0251490657648697,9.5825166661816e-10,8.13024947359896,-2.62913828152535,0.0216308522856948,0,1
-3.35406834891905e-08,6.10243468605831e-08,-2.31312468739725e-08,0.661461630627686,-0.0656180153589715,-4.81274298598833e-10,34.2973334884805,-4.51727010634374,0,1,1
-2.26580491837596e-08,2.47313056237238e-08,1.6493992568054e-08,0.345445667108442,-0.0870824462249545,-1.37388827652103e-09,12.0936877398279,0.776831706475021,0,1,1
-1.47862676826789e-08,-4.88129669650091e-09,4.56835736740126e-07,0.33892098852149,-0.0703933875224223,-1.39063546383467e-09,-11.9202220047589,0.267255869213446,0.000115885907060623,1,1
-1.43220211150055e-08,-2.5338711375243e-08,2.08507000426219e-07,0.323461579267981,-0.039771069294195,-4.94049987446645e-10,0.528995138496071,-0.226958378100721,0.000249941116294484,1,1
2.324079099696e-07,-4.26804874111372e-08,3.18630294843515e-07,0.700332464712694,-0.0332995814416087,3.89277882528943e-11,13.4785022083123,1.77276686330703,0.016259705566538,1,1
-1.09797954320531e-09,-3.89251739594231e-08,2.46730308985522e-08,0.416686565168549,-0.0442870509205319,-1.70448333834203e-10,16.1281647857129,0.322574937397376,0.0010864713188094,1,1
-1.6894660728084e-08,-3.06603733902482e-08,-5.34652248853654e-09,0.396348057787808,-0.0402306573713128,-5.86498744842784e-10,19.1356590432233,-0.601438770988956,0,1,1
-1.2022473643775e-08,-3.25579260065933e-08,8.17519594273452e-07,0.400845734188061,-0.0493381485594627,-3.5120732166984e-10,-21.8526808397978,-0.927775294031383,0.000242417877805371,1,1
9.53813054659203e-09,-1.41475587944277e-08,-1.48533348258592e-07,0.491730431536311,-0.0197622029152721,1.57529365840642e-11,34.6199413513584,1.20651780217585,0.00163031746588127,1,1
2.20794263921638e-07,-1.95193993617517e-10,-1.1439032326835e-08,0.691613245842974,-0.00203249935131242,5.1207375228981e-10,39.0959193039313,1.64991305803283,0.0135183646245034,0,1
-1.35291214820663e-08,1.05058567945415e-09,8.91669216990891e-07,0.456237770347093,0.01092369160908,1.27217999705482e-09,-19.7201500331086,0.444802571805303,0,0,1
-1.86473013433901e-08,1.76132512194383e-08,5.30141013288049e-07,0.43703288299554,0.00810923615552133,1.21175658457718e-09,-3.28908209911766,1.61037385386099,0,0,1
-1.82738601601529e-08,2.39315539748554e-08,6.57865292186155e-07,0.451910714702278,0.00381922882879722,1.11663132350752e-09,-10.1559510437346,0.291427717079266,7.90602427684219e-06,0,1
-1.60916545474438e-08,4.03953685483228e-08,-1.8317932106099e-07,0.340581436573101,-0.0104177656141071,4.21854713814132e-10,25.1743373682243,3.1495566572029,0.000183602336048143,0,1
-1.99560352143087e-08,4.14591198084314e-08,8.59248128689271e-07,0.366964990354265,-0.0522287424009532,-2.55668755089993e-10,-30.2809647107488,1.84065285705305,0,1,1
-1.8983361296351e-08,1.6541384298285e-08,-7.04912265430739e-08,0.365881021449612,-0.0556585201248395,-5.37222536825772e-10,16.3828326775711,2.43126933345565,0,1,1
1.3602405939624e-06,-4.57312160163564e-08,7.93070746833172e-07,1.88865763980515,-0.0627104648749841,-4.1895899912907e-10,43.6200148333092,0.513174036440928,0.0662223700834549,1,1
-1.9736335130018e-08,-4.18038077089221e-08,7.28382954561497e-07,0.374158073572222,-0.0202468293487605,2.64454776364869e-10,-20.0073047527946,0.700573660350319,0,0,1
-1.94684418756035e-08,-2.17029247279736e-08,5.48908954995879e-07,0.213764750642513,0.0142419926030388,4.89100784853057e-10,-14.3729385725318,-6.48439099648209,0,0,1
3.29186869440521e-08,4.76846392090199e-09,4.19685632591303e-09,0.447182502837077,-0.0332112704991376,-2.01360176322756e-10,24.6408505730893,1.17046920802854,0.00244489267620786,1,1
4.65760439198322e-09,2.14449773331055e-08,1.23310320615035e-06,0.533517290430141,-0.113833364456265,-2.85553827357708e-09,-37.7391655603798,-3.62283133093366,0.000916432806140015,1,1
9.20909590968528e-08,-3.8091160472947e-08,-5.61812517877662e-07,0.402260564383491,-0.155026396284356,-5.89058453091619e-09,43.786969995521,-3.67488675656539,0.00496207506139661,1,1
8.59882815257073e-07,-1.25380730002483e-07,4.87301933448994e-07,1.24180312979807,-0.0812545959379257,-5.622011368354e-09,39.7114375878653,0.425330858670336,0.0375461055353324,1,1
3.00357582118417e-07,-1.49404965326723e-07,1.6045589769541e-07,0.992049807075992,0.0357774047641081,8.3165227244458e-09,45.9795258591384,1.67648968889673,0.0139647960787222,0,1
-4.56891025589893e-09,4.2938609355913e-08,5.4792220796722e-07,0.770086102392602,0.265978623937728,1.09654485943513e-08,22.041189703833,-3.64266067472266,0.000944309149352343,0,1
1.16018874870404e-07,2.81353645117288e-07,1.37647934581329e-07,0.36675521044786,0.413009380290198,7.17074515861612e-09,27.5882049359757,1.38481639917482,0.00568477916217333,0,1
-2.7267090676717e-09,4.82450635797031e-07,1.73258336813164e-07,0.324665812112191,0.397086001462729,4.06184188326236e-09,24.2738520975665,0.245084035977932,0.00101109399205095,0,1
2.00533687889775e-07,4.3173219489508e-07,-9.57094892505523e-07,-0.404922360152209,0.363592313038886,3.08266557610579e-09,49.5064478907961,1.06188801053294,0.00816765433389652,0,0
6.72319452475583e-07,3.45608006548652e-07,1.98052273320735e-08,-0.172732535581095,0.207599834664839,1.50847801738059e-09,4.34060225073731,0.868309222027895,0.0285953573287291,0,0
1.22168006238906e-06,2.53884311460361e-07,7.60317928696086e-07,0.0725827109622942,0.0587389161732524,7.17956193854946e-10,-29.1772112213891,1.16560313563599,0.0537105752457478,0,0
1.23881552169297e-06,7.4812885836182e-08,-2.89288577783628e-07,0.057446668638141,-0.0466817354310721,-2.70152140674771e-10,17.4010964053959,1.04541094504843,0.0572345519998266,1,0
8.5241862604456e-07,-1.25124474632534e-07,-7.19985305841904e-07,-0.18851300916346,-0.121021168537814,-1.02586705501255e-09,20.0326829063231,0.967609679135151,0.0418958031724494,1,0
2.62297554540519e-07,-3.06344584664556e-07,-2.02581395131047e-08,-0.342115315729141,-0.167506125311746,-1.52189525913496e-09,-27.6207151843006,1.48220172325954,0.013987814741232,1,0
3.19090458841427e-07,-2.73047868243815e-07,-8.90751698687803e-07,0.106201478037293,-0.182674485821222,-1.90025553431903e-09,42.5988488000617,2.07725238491212,0.017341712864346,1,0
1.60577691283558e-07,-2.08949051346568e-07,-1.92005415539036e-07,-0.0746242979191444,-0.183027957425331,-2.18449026257053e-09,-4.98506229789142,0.928265075980658,0.010176881851253,1,0
9.4927232627418e-07,-1.27441894635157e-07,-2.24039632094398e-07,0.765465404897467,-0.175465337261241,-2.33665931696013e-09,48.9703436385974,1.16046168380475,0.0521482711736021,1,0
3.32788562060736e-08,-1.15580308999613e-07,4.46148939390417e-07,-0.03340007585678,-0.155163490606846,-2.57911886647753e-09,-32.6857816918337,0.0384540619163798,0.00274677895406605,1,0
2.01594545548354e-07,-1.05566122620836e-07,-1.86971468825302e-07,0.314311265533352,-0.105566043331956,-2.22047290614987e-09,23.7763126684816,1.45490445039754,0.011498469099681,1,1
1.46892360302536e-07,-6.21685048199797e-08,-6.82242450673072e-07,0.247757469175458,-0.027344743120525,-5.7515502817715e-10,47.7708953924211,0.386072856763148,0.00855504976776157,1,1
7.6204033293474e-08,2.74969156859111e-09,-6.32663452088218e-08,0.251318407539588,0.0229848981452761,8.03641517776923e-10,17.390085335296,-4.49179478249973,0.00507448420625912,0,1
1.73819952352484e-08,7.91975611257169e-08,-3.98026555825736e-08,0.166166270389461,0.0569530138813008,1.37117575144359e-09,11.3139401452376,0.711548526854265,0.00175985411673314,0,1
-1.80149460847508e-08,1.47912718958632e-07,6.09277768564476e-07,0.00956734062722621,0.0149596406216804,7.75933797241292e-10,-33.2470036182949,1.02298932106182,1.94477212815992e-05,0,1
5.66413738455584e-07,8.33459460356381e-08,-5.63507850382114e-08,0.502020694785699,-0.0287193092529913,2.07516214784955e-10,25.2040137695189,0.920923132043821,0.0307195260254859,0,0
6.49678765703249e-07,2.45053602320701e-09,-1.12986542500355e-07,0.516513303033081,-0.0234306232492925,1.18786825659716e-10,30.0881233040358,2.21610951079952,0.0351231169648138,0,0
-1.82635176364296e-08,-5.52719747901794e-08,2.83906893480731e-07,-0.21340257722215,0.00598674187836507,4.96560113796408e-10,-23.7345344157102,0.409948654906678,4.05706648368302e-05,0,0
1.21512911516195e-07,-1.64604845581481e-08,-5.83943611675184e-07,-0.0154096727732134,0.0386458079496525,9.91062378334385e-10,34.0358535722816,1.43906543518825,0.00766627645994708,0,0
6.33337760605949e-07,3.32106710916466e-08,1.30902036908488e-06,0.443948646429367,0.0469241213013817,1.1284093944504e-09,-38.2326280752617,0.731078779842033,0.0347453836492973,0,0
2.5108149044588e-07,6.73944775644979e-08,-3.34445264678864e-07,0.0880430708709194,-0.0106661385312124,7.80103286471349e-11,21.269125113829,1.02716698052248,0.0147350672220997,0,0
-1.88868883620856e-08,3.76188537714694e-08,2.90794950405896e-08,-0.273662688327806,-0.0532664618813039,-8.52406580303134e-10,-22.1892179729939,3.86011139643187,0,1,0
3.23499282561214e-07,-9.18685940631387e-10,-2.47943940818012e-07,0.154286140516189,-0.0712256366744898,-8.89781070469253e-10,13.4259930043692,1.12682248044917,0.0190339524728335,1,0
7.88237255277682e-07,-4.81602262476796e-08,7.68503985884109e-07,0.705477237478588,-0.0696110398663077,-4.75368832448162e-10,-11.5112762077143,1.78101635045966,0.0455070368850315,1,0
1.15887284190111e-06,-5.24915755270117e-08,7.73920735010813e-07,1.13225796832429,-0.0360128269645145,-3.0984007259619e-11,10.2690204093667,1.17902791702513,0.0671722893538073,0,0
-2.04081112577925e-08,-7.20082800273073e-08,3.51806701022134e-07,-0.24285877645204,-0.0318911014047097,2.0371661500697e-10,-28.6304742511209,-0.132492440356869,0,0,0
-2.0541652066851e-08,-8.89311238036948e-08,5.92595214934966e-07,-0.192636737179588,-0.0433172098292547,8.06268736690794e-12,-36.8167715946773,-0.205774535933115,0,1,1
4.8448110920818e-08,-8.20218841297523e-08,-6.51013858132264e-07,0.00781988450933489,-0.0401382159237389,-2.42925626000289e-10,39.0146844053017,0.369822034765563,0.00376175608912021,1,1
5.77862122154761e-07,-4.50042297269095e-08,3.57079573121519e-07,0.547581695782168,-0.0446445265476963,-8.66567803737301e-11,20.4717840746808,0.805198554207046,0.0343996140823229,1,1
9.05970776879614e-07,-4.47928896092429e-08,8.47396013156989e-07,0.845323390606345,-0.0268851406634704,-2.19873656967644e-10,14.8321180747328,1.06233157922859,0.052826141110748,1,1
-2.02107347837423e-08,3.46755542755061e-08,6.87996086063842e-07,0.114991321732245,-0.0230604644088814,2.04766228838132e-11,-32.2206847118496,4.03607982116759,0,0,1
2.58825743693364e-09,1.32327627765292e-07,-5.64276906006491e-07,-0.212643914754176,0.0153034131546919,3.7964997680491e-10,9.50102605192904,4.60687194916622,0.00125624691777093,0,1
-2.0206867525058e-08,2.39727404969635e-07,3.81096280526577e-07,-0.110303463999472,0.0052230698116214,7.05296198780736e-10,-34.4476045984063,1.55677345766081,0,0,0
2.67862962693846e-07,1.75157952086816e-07,-1.94018288006937e-07,0.199253833378968,0.0469857398068682,4.0835127877054e-10,11.9867862766155,0.481925900666654,0.0157910050858327,0,0
5.52416461806376e-07,1.00090629276636e-07,-5.47311537033261e-07,0.417517904910988,0.00393626894595943,3.63371911599918e-11,36.9294942781666,0.0685678001305162,0.0320924680139843,0,0
1.10895112061337e-06,4.04010076345704e-08,7.89751388919496e-07,1.0605975413248,-0.155844976206798,-7.63106151894817e-10,-13.5812162456019,1.22089591840747,0.0653639362846429,1,0
-2.21914066697999e-08,-2.48335822396312e-08,1.23479854125781e-07,-0.795700844087516,-0.245757430274728,-1.52507157619515e-09,-37.7531339245746,0.934521466421643,1.2637373439286e-05,1,0
8.57935269800385e-08,-1.10115246128449e-07,-6.0249100565321e-07,-0.506540895965623,-0.125339090695513,-1.22851368241821e-09,12.324548018714,1.15131551750239,0.00659347672527429,1,0
2.40685592604868e-07,-1.40529560250284e-07,-3.32736182520221e-07,-0.202686859597615,0.00581897491282006,4.01543414759642e-10,11.8057971837934,0.823186017589295,0.0164680179263324,0,0
-1.64845307019862e-08,-5.57236196330383e-08,3.19139800131025e-07,-0.428280230606641,0.117433710127677,1.97132894022348e-09,-28.0642420450903,0.830113738206286,0.000143322999256879,0,0
1.4052676965789e-08,5.96849272443856e-08,-9.72666643538994e-07,-0.403959406280909,0.204578576001631,1.99275238538284e-09,42.1542366985567,0.943651354118061,0.0013013391061253,0,0
5.15400579949147e-07,1.56761455202008e-07,-5.39243095113812e-07,0.148646380369331,0.124653974832672,1.00793832541402e-09,39.2916010176767,0.956441327759471,0.0357813787398517,0,0
8.21463908719268e-07,1.31300688759068e-07,-6.27926193449003e-07,0.417066610104472,-0.0150296701535376,7.58327969790304e-11,50,0.928851099731279,0.0583312929241,0,0
1.87035012980725e-07,4.82432296698953e-08,-1.93152250742465e-07,-0.427526164578539,-0.0958625175228964,-7.01480415992838e-10,-12.0408188571511,0.951542134139932,0.0149407521182193,1,0
6.36534997197925e-08,9.08062688752749e-10,-5.57065510847778e-07,-0.562741867350274,-0.129556442871159,-1.29073897747314e-09,-2.44052431465414,0.966818633467697,0.00630252509290638,1,0
9.88398324939948e-07,-1.0089464808153e-07,1.40738596888246e-07,0.728448616071574,-0.169558300734879,-1.27416641183834e-09,7.72306372194982,0.269857940645267,0.0781524030820816,1,0
8.15506751540966e-09,-1.96199617544599e-07,-7.10530966443391e-07,-0.49056804472073,-0.169645246767222,-1.42036494523407e-09,16.2469152568112,1.01228467492767,0.00228307006820664,1,0
6.66358701620191e-08,-3.48988196630686e-07,-6.52020664121432e-07,-0.688324129006596,-0.129459614001675,-1.07261616339226e-09,15.3538661700671,-0.124844101815813,0.00716762454546175,1,0
-2.18170015725338e-08,-6.00546781947604e-07,2.19578801940058e-07,-0.417020413476168,-0.0346914705487932,-4.28958741648532e-10,-12.15602242028,0.154841114079964,0,1,1
-2.05351302718181e-08,-7.55663556712222e-07,5.50307470995857e-07,-0.175630956775264,-0.0341019174925917,-4.85755326004082e-10,-12.5966126289279,-0.143104519928707,0,1,1
-2.26420109193093e-08,-8.23192442222417e-07,1.00267148146293e-06,0.0667485578561687,-0.0434067237921934,-1.22192514649609e-09,-9.7166679459803,-0.405981520034046,0,1,1
-2.46189962924522e-08,-7.16303891446518e-07,2.04948181393021e-06,0.134365942369478,-0.0373193841273891,-1.63112980323742e-09,-49.9469488546283,-1.41939462758151,0,1,1
-1.40858392188485e-08,-5.66956974289341e-07,1.01404245570891e-06,0.110900511010928,-0.0176625160689523,-9.83120564422289e-10,4.99227546880787,-3.46108866068126,0.000391411904531642,1,1
-2.64510580004102e-08,-4.73239398765277e-07,2.05785570038168e-06,0.504356257077977,0.00264773710085081,4.92350120001619e-10,49.949127246886,-1.70718593338002,0,0,1
-2.43660898639009e-08,-3.72815881939839e-07,4.11149783852344e-06,0.529119486223043,0.0101970642658534,1.88508993876121e-09,-35.4978252028667,-2.8431653347888,0,0,1
-2.35278183615562e-08,-1.19229928078266e-07,4.97868237543136e-06,0.717043954841193,0.0125573236174006,2.00679156811828e-09,-17.2459500377852,-3.11521895241718,0,0,1
-1.87041014387691e-08,3.2534352466583e-08,5.10159960402648e-06,0.79913719307581,0.00460608437077143,1.12701256619107e-09,3.2525364235672,1.30741265754059,0,0,1
-9.20226836106503e-09,-7.9242803245103e-08,5.05868446344107e-06,0.808484704477164,-0.000262031914505082,3.10582444265868e-10,6.32999396743073,0.873974141688656,0.000215554777784332,0,1
1.7105454864615e-07,-2.09276039463918e-07,6.10850981604408e-06,0.849936182674141,0.000534666538768163,6.21375188964537e-10,-33.1112589751202,0.689260691135456,0.00424281497827702,0,1
2.26079166257576e-07,-2.38121602010815e-07,6.51628127212916e-06,0.834123032514533,0.0125163018020236,1.45400551105206e-09,-50,-0.516160326741237,0.00496051819110137,0,1
4.18383971993954e-08,-3.44848033668469e-08,6.75459423348945e-06,0.859524485512679,0.0234686313547275,2.95727607147421e-09,-40.7470176389943,0.266965219631247,0.0014399515123193,0,1
1.38855119148419e-07,1.91180165429519e-07,6.00977830622182e-06,0.802073281618333,0.0454453430179389,3.36899679863292e-09,-6.7665118920323,2.28382602971915,0.00246407149030871,0,1
-2.98534115773782e-08,4.10766897158594e-07,6.40881111109311e-06,0.757955487521638,0.0415416340505895,3.15338986809734e-09,-38.3358111990791,1.10225190427697,4.68337737917998e-05,0,1
-4.75795528999608e-08,4.5531071179577e-07,6.06994692756824e-06,0.758252246232399,0.036645073771337,2.840281658158e-09,-23.322104965886,0.137884122660727,0,0,1
-2.23606310740986e-08,4.84543643380121e-07,4.90957168353022e-06,0.558426030999902,0.048979990421274,2.293136063723e-09,-43.265949518187,2.29404929091523,0,0,1
-9.15233554422839e-08,6.3408479489482e-07,-4.81511923356693e-06,-0.631212929457211,0.0535663618820333,9.10823016351054e-10,24.1392882482926,14.1476776302999,0.000191976288830722,0,1
-2.21882992395569e-08,5.47536312628517e-07,2.22188513722846e-06,0.293754049598871,0.0479841126351602,1.6214803274834e-09,-37.1906116864522,4.22817184485254,0,0,1
-2.69507243979325e-08,8.35320456303212e-07,2.45860898906378e-07,-0.028640404041667,0.0297938421806222,8.83225419283282e-10,-45.9031325560651,4.67390971027775,0.000128526026081479,0,1
-2.01201556345596e-08,8.10255221910714e-07,1.747186148563e-06,0.262631854130577,0.0139948042680605,5.11048438872045e-10,-48.1605996117116,1.94129995406882,0,0,1
7.12546592426831e-08,6.52046757984903e-07,6.75237793927318e-07,0.299876355240244,-0.00681245075321426,2.6273764284687e-11,12.0981841407132,0.971952040288176,0.000987864659071189,0,1
2.91394457113968e-07,4.53896369453304e-07,8.08338834974059e-08,0.166212436623743,0.00391221910096842,1.16739718459507e-10,15.8841167926551,1.42314238275921,0.00336947867842265,0,1
2.0795847826052e-07,3.10956056292436e-07,3.53371371922113e-09,0.0486293196254237,0.0444441980111514,8.2546855413381e-10,2.2563889778579,1.39098051695409,0.00248835301348184,0,0
8.11811930509909e-07,3.44957333302678e-07,-9.92080535236286e-08,0.208955320695205,0.0838010248801811,1.53744733563043e-09,41.9557200668607,0.279378906827632,0.00911048698398189,0,0
1.40018356356847e-06,5.2498007681798e-07,7.91437774716201e-07,0.210443490128179,0.142901920134389,2.06158944674107e-09,4.6386684067358,0.622982055200054,0.0154267471817746,0,0
2.82409936377739e-06,6.59402173737742e-07,2.66901741636556e-06,0.461200324649733,0.174566191507005,1.83915267830646e-09,-46.3906824040372,0.74187078858214,0.0312209873421894,0,0
-2.43160731033171e-08,6.00485611634515e-07,-2.81113611887209e-06,-0.772416435824127,0.140082912700269,1.51108947090957e-09,50,0.966015600306913,5.52610042489597e-05,0,0
3.65079835751411e-06,5.65004487957578e-07,7.81413299911864e-07,0.355461721944671,0.12426159317077,1.05007777012732e-09,35.0438391477346,0.613945737720758,0.0425625632279884,0,0
2.21190489827315e-06,4.54715161037641e-07,-1.57662298910288e-06,-0.412106093618988,0.0639496942062985,6.11383877167552e-10,26.1910683850566,1.61472438744925,0.0269127801300415,0,0
1.52480063243874e-07,3.49834372141351e-07,-2.71357420056315e-06,-1.10358678155933,0.0289657087588394,2.2521358472118e-10,-28.1410235419131,0.918503569880515,0.00211938467759705,0,0
2.22931815687161e-06,2.48222067596858e-07,-1.64865902341126e-06,-0.479840693700922,0.0130755650666462,1.22224396105141e-10,10.2023325176541,0.871040441100524,0.0294355436299915,0,0
7.6928644934493e-07,1.59428745525671e-07,-2.61189344175257e-06,-0.739838630378899,-0.0012210873774086,3.49331285237992e-11,27.3176657110727,-5.14179869965211,0.0109190107214087,0,0
3.8618108621899e-07,1.2188216248137e-07,-1.8328801285126e-06,-0.985383145515005,0.0234864226626826,1.78135651111756e-12,-37.9906904519011,-6.32904392226045,0.00582776683597874,0,0
2.80003529596799e-07,1.35313381727333e-07,-2.97044205601466e-06,-1.37664216666687,-0.0441766794731947,-2.91659269986438e-10,-34.6546058362901,0.488277264509084,0.00459906226142292,1,0
8.56804347619392e-07,1.07348196707806e-07,-4.42149434798355e-06,-1.22347004537702,-0.184260452206097,-1.06537577372738e-09,47.1221986963728,2.37866245046176,0.0143432895884899,1,0
1.37802359530795e-07,-1.34703167558057e-07,-4.9213802740536e-06,-1.40658757506497,-0.201698060644274,-2.00130556157839e-09,50,1.78708391957345,0.00179322602520519,1,0
2.68360942050914e-07,-4.74716108716973e-07,-4.02200777249025e-06,-1.34136652119102,-0.262027969670643,-2.47778184619667e-09,13.3721452407252,0.565663198263431,0.00484263425939668,1,0
7.41848031251094e-07,-7.64890617047873e-07,-1.67179024769099e-06,-0.0738943210462365,-0.238990380508114,-1.84276485176024e-09,44.698802733474,2.98717331018222,0.0142490657634211,1,0
-1.18017653719773e-08,-5.12683056192188e-07,-1.66111963985207e-06,-0.383798324420338,-0.177423629321336,-1.39944593312475e-09,21.4628028186531,3.00353071627284,0.000280679803903734,1,0
2.21318790651552e-06,-1.64061521880457e-07,5.70214154841541e-07,0.299912128729765,-0.0739617952448581,-8.37057422334796e-10,-13.1301513658705,0.139057028601495,0.0468150307119377,1,0
5.59639915592121e-08,9.51266537421956e-08,-9.47201180211818e-07,-0.738258873994815,-0.0774791642033626,-5.57746006069859e-10,-29.0941711914585,0.202424171827895,0.00145559897878519,1,0
9.84716013555791e-07,3.47574317289834e-08,-1.5527691074447e-06,-0.295570331227067,-0.0847112683602129,-6.75034525684204e-10,45.0776887160859,-0.0108367224370783,0.0227123355994716,1,0
7.99025682875832e-08,-4.32226227351121e-08,-1.85415965531565e-06,-0.793559455652932,-0.0844332070372369,-7.7279394540204e-10,11.1060665429205,0.6380339339651,0.00205974528898294,1,0
4.00812073068521e-08,-1.18959463976013e-07,-2.40823099040435e-06,-0.714332058328765,-0.115771075470805,-9.97378810467157e-10,41.7624621659613,1.14810665574863,0.00135429374831587,1,0
5.96832286018153e-07,-9.19840388830358e-08,-5.26246800629093e-07,-0.343901759860791,-0.125984749307506,-1.36794556685318e-09,-21.560933056994,1.12529368714777,0.0153526699620089,1,0
2.21335053217948e-07,-3.84437800625219e-08,-7.62644952508177e-07,-0.540079635502734,-0.141286804032197,-1.83907296698458e-09,-25.9070711429808,0.767590413471361,0.00565808831592511,1,0
1.14895610706739e-06,-5.36112487488542e-09,-8.9622940939215e-07,0.0740127783465928,-0.198058503819799,-2.48014371778512e-09,31.7868390826906,-5.79219443211994,0.0299664314628505,1,0
2.71070947964496e-09,-2.03564965361671e-07,-1.87577214237217e-06,-0.587417749438013,-0.182356446870803,-2.55731080944161e-09,35.2058457258937,1.0638703848041,0,1,0
1.49896067765856e-07,-3.65494821500158e-07,-1.5610219083476e-06,-0.30718268297947,-0.169478853097795,-2.87055753180955e-09,44.5522142930409,1.08328103693805,0.00419999378218456,1,0
1.09568521334266e-08,-4.39124670812321e-07,-9.26945126176808e-07,-0.322030053330139,-0.0930435659276291,-1.68620944814006e-09,17.4869775793847,0.526616445311291,0.000608492465328132,1,0
-7.52235629760999e-09,-2.64302573338733e-07,-2.34770474643573e-07,-0.499065173346379,-0.0184257843370586,4.18729575562449e-10,-27.3976435435283,-1.94185200492113,0.000705243672062632,0,1
-2.83743446439932e-08,3.45343597566533e-08,1.11912186904872e-06,-0.036252088970227,0.101006543520692,2.44787918357678e-09,-49.8736537547369,1.7232661527352,1.20390684200055e-05,0,1
-2.18035518860065e-08,2.70816679121431e-07,6.18645291125326e-07,-0.189060850997273,0.207664439421465,3.56955777988202e-09,-30.524865852586,1.27368837681681,0,0,1
-1.05266731079333e-08,3.14359478658618e-07,-1.0958306310644e-06,-0.765817503871963,0.254870608718879,3.097583419823e-09,10.6851586405928,3.25879106759165,0,0,0
-5.53231133158125e-09,3.94186398494537e-07,-1.53073568534725e-07,-0.767255532858462,0.23009639102548,2.13862148155138e-09,-40.2631606276381,1.86987611974987,5.0415401020576e-17,0,0
9.38100718299684e-07,3.75896331896985e-07,-1.1893079084575e-06,-0.250515111582279,0.0712006343269687,4.19239547102784e-10,43.786663613078,1.50130250820965,0.0286381523786458,0,0
7.72932478902417e-07,9.11020102877936e-08,-1.76973289483603e-07,-0.304765906816449,-0.122963242935516,-8.79720674135428e-10,-26.8861697935567,1.29788659977656,0.0251469323185997,1,0
4.46364106224034e-08,-2.5096619978801e-07,-1.02674409878343e-06,-0.631641926619587,-0.223325226735336,-1.63739829325829e-09,-14.7850473951396,1.12663004246144,0.00238750761218048,1,0
8.34297179778604e-09,-5.28183293650814e-07,-4.1937856569749e-07,-0.451025472586571,-0.18816286372547,-1.78104956950741e-09,-28.2906535125265,0.985005051660481,0.000917617623009613,1,0
-1.02025214895474e-08,-3.82278127789714e-07,-8.32932045501766e-07,-0.145229424050375,-0.106328462747565,-1.54378152800023e-09,24.7240589168586,1.28699447050929,0.000203644887510323,1,0
6.809142104534e-08,-1.31202638458798e-07,8.5734308569155e-08,-0.0614077876451349,-0.0681532907131675,-8.13381826327859e-10,-12.7354009344663,0.59553764716008,0.00321898195388905,1,0
7.69335749267456e-07,5.73839245964225e-08,5.04545212727594e-07,0.377550972355436,-0.027963105991362,-8.86490988805861e-11,6.77615737953558,1.18117514152967,0.0273784916969798,1,0
4.27152778946693e-07,8.69607190374747e-08,-3.10573752388815e-07,0.160140917419592,-0.0118607670187337,2.41711175921348e-11,28.9425094136737,0.68701614386985,0.0155844512066376,1,0
-1.91804502924523e-08,8.93809761716079e-08,4.58262062531992e-07,-0.185516424052632,-0.0393675107536951,-2.28864608704445e-10,-45.0906476796082,1.69646577053819,4.37195527308172e-05,1,0
2.21011728686462e-07,5.5205747873065e-08,2.13209375189177e-07,-0.0263681873976786,-0.0707728283244976,-9.88431011387771e-10,-21.4977271926723,0.861552760126266,0.0083325491814059,1,0
-1.70497872194785e-08,-4.33227411981451e-08,-8.65206921920103e-08,-0.150193138886191,-0.102831799017803,-1.5700655899838e-09,-18.5074817083243,1.54255296146973,0,1,0
-2.22614686006259e-08,-1.79402369185308e-07,-1.21219655849854e-06,-0.533326716608547,-0.0912830113654528,-1.44660826572389e-09,9.97140619641738,-2.86029612156226,9.39248216750729e-05,1,0
-2.34478876471947e-08,-2.54265358306988e-07,1.71203608329756e-07,-0.370286096981056,-0.0220972094479735,-1.09352347163198e-10,-39.1576558042169,-1.24280714702395,0,1,1
8.10740512865052e-09,-2.06687861641989e-07,-1.21377707208054e-06,-0.654716221432424,0.0628153490663712,1.07209619407588e-09,13.5548177845434,-5.24691267828216,0.00106044251517865,0,1
6.49830901934644e-08,-4.15832680849068e-08,-1.25651359018373e-07,0.138963315253565,0.0480338835145521,1.18206974835353e-09,31.8519696737596,0.316221053745656,0.00300580763383132,0,1
1.62835211733046e-06,5.17116895472021e-08,1.15205107675728e-06,0.956605125855139,-0.00840983841248898,1.44809864909822e-10,45.9460669080608,0.79707477858219,0.0588245829671143,0,1
-1.36321745268389e-08,2.53433373717856e-09,3.29055436399021e-07,0.182202658544042,-0.0607639868113339,-9.40912143480925e-10,-1.6751844750433,0.100931975539643,0.000433296821835961,1,1
-1.87900665507949e-08,-4.30954642576096e-08,1.03323219884779e-06,0.201360801188338,-0.071317707037268,-1.29527501571922e-09,-38.7560255659215,0.956481398360435,0,1,1
1.82156549365159e-06,-1.08383719488581e-07,1.83146766621616e-06,1.08915427739781,-0.0360476702895746,-4.16713728822357e-10,20.752454621816,1.04098267673154,0.06298275141544,1,1
4.37495426663504e-07,-1.00546961053254e-07,1.55012046854586e-07,0.472879125530556,0.00171169701545004,2.94923273976761e-10,43.0097263390491,1.00234598121495,0.0156328145252937,0,1
7.35957801188954e-08,-8.61067063991891e-08,3.43660134811844e-07,0.311713531521593,0.016871437878884,6.42588226999092e-10,18.3232178131722,0.516763414217985,0.0032260154802482,0,1
-4.5768110666399e-09,-8.42086917229472e-08,7.36171913601507e-08,0.298485554915035,0.00709179144359393,2.1686361984587e-10,31.6062781633315,0.171943054424895,0.000431572801493917,0,1
-1.56170828163237e-08,-4.10734566787546e-08,1.55552784201579e-06,0.352410699054301,-0.0246569643313453,-2.78635130419157e-10,-40.0757863627348,0.659072291112691,0.000111643600961671,1,1
1.90376221543085e-08,-1.1327772188394e-08,6.96285157822625e-07,0.381083501003482,-0.0203136036000301,-2.3823141760045e-10,8.24025847996375,1.08701228398791,0.00118768141861528,1,1
-1.02979030854013e-08,2.15702529039506e-08,1.32921231064364e-07,0.355517130204675,-0.000753524969916077,3.26640346371945e-10,35.0302305229161,1.52204516690943,0.000237315553347784,0,1
2.15758832616077e-08,6.47749275697792e-08,-2.8994608798016e-08,0.355227927419345,0.0352991951533957,9.59129026934177e-10,45.4938397801716,0.725965511655211,0.000935162405414661,0,1
-1.86253782747001e-08,1.23904246128931e-07,9.42366681067706e-07,0.263262833980592,0.0369315367481978,1.18187409958588e-09,-15.1243497277673,1.33650234386006,0,0,1
-1.47807113075813e-08,1.58569812723809e-07,1.28243432523302e-06,0.155969664630879,0.0353551665025096,1.03414712430258e-09,-42.9206507788188,1.7767804436002,0,0,1
-2.2409641446293e-08,7.27824648836721e-08,6.90250495384093e-08,0.168176061896166,0.022779321729106,6.23324289716252e-10,21.6391555057207,0.605621370078239,0,0,1
1.04395048863948e-06,-1.12456977318062e-08,8.13150034476951e-07,0.606547125114033,0.00216898656689658,2.05720173448359e-10,34.5056248249721,1.28234941540293,0.0293963942492441,0,1
1.01289731571053e-06,-9.57917146532395e-08,9.28232430155075e-07,0.626972017265081,-0.0169131273567975,-1.65369553319842e-10,28.4326397105077,1.03734088711583,0.0282241927127136,1,1
1.36628147236465e-07,-6.98564656808873e-08,-2.55611281228323e-10,0.287966533814775,-0.0255231278675166,-2.6520115898143e-10,32.613847979201,0.415850829918754,0.00426267954466881,1,1
-2.31661883230826e-08,-2.4616690867708e-08,4.09122346752396e-08,0.242164062958131,-0.00845556007644139,5.34140714497299e-11,29.0429718694814,0.72909714043773,6.8382474162354e-18,0,1
-3.40314216262899e-08,3.6314747142341e-08,1.91692153652769e-07,-0.0667139322231581,0.0273352239679305,8.40870442065423e-10,-7.72837115897432,19.7345085092462,0,0,1
-3.40817496062317e-08,-2.39237573604486e-08,1.27194908643046e-06,0.162753903782399,0.0344206696648428,1.32256836761806e-09,-25.5365419824523,-0.035427847435167,0,0,1
-2.18070687246704e-08,-3.13799666492207e-08,6.05797020043997e-07,0.16968605263696,0.0236646265766199,8.85248231558367e-10,12.9428978608366,1.03514827887489,0,0,1
2.18458706732343e-08,-9.8729230474753e-08,2.57045406573764e-08,0.22046507614855,-0.0187509448649352,-1.85752080139692e-10,46.7323791585002,0.913602326832186,0.00108075647841869,1,1
1.91686295128444e-08,-3.37150871810523e-07,3.66127937751255e-07,0.10494068039366,-0.0612864140050007,-1.07546522512568e-09,3.79821024080844,-0.980969755889334,0.000942962288154619,1,1
1.83019696252492e-06,-6.06718050109179e-07,7.41793921892078e-07,-0.0488994981236094,-0.0437864566586304,-1.30657952935693e-09,-37.1897419246221,-4.67612357973159,0.044337668739618,1,1
-4.33478529184143e-08,-7.39199316485629e-07,9.93655542752221e-07,-0.0538789556715508,-0.0334034832319412,-4.29198016030659e-10,-41.2383310001526,-2.05521388709665,0.000390429268845592,1,1
2.33370666377535e-07,-6.98345021733149e-07,-2.57531523693434e-07,-0.274501252385503,0.0152198203107291,1.42672321377088e-10,-19.0489998034165,-4.99499822673464,0.00552665948480815,0,1
-4.20066681466016e-08,-2.59585401444145e-07,2.29184966605515e-06,0.30228848730017,0.0225584358677335,2.19275344538145e-09,4.39526865502367,-4.620553046889,0,0,1
-2.97973298988531e-08,-1.64191343888758e-07,3.36877602589621e-06,0.589570411553573,0.0257102077158886,1.51291881006906e-09,36.212232042001,0.715195797315212,0,0,1
-2.73274221855403e-08,-1.02177999445112e-07,5.35569345514001e-06,0.654457574762232,0.0168483904460516,9.97162996004345e-10,-50,2.71120876370141,0,0,1
-2.35649535217589e-08,-5.90773735275076e-09,3.66706195151432e-06,0.640809858755891,0.00433809268526794,4.69997798261665e-10,29.1555201330112,0.682442815519101,0,0,1
-6.18926303558072e-08,8.12315927642997e-08,2.18535053470429e-06,0.457255351308441,-0.0151542974230109,-1.71994063973776e-10,46.369275466518,14.8501158892472,0,1,1
-3.22081398520967e-08,-2.61062068681478e-07,2.64027434933064e-06,0.270216243278944,-0.0165663197168773,-7.08186223423742e-10,-27.5730391194465,-7.91184328823189,0,1,1
7.77315245889974e-10,-4.24671202636305e-07,3.33529459058744e-06,0.494676302880275,-0.00276967153765294,-2.83456729652628e-11,38.6244783425372,-1.08324006086955,0.000178853460304704,1,1
5.39950829336434e-08,-9.1416156338063e-07,-2.21955214069929e-08,-0.0293191657014006,0.0675365456534627,8.59709265558973e-10,43.8319154514364,-4.58583800090214,0,0,1
-1.88407519129741e-09,-4.84565750546292e-07,4.39869613547217e-06,0.35052695115019,0.0304144013487174,1.92016591901809e-09,-27.009769742497,-4.30216354664171,0.000267920630708672,0,1
-3.36814412949937e-08,-7.00796309775028e-08,5.35571758136772e-06,0.582428918089518,0.0335627428145777,2.07028018685656e-09,36.2352421050405,-8.61576300357454,0,0,1
-1.70673518003251e-10,1.35210956760867e-07,6.53855143075906e-06,0.748048179616733,0.0252281120055423,1.46846482515026e-09,48.8758014747905,-5.04180093072318,0,0,1
-3.85795833187855e-08,2.95816372017998e-07,3.80362526822735e-06,0.413634158735529,0.0162053976072685,9.59210486888759e-10,11.4602354112358,8.75255551528912,0,0,1
-1.01162921340537e-08,4.15019694384742e-07,4.83376551610271e-06,0.596334570234883,0.012881748811553,7.04202278118671e-10,41.3823141698,1.77525096851621,0,0,1
1.08222862307963e-09,5.7204618362784e-07,4.39227517728813e-06,0.357998597070918,0.013413108603297,6.06586220402128e-10,-41.4930465056532,4.51960050421416,0.000188796866238372,0,1
-6.80791654321489e-09,1.82291328279161e-07,2.89391063491375e-06,0.26972160984956,0.0224502799918032,5.24465655436352e-10,12.7754718112477,13.8350613232778,0,0,1
-1.17269711327729e-07,-4.71662203116876e-07,4.92166096360471e-07,0.0919750223778875,-0.00230766195453428,8.44216164438007e-10,49.8379496041715,-7.9875373454055,0,0,1
-3.41601116875798e-08,-6.49612366436529e-07,2.27523450520135e-06,0.231067888569648,0.0112546573981021,6.15487701360189e-10,42.9395658987149,-4.13884306705702,0,0,1
-2.81223202470788e-08,-4.69091191482947e-07,4.90170869051817e-06,0.463315781561341,0.0137036648001718,5.99224370630074e-10,49.4792124317161,-1.76948897827045,0,0,1
-3.44944166447452e-08,1.67071931300305e-07,4.89922879107335e-06,0.316437704099544,0.0296478131007758,1.04433572993674e-09,-19.1466675956418,18.6258434116971,0,0,1
-3.5900998778282e-08,4.39716889277395e-07,6.95616246862716e-06,0.424364125524527,0.0555464585958009,2.3754568149368e-09,-37.9006626948795,3.59955611553042,0,0,1
8.52734591149158e-08,4.75036346232668e-07,5.03409665218509e-06,0.375505948445665,0.0733251612488546,2.60226113474373e-09,47.5451765026321,3.50238773294164,0.000664798603840364,0,1
-2.81191181401461e-08,4.3990797291441e-07,3.48823610716843e-06,0.248151312778236,0.0630549001566218,2.10868816531946e-09,49.9999728504012,6.01846171445359,0,0,1
-7.2161688186576e-09,2.45264150774831e-07,5.29992103092872e-06,0.383062577146818,0.0386187971937495,1.08741486135473e-09,48.868863281556,1.52805336436043,0,0,1
-6.87710818072339e-08,-3.16148887960265e-07,-3.1457445994617e-07,-0.0922990389885097,-0.0075812608891326,1.04371364555861e-10,-12.8781742385449,-20.7106409172726,0,0,1
-8.45640320786398e-08,-8.49890964296941e-07,2.51052034255401e-06,0.102378136062517,-0.0180472612137836,-2.37433294774002e-10,-14.9662573341008,-4.52166354533311,0,1,1
-1.44122782923764e-08,-1.13837108493726e-06,6.80683937373956e-07,-0.0343288672878176,-0.00490364315395761,-2.0255884497229e-10,-16.4801969697943,-5.89809150113969,6.65959597354401e-05,1,1
-1.26601100658355e-08,-1.04886853963928e-06,2.21201156819644e-06,0.126358742237462,0.00304812443046273,7.31142287947197e-11,49.996836324075,-5.04341539740225,0,0,1
-2.55515597493187e-08,-6.09901365948315e-07,9.40228939886626e-06,0.459284062753427,0.0019494643967714,8.999103869033e-11,-12.1952411850265,-1.11200110254064,0,0,1
2.80688960225505e-07,-3.95529866921941e-07,1.1042359913451e-05,0.500110553656841,-0.0019408938600701,-1.37770735024717e-10,-50,-2.28352967639851,0.00147751331162481,1,1
-2.0123414667704e-08,-2.64495047558299e-07,1.15754698171219e-05,0.546800126431992,-0.00116732087864982,-7.48086586874609e-11,-26.5001158908002,-0.428706100121863,0,1,1
9.12856126057003e-07,-2.38102596503866e-07,1.2463151910503e-05,0.611980687699537,0.00969143486898317,4.47538701290147e-10,2.99432234974167,0.197754056789135,0.00405110927163453,0,1
2.69711942068934e-06,-1.26901918274121e-07,1.52364408582345e-05,0.711000388530271,0.02961395117557,1.27170208253995e-09,-27.3315659657733,0.488624652970858,0.011260739732503,0,1
1.12712865114345e-06,4.09127751440344e-07,1.18913339455855e-05,0.608991967762317,0.047107085945065,2.01395940497664e-09,46.1176452980076,1.67946414686136,0.00460333753303814,0,1
-4.1482595131696e-08,1.03159743160062e-06,1.19666077076149e-05,0.612575265097361,0.0509518046892291,1.84569527416695e-09,44.9244816426814,-0.750224026945646,0,0,1
-4.07132857639278e-08,1.58323086509727e-06,5.29985541361911e-06,0.248396993818778,0.0299638661718282,1.04292130256099e-09,9.18388657577408,3.54732717202823,0,0,1
-3.35173058731121e-08,9.88776236386496e-07,8.12121020597654e-06,0.351783340943465,0.00695656709824783,3.3743490087763e-10,-40.3988577106837,1.79513317506348,0,0,1
-1.9572924500768e-08,9.1192903864449e-08,7.65283019152508e-06,0.360756095528935,-0.00252957109249517,-8.0624640895289e-12,-6.26967573604899,1.76625127496249,2.48477262974975e-06,1,1
2.60328950623689e-08,-6.02984498219978e-07,6.52364550017843e-06,0.350595427843674,-0.000677153047614347,2.82158168739104e-11,46.1196261421341,0.107883860530773,0.000154098733871573,0,1
-2.99573536581861e-08,-3.3021350646823e-07,8.16759420307453e-06,0.381816245328161,0.00818404682719763,2.78294335290221e-10,-0.745690409635381,0.203744175326219,0,0,1
-2.79155378293033e-08,1.76714408923894e-07,9.06004864590569e-06,0.387847227467117,0.0206886939914437,5.94711596716477e-10,-38.8478879953698,2.12315151248214,0,0,1
-3.57068393335433e-08,6.16190575415331e-07,6.9205151130395e-06,0.369796989779412,0.0334523665295075,1.031833391838e-09,46.5961658876408,1.33935910611157,0,0,1
-9.32209572275658e-08,7.84547609173461e-07,5.98937761282553e-06,0.335711299812605,0.0356449853148895,1.22000609661187e-09,41.2689559222877,1.38814918638444,0,0,1
-1.41160475423949e-08,1.02722544738001e-06,-1.31508226566697e-06,-0.0263232758378535,0.0458452316946646,1.23205746833349e-09,50,7.26506110519982,0,0,1
-6.94109422962733e-09,1.25311927232487e-06,3.19476387198319e-06,0.213399494825149,0.0415908579344068,8.89020526427207e-10,40.7409135405791,1.66095929597004,0,0,1
-1.85218081197456e-08,1.42836578082694e-06,5.58217951776055e-06,0.283417879047952,0.0219580069745939,5.12437580633203e-10,-32.0485147149871,-0.185189077697373,0,0,1
2.95849254299035e-06,1.68276843481813e-06,6.66530123031988e-06,0.344692634400004,-0.00886100830296959,-7.0555179277918e-11,-50,0.277025247684455,0.00859525091319492,1,1
1.44116561885598e-06,1.50098578390439e-06,-6.6645263829981e-06,-0.316225951528842,-0.0383948301750895,-9.30825240210132e-10,36.6497774135516,5.67602585297575,0.00416730392026785,1,0
-1.1636391187297e-07,2.11881540573636e-06,-2.62796586302904e-06,-0.0980198349146947,-0.1111934024039,-2.04098219426913e-09,-13.1728409186697,0.983923355437705,0,1,0
