-1.70915323510929e-08,-4.47621751001441e-09,8.29573095082958e-08,0.19015010680615,-0.221082448298744,1.07901965895305e-09,-3.94279918545595,1.35920698179301,0.00662608014543083,0,0,0,0,0,0,0,0,1,0
-1.04643068052031e-09,-4.0093685722091e-13,2.59082651210592e-08,0.298565175981492,-0.138056083757129,9.10094551354167e-10,0.520031040881565,0.97963161714453,0.0786051822590881,0,0,0,0,0,0,0,0,1,0
-3.26532608760576e-09,2.86419194821367e-09,1.16185085035469e-08,0.303642469658502,-0.101272268115334,6.45327434078609e-10,1.52099957003547,1.31339731476066,0.0712702467752059,0,0,1,0,0,0,0,0,1,0
-1.59105926437421e-08,8.719917581229e-10,3.91263923483549e-08,0.23596652767224,-0.0866364781628977,4.35284319715115e-10,-0.368424374911629,0.623032608056726,0.00711089459332085,0,0,1,0,0,0,0,2,1,0
2.71291367826157e-08,-1.46395954377661e-09,-4.52024857381648e-08,0.475517663730579,-0.0826271556416807,5.04162094568298e-10,6.08238084808015,1.39154150546482,0.158036319339695,0,0,1,0,0,0,0,2,1,0
7.33516398444095e-09,3.71689160387159e-09,4.64712657334487e-08,0.363666059267341,-0.123725794037941,1.94830100026474e-09,-0.206434776204478,1.60089116184023,0.0902047750161158,3,0,1,0,0,0,0,2,1,0
3.25441735328649e-09,-4.84879615736912e-09,-1.70052243343982e-08,0.391175795605191,-0.0780517746919161,5.91517978806728e-10,3.4788129990013,2.03289748216597,0.070211473108845,3,0,1,0,0,0,3,2,1,0
-1.68354270982982e-08,-1.86195768169873e-09,-1.70637060022104e-08,0.194637284687243,-0.106895053752393,1.66202117713712e-09,1.36191570601361,-1.9433637793078,0,3,0,1,0,0,0,3,2,1,0
5.11008337243824e-08,-4.07849106787328e-09,-7.50322024355859e-08,0.631440779639953,-0.073958268914379,7.36340686101035e-10,8.30806401670428,0.543756893376849,0.155520210412221,3,0,1,0,0,0,3,2,1,0
6.59040477692823e-09,5.97745982621765e-09,1.07275018863281e-08,0.371323279471099,-0.114283917386283,1.72544667869545e-09,1.45856255888828,0.940736567065742,0.0586315891764507,3,0,1,0,0,0,3,2,1,0
-1.4448233384777e-08,1.75389988889194e-08,-1.86046018825829e-08,-0.232730604757526,-0.0816527857314826,4.2325480501178e-10,-1.7153563877915,4.41034331730263,0,3,0,1,0,0,0,3,2,1,0
6.97978898948933e-08,1.22486079856752e-08,1.78938607858137e-08,0.578814301957324,-0.0796807765035121,5.36366755724202e-10,3.11200916465402,0.623152072986429,0.1688226963163,3,0,1,0,0,0,3,2,1,0
1.07713274302217e-07,1.93266126335897e-08,1.38928496753677e-08,0.719031565097286,-0.11575772425911,8.16161368290457e-10,4.00626449610101,0.983915468282148,0.247832358572732,3,0,1,0,0,0,3,2,1,0
2.53499150713281e-08,-1.19535862871167e-08,-6.56444134717129e-09,0.264390240108185,-0.0895782102942071,2.90212880401512e-11,1.23110829254993,1.07399547106079,0.0848527839542906,3,0,1,0,0,0,3,2,2,0
-1.37166197187639e-08,-1.97404055794786e-08,3.27653526387074e-09,-0.136748223084744,-0.129207313140666,4.67097426209612e-10,-3.31527076374235,-1.46314003165316,0.00630052365814144,3,0,1,0,0,0,3,2,2,0
-1.30630037854441e-08,3.6233365938213e-08,4.27163580276041e-07,-0.0143239016273692,-0.218153750211405,7.62920124312102e-10,-25.3819056337842,1.80722024027696,0.00881961885664403,3,0,1,0,0,0,3,2,2,0
2.21814189965124e-08,9.32894759397778e-08,9.08333822699906e-09,0.262937499873436,-0.255998840494843,1.06398723110157e-10,-3.00047338795281,0.821404976053575,0.0782694711756737,3,0,1,0,0,0,3,2,2,0
4.13628372367152e-08,1.229712120877e-07,-3.21160682275168e-07,0.853593491725946,-0.213065100799312,7.56352981444532e-10,15.581890059259,-0.00603151608147761,0.13218059923694,3,0,1,0,0,0,3,2,2,0
-4.3029488820376e-09,-1.08578246432759e-07,6.23000717061067e-09,-2.18329772251517,-0.0433284572877024,2.25308457741118e-10,-1.13712316380503,2.5065843732433,0.000245581294195283,3,0,1,0,0,0,3,2,2,0
-1.60571799272354e-08,-3.82680872176874e-07,3.36585125579404e-07,-0.81827306359499,-0.17081958916005,1.2155434014881e-09,-13.5969049966237,1.03939474619206,0.0224955402973513,3,0,1,0,0,0,3,2,2,0
-1.9130883008395e-08,-6.2386023410117e-07,6.15741835690724e-07,-0.543980039374857,-0.0540002315619787,6.79441784692926e-10,-22.7409702630117,0.32708677997051,1.15245807111358e-06,3,0,1,0,0,0,3,2,2,0
-1.88309538006143e-08,-5.43673405129721e-07,7.97769968561073e-08,-0.179541029461983,-0.0311130785571442,2.4386703211748e-10,17.5711895661508,-0.437370405357761,0.000309317740792056,3,0,1,0,0,0,3,2,2,0
-2.71589051329921e-08,-4.00745262376932e-07,6.58062820386886e-07,0.193593163501916,-0.029206052977698,1.06810450725709e-10,14.3532540965805,-0.902513705532107,0,3,0,1,0,0,0,3,2,2,0
-2.58855062289668e-08,-3.21419032021542e-07,7.83587810225967e-07,0.424207516683339,-0.0202320819971549,-5.21079767885906e-10,35.3458622137395,-1.02899737148844,0,3,0,2,2,0,0,3,2,2,0
-2.47060708262773e-08,-4.97757632650671e-07,7.80229413613689e-07,0.259120492712941,-0.0197062685852515,-7.32713800320669e-10,19.5021776907442,-1.9821896499389,0,3,0,2,2,0,0,3,2,2,0
-3.6923814463234e-08,-8.72503950178082e-07,4.98032029824998e-07,-0.188439417626777,-0.0303892741519439,2.07190339131887e-09,-29.5675130943097,-3.07226916115874,0.00018033146489772,3,0,2,2,1,1,3,2,2,0
-3.25465509499761e-08,-1.05415872399571e-06,-9.60419188624759e-08,-0.135583136124176,-0.0256338943897345,1.14224745242122e-08,22.3788085455623,-3.03710552847012,0,3,1,2,2,1,1,3,2,2,0
-3.55592467064885e-08,-1.56136374334781e-06,1.6937500775706e-07,-0.100558535285933,-0.0101897228463977,-4.0344308541322e-09,33.1471655666533,-2.38816225000161,0,3,1,2,2,1,1,3,2,2,0
-5.39861691864109e-08,-1.69644018250907e-06,1.36554409702547e-06,-0.0943133617682261,-0.0229704939519456,-5.01830849920167e-10,-22.2584070424898,-3.09271893619473,0,3,1,2,2,1,1,3,2,2,0
-3.59862291435514e-08,-1.79581859701033e-06,3.09108998606448e-06,0.076743369903423,-0.0123809705136484,-1.05913739215839e-08,-30.6333852261131,-3.12505023830216,0,3,1,2,2,1,1,3,2,2,0
1.39803481040204e-08,-1.15891699080691e-06,4.5403703904759e-06,0.220440620861736,-0.0127634400848101,-1.2691094189326e-08,-32.0382097944472,-5.58238171696654,0,3,1,2,2,1,1,3,2,2,0
-2.71037004701499e-08,-5.73640835896797e-07,9.54457789687442e-06,0.591985603392725,-0.00488736527762103,-3.37279146557261e-08,-46.8958966774815,-6.22328041634215,0,3,1,2,2,1,1,3,2,2,0
-6.65359621630583e-08,-1.09816156013716e-07,1.41156443947044e-05,1.01022811610514,-0.00255352509090685,4.10266745749296e-08,-6.63302714794794,9.92187641956451,0,3,1,2,2,1,1,3,2,2,0
-3.53198021599924e-08,9.41352204379502e-08,1.15999464586926e-05,0.942926635216329,0.00575557404814221,1.57119618710631e-08,45.2995173129337,3.71987689763294,0,3,1,2,2,1,1,3,2,2,0
-5.21933341035686e-08,6.13413805715447e-07,7.20437502160802e-06,0.697540844782844,0.00549222216091924,5.87720151031742e-09,45.5164151841381,7.19706482468139,0,3,1,2,2,1,1,3,2,2,0
-1.36741584818199e-07,1.3994364342889e-06,-2.23923346750121e-06,-0.00286129341571995,-0.0177805439498218,1.91253334322849e-09,34.4666557538302,9.70922345973556,0,3,1,2,2,1,1,3,2,2,0
-4.25260279948759e-08,1.45588560091095e-06,1.60803496150155e-06,0.210193570288338,-0.00166354050860482,1.32053838603247e-10,-50,6.77255932851004,0,3,1,2,2,1,1,3,2,2,0
-3.06613763586259e-08,1.49908048021867e-06,1.38582693505363e-06,0.223996757055266,0.00254833515009213,1.1469098246708e-09,-48.2727324385003,5.65457330870778,0,3,1,2,2,1,1,3,2,2,0
-4.16798000354153e-08,1.35679631558907e-06,1.15067400300328e-06,0.287848233762093,-0.000578679112410814,2.48403515886877e-09,-28.8475744246209,4.80209336915063,0,3,1,2,2,1,1,3,2,2,0
-4.10497871215737e-08,1.15497951939343e-06,8.86927058889369e-07,0.359798999594093,0.0158333337935492,3.82345379520859e-09,-1.56434888944575,3.98969893490523,0,3,1,2,2,1,1,3,2,2,0
1.9555100223443e-10,7.90943673554697e-07,5.7316439809815e-07,0.429005849392455,0.0565721727671297,3.96133626352677e-09,27.519284086276,3.80949023732565,0,3,1,2,2,1,1,3,2,2,0
-4.92252203185163e-08,6.44689839135148e-07,8.65376463942069e-07,0.241077990710401,0.05464258525933,2.86597302145464e-09,-30.3437641123202,4.61503568350791,0,3,1,2,2,1,1,3,2,2,0
-4.78176795065673e-08,7.02469249925506e-07,1.90977953012621e-06,0.457335424533153,0.115991820784263,4.20819427649604e-09,-38.9965322561146,2.20652605001546,0,3,1,2,2,1,1,3,2,2,0
2.35383637983696e-07,1.04324817572436e-06,1.3770387536614e-06,0.242530324720409,0.192488595746587,4.03829617993609e-09,-33.4865947379219,1.70733027147986,0.00165045816126706,3,1,2,2,1,1,3,2,2,0
8.45611644859557e-07,1.20796179544293e-06,-1.19980267233719e-07,-0.0520677706908349,0.274465188757203,4.62653556869213e-09,15.6025454982127,1.70718381906691,0.00596180540345115,3,1,2,2,1,1,3,2,2,0
-8.31588902909536e-09,8.43447875935495e-07,4.46366111431849e-07,-0.455806001534224,0.383524261968562,3.78783692924226e-09,-42.7862223839623,0.574249263386668,0,3,1,2,2,1,1,3,2,2,0
2.78641753011771e-06,1.59371761252767e-07,1.08128526638439e-06,0.215515546443505,0.344842102036976,2.2897662995113e-09,-14.1111064715278,5.38866571328796,0.0195956841318562,3,1,2,2,1,1,3,2,2,1
2.07497352351622e-07,-1.34432684267601e-07,-1.30692291897927e-06,-0.782923164444983,0.143103878177131,9.84628355750901e-10,17.0056114862177,2.60440927958349,0.00150532701005116,3,1,2,2,1,1,3,2,2,1
9.52457802025906e-07,-1.54454931732953e-07,-2.39017773412065e-07,-0.269480918413583,-0.0125856844499519,-3.77919510860692e-11,-1.77871325861503,1.5587142319389,0.00694642053400922,3,1,2,2,1,1,3,2,2,1
1.32255350344878e-06,-2.32230836991204e-08,9.50832522926612e-07,-0.0758197258479272,0.00922798514095216,6.2512689866266e-11,-42.6838261999637,1.77410012915314,0.00965464949914573,3,1,2,2,1,1,3,2,2,1
2.24705082405503e-07,1.50276588339736e-07,-1.43079022680878e-07,-0.604023786613263,0.185242802517827,1.33672829983025e-09,-37.548882715139,0.457664293023206,0.00155557439559269,3,1,2,2,1,1,3,2,2,1
-2.26093629666619e-08,6.9469683728669e-07,-1.45233558543827e-06,-0.85075351772193,0.372644165887926,2.82346661848434e-09,15.279605314342,0.536067834554157,0,3,1,2,2,1,1,3,2,2,1
1.61246081613676e-06,1.3570795152298e-06,-3.04571737518382e-06,-1.34391402863071,0.416423125594509,3.13619749611844e-09,37.470130377253,2.03050190749179,0.0124179246773334,3,1,2,2,2,2,3,2,2,1
4.69165393615639e-06,1.86728021836969e-06,-1.29192252273505e-06,-0.67658332419673,0.531122427545145,2.35571410798459e-09,41.471957584215,1.61147624848151,0.0366240519153069,3,2,2,3,2,2,3,2,2,1
4.33571102103319e-06,1.3229089108892e-06,-1.74490656461348e-06,-1.06198556106979,0.564615284235322,1.46107885081193e-09,29.8045812631769,0.939743136392371,0.0353567208754216,3,2,2,3,2,2,3,2,2,1
2.27955859500772e-06,4.6490070481423e-07,-4.39417995950573e-06,-2.30055454691826,0.273117941315493,7.60180372238661e-10,20.4307026820641,0.542890963263853,0.0197268851861928,3,2,2,3,2,2,3,2,2,1
4.39187741897515e-06,-2.57002689982305e-07,-1.80380099079206e-06,-1.13818033195479,-0.129540170380875,-2.85816456511466e-10,-31.2208997762482,0.954928229280698,0.0405757488749841,3,2,2,3,2,2,3,2,2,1
5.35478668679094e-06,-5.09566082598245e-07,-1.50296676023846e-06,-0.188966115258335,-0.419027291453704,-1.70599226064056e-09,20.1378712705681,1.18895519973254,0.0524037683617753,3,2,2,3,2,2,3,2,2,1
7.60695320738086e-06,-5.61016857503688e-07,1.77913462331524e-06,0.976474784234494,-0.621654596578596,-2.68041193398455e-09,-40.6566598993777,0.11135706377637,0.0792565543601642,3,2,2,3,2,2,3,2,2,1
1.82554619897068e-06,-9.22450976713482e-07,-2.61202407299192e-06,-0.804174501347868,-0.454495522529021,-3.36197175777922e-09,-17.6606607013612,1.33556841733833,0.0198359426512247,3,2,2,3,2,2,3,2,2,1
1.53358100165755e-07,-7.17363076328279e-07,-3.40710856506835e-06,-1.40649107222675,-0.407450983425437,-2.7681426853182e-09,-49.9999797971548,0.45890919626519,0.00197071448461935,3,2,2,3,2,2,3,2,2,1
5.09425456591645e-06,-6.22974232162031e-07,2.1990518071704e-06,0.90060199873541,-0.319203191684723,-1.88592176684889e-09,-49.2513788049787,0.13209800253034,0.0600542197221805,3,2,2,3,2,2,3,2,2,1
4.82618770010529e-06,-4.12770130305613e-07,2.12683752684161e-06,1.217023663388,-0.133724897009501,-6.59294327577969e-10,5.3391690995876,0.969585940150604,0.058169156530954,3,2,2,3,2,2,3,2,2,1
1.13302892193561e-06,-1.19919858326586e-07,-3.13978438261311e-07,-0.434113615685936,0.0142249419259295,2.94759308775132e-10,-33.1805570551602,1.41251601976343,0.0141454167378676,3,2,2,3,2,2,3,2,2,1
3.5819142149687e-08,1.47434491628002e-07,-1.11517872211251e-06,-0.977094573218064,0.0521182883796489,3.53311998301468e-10,-41.7610315223194,0.258661167366064,0.000662368410848461,3,2,2,3,2,2,3,2,2,1
8.78341897833227e-07,3.29229141205534e-07,-1.0452552592151e-06,-0.753726195759779,-0.0398022203010474,-2.41969903584662e-10,-29.1791288514643,1.32925903901836,0.0115998762041788,3,2,2,3,2,2,3,2,2,1
1.74878011722964e-06,1.73374578320548e-07,9.67196480874639e-08,-0.190612953532368,-0.168225533619248,-1.15368538806356e-09,-45.3308867045606,-0.0800897426703518,0.0235901074781238,3,2,2,4,2,2,3,2,2,1
3.04617094373937e-06,-7.51809245809936e-08,7.20094115015854e-07,0.405904397854212,-0.277848949943143,-1.4879351535861e-09,-36.250164754448,-1.69440444349811,0.0421756011338295,3,2,2,4,2,2,3,2,2,1
3.20110536732592e-06,-2.83520481724495e-07,1.39161209677283e-06,0.813549418660329,-0.257946551457194,-1.97133401846447e-09,-43.6661884141692,1.0124537866032,0.0453818777671421,3,3,2,4,2,2,3,2,2,1
3.36265853522619e-06,-2.57545106546134e-07,-7.03374391177312e-08,1.16707738156874,-0.30367077272891,-1.87247304169345e-09,45.6153128394963,0.435708173489553,0.0492525051882407,3,3,2,4,2,2,3,2,2,1
2.30028713762994e-06,-1.21853819420782e-07,9.13234794104722e-07,0.568363429745633,-0.267573270920096,-1.01146822255119e-09,-39.9811051090851,0.992396677310225,0.0349734499409873,3,3,2,4,2,2,3,2,2,1
2.67174833920117e-06,-8.77479852170709e-08,-2.25732392722768e-07,1.14030192454384,-0.137656790876113,-1.42461512808881e-10,49.9999139706319,1.76538659002063,0.0414885867015639,3,3,2,4,2,2,3,2,2,1
1.98328432506735e-06,1.08621007750491e-08,-8.58288859671197e-07,0.219870393304488,0.0120568065973942,7.83993552561256e-11,49.9615027512915,0.205910239999565,0.0317237510561445,3,3,2,4,2,2,3,2,2,1
1.72713477996929e-06,-1.82629968285948e-08,-8.12143269767161e-07,-0.114250547943731,0.0390715293324953,1.99476993233495e-10,37.1928411531773,1.74880675980637,0.0284478030196627,3,3,2,4,2,2,3,2,2,1
4.03034918328117e-07,-5.66847772800754e-09,-2.15932853149212e-06,-1.95975108959605,-0.0899254711293078,-2.99214890576163e-10,37.2656327688749,0.884332590674585,0.00707644493344827,3,3,2,4,2,2,3,2,2,1
1.48435657670682e-07,-3.64175841088831e-08,-2.13738634100081e-06,-2.12482406748538,-0.25479278991865,-8.60344107920089e-10,25.4222123756059,2.21637313489785,0.00291753838186115,3,3,2,4,2,2,3,2,2,1
1.75092582301909e-06,-9.40966061079987e-09,-8.16649097188546e-07,0.271087239881982,-0.315709908920834,-1.32412805311068e-09,39.2870992793684,2.37616013366234,0.0315209063029088,3,3,2,4,2,2,3,2,2,1
1.45819614364623e-06,-3.51969402268141e-08,-7.93428825380118e-08,-0.0485621976025326,-0.31416794222484,-1.29652503246077e-09,-9.76538038379188,1.83611256611141,0.0271416124320634,3,3,2,4,2,2,3,2,2,1
1.72711745767076e-06,-2.72865841309014e-08,-1.83544157999474e-07,0.696529151057753,-0.189516930442672,-1.121321521373e-09,21.5620198241092,7.25500247938773,0.0328366413794962,3,3,2,4,2,2,3,2,2,1
1.55261407449863e-06,-3.23909720442405e-08,-9.40829334053623e-07,0.0743140607713545,-0.0977031367736025,-1.5964374892648e-10,44.6764549689898,-0.504576593111491,0.0304947279357017,3,3,2,4,2,2,3,2,2,1
1.52953763658406e-06,-5.46600588040289e-08,-2.16960597175916e-07,0.201441534859088,0.100343514474795,8.1027381602126e-10,15.1345287274822,1.30985235958404,0.0312559156002374,3,3,2,4,1,1,3,2,2,1
1.62335125093446e-06,2.17468169874098e-08,-8.33119005720409e-07,0.0230780017405767,0.435068492844308,1.39677703558637e-09,49.950738190361,4.35542254679935,0.0336375876620062,3,3,2,4,1,1,3,2,2,1
6.55026287037108e-07,2.18104675950167e-07,-2.08867609401181e-07,-2.70545671101947,0.451476518610909,1.24300820310225e-09,-33.4011542261785,0.928548493909391,0.0143063299423406,3,2,1,0,0,0,3,2,2,1
4.01153211584685e-07,2.45273540163771e-07,-8.17788231217932e-07,-4.5372846605481,0.286724557570246,5.82584231037744e-10,-34.7729101249646,1.56415633364239,0.00934724476628212,3,2,1,0,0,0,3,2,2,1
4.21274304977667e-07,1.70675860095247e-07,-1.80400766253969e-06,-4.24852065109507,-0.0130222237218831,-8.10188553548686e-12,16.4661643349112,0.344319921815402,0.0101960326395166,3,2,1,0,0,0,3,2,2,1
1.08946193719376e-06,7.18040328970437e-08,-6.7626731516522e-07,-2.65827949353197,-0.268547280017349,-4.42879661553825e-10,-18.7253431874006,0.241367118909428,0.026963076892877,3,2,1,0,0,0,3,2,2,1
-2.33172794026941e-08,-4.83166912865536e-08,-2.83724101663692e-06,-5.65778859155011,-0.394024465270424,-7.14251378573688e-10,33.1240747762996,1.8492140782685,4.93895136842863e-06,3,2,1,0,0,0,3,2,2,1
1.53727855148631e-06,-7.33381947132933e-08,-9.93321931480624e-08,-1.11962363019565,-0.476258009136435,-9.16038102822268e-10,-23.7585888689496,1.6213589815857,0.0424060047222757,3,2,1,0,0,0,3,2,2,1
1.618858817791e-06,-1.70646471589302e-07,-3.16603966281574e-07,0.23804417144534,-0.568495456790618,-8.5868811013534e-10,10.2327531481572,2.38394223357914,0.0471599854307082,3,2,1,0,0,0,3,2,2,1
9.66074518966797e-07,-2.16640817314997e-07,-1.32742727580397e-06,-0.655831704921279,-0.463927417630966,-1.2453872257566e-09,49.5656130430579,2.7433938760905,0.0295546872307457,3,2,1,0,0,0,3,2,2,1
2.1861348286203e-07,-1.86490010423049e-07,-1.35600923128018e-06,-3.9271785549956,-0.69711792130833,-6.21025144091647e-10,-2.98901159290799,0.117445583453147,0.00802176809326337,3,2,1,0,0,0,3,2,2,1
9.45258924236316e-07,-9.57081487917287e-08,2.90036238619593e-07,-0.72673627343376,-0.541427191229502,-1.34655507094888e-09,-35.2185170107106,0.606010761716423,0.0317108516868462,3,2,1,0,0,0,3,2,2,1
4.11437392506215e-07,-2.57897330128725e-08,-3.37363383020903e-07,-1.99970310774963,-0.660525593431041,-1.32253440916338e-09,-24.3860965184868,0.808807602459409,0.0147411918607175,3,2,1,0,0,0,3,2,2,1
1.46273267887672e-06,-2.08304378231417e-08,-4.31345057605027e-07,1.68352396816815,-0.485670198110814,-1.64610717600149e-09,38.4532501928735,0.662646337146096,0.052162707123814,3,2,1,0,0,0,3,2,2,1
1.49824096556308e-06,-3.59353509217534e-08,9.62612203800336e-07,2.02519786062592,-0.483441135522889,-3.88883926308849e-10,-29.0899516597508,0.697608089608945,0.0552995136969919,3,2,1,0,0,0,3,2,2,1
1.11575213399291e-06,-2.78853303839146e-08,-2.91789440576034e-07,0.515776723212508,0.21186193581978,2.34994527431415e-10,23.5535708612909,1.31446886185239,0.0424018498038906,3,2,1,0,0,0,3,2,2,1
4.14540016867792e-07,-1.83285382007785e-08,-8.93889130311056e-07,-2.39351673519695,0.429983735492469,1.60553600120098e-09,22.2555928246898,1.57940099509127,0.0171072991957205,3,2,1,0,0,0,3,2,2,1
7.13136363573434e-07,2.55341976789544e-08,-4.14643508931394e-07,-1.27001674985859,0.479446435086979,9.38968656644349e-10,12.2705304199555,1.06391031101356,0.0296874843894438,3,2,1,0,0,0,3,2,2,1
1.03511915850565e-06,8.37889576246376e-08,-6.1793422072504e-07,0.00805524420207537,-0.0162863725748641,1.95410952172751e-10,35.5273589621371,0.755558976721271,0.0451582440192961,3,2,1,0,0,0,3,2,2,1
1.07072922028405e-06,-2.10897289899843e-08,-2.82118227720056e-07,0.152135946570932,-0.302938169609864,-6.664119787017e-10,16.7802898331505,1.07171825853673,0.0489237163532183,3,2,1,0,0,0,3,2,2,1
1.02491754851318e-06,-1.37092341862132e-07,-9.41837579569667e-08,0.389695794258744,-0.284290612065298,-1.72074529903939e-09,12.824053229443,1.45330523020717,0.0485835095792607,3,2,1,0,0,0,3,2,2,1
7.43105860432871e-07,-2.75839181907731e-07,-7.61358516141728e-07,0.0789708724629856,-0.222647762215997,-1.75455724510667e-09,38.9352253781829,0.727906976961899,0.0377534778370282,3,2,1,0,0,0,3,2,2,1
4.4874382565544e-07,-1.94791839412429e-07,2.79702753569007e-08,0.233040282470128,-0.104464766383069,-9.85350233552531e-10,5.9059991145193,1.54420307844284,0.023440439180585,3,2,1,0,0,0,3,2,2,1
1.00180647813017e-06,-7.10277436254825e-08,2.43256597583929e-07,1.06601178109536,-0.0729722915176925,-2.77400984259984e-10,24.948246828316,1.00980344505313,0.0520083514811289,3,2,1,0,0,0,3,2,2,1
3.30308852420708e-08,3.90164295942882e-09,-5.06002082309516e-07,-0.204465399277932,-0.0532578089262218,-3.51357417503239e-10,14.8617960963093,0.760104928273161,0.0027659501364028,3,2,1,0,0,0,3,2,2,1
3.89339587032739e-08,4.76020698998225e-08,9.22222197671506e-08,-0.206395210337175,-0.0648817687818448,-3.81134859819293e-10,-17.1805847588498,0.61576639132074,0.00304021959182406,3,2,1,0,0,0,3,2,2,2
3.94154189799813e-07,6.2986761920284e-08,-1.74369039536049e-07,0.221539451017697,-0.0466549867505803,-3.19928107140359e-11,10.7909825594899,1.07405877047977,0.021810961504957,3,2,1,0,0,0,3,2,2,2
5.82463987273465e-07,9.08646455244137e-08,2.56010034248848e-07,0.37841066558104,0.0176305054234619,8.39011541738865e-10,-5.33583544072929,1.09347391727656,0.0323578057279462,3,2,1,0,0,0,3,2,2,2
6.88473111748081e-07,8.06761641559593e-08,7.96570563723271e-07,0.647060556733459,0.185988587445854,1.30487024244985e-09,-22.957081280738,-0.607239409564016,0.0386450623203451,3,2,1,0,0,0,3,2,2,2
9.41846113084612e-07,7.80337761294718e-08,6.17766207314971e-08,0.751078709169893,0.151637615443997,1.30393903091584e-09,17.4287050088312,1.01139478443472,0.0543938578234525,3,2,1,0,0,0,3,2,2,2
-1.96109295785113e-08,4.25534489275729e-08,5.01714767192328e-07,-1.15824582446629,0.12251235480169,1.16831530508493e-09,-49.7897953098909,-2.59227470521729,0,3,2,1,0,0,0,3,2,2,2
4.9354738998502e-07,4.55957155368204e-08,-2.54088778283068e-08,-0.398169852639644,0.0489740933081976,4.28638397916577e-10,-6.2402201609547,0.777223087968747,0.0313933240352962,3,2,1,0,0,0,3,2,2,2
9.22012056188223e-07,4.91107075002073e-08,-7.2257342634591e-07,0.57605018104843,-0.125137170584649,-5.74787316315824e-10,49.5601218187495,0.155446268955924,0.0603782005176134,2,2,1,0,0,0,3,2,2,2
6.50561146123503e-07,4.3414853292146e-09,-8.01318341718487e-07,0.0287906938935633,-0.349089184751131,-1.81513763669449e-09,34.4719948439812,0.460614307253757,0.045115081201407,2,2,1,0,0,0,3,2,2,2
4.85314742155516e-07,-1.10994414849705e-07,-2.96825567585584e-07,-0.00238760635963597,-0.437712755644198,-3.86854834061902e-09,5.05037971155978,1.50029513411339,0.0354233099169272,2,2,1,0,0,0,3,2,2,2
5.6825449739218e-08,-2.8518566656291e-07,-7.98424142029223e-07,-0.470849072392496,-0.329245887779249,-4.47177671228578e-09,19.8821332751407,1.07726051806195,0.00563182403914496,2,2,1,0,0,0,3,2,2,2
-2.02293842365508e-08,-3.8851428165053e-07,5.32231979002229e-07,-0.387804020144397,-0.159184262511075,-1.82611060355378e-09,-41.1660193889141,0.667049460222025,0,2,2,1,0,0,0,3,2,2,2
-2.04270288718563e-08,-2.6429605731995e-07,7.73079984327838e-07,-0.1689827169537,0.0133348089077386,1.80037548201315e-09,-39.5825004609123,0.0913301783366241,0,2,2,1,0,0,0,3,2,2,2
-2.05393137117627e-08,-8.30601671064393e-08,7.90187343480043e-07,0.266698579693515,0.0510530706958372,2.50384754784243e-09,-19.9631255375066,0.67619802740103,1.8333430619286e-05,2,2,1,0,0,0,3,2,2,2
5.79138410383923e-07,4.53193302187494e-08,6.00185662137984e-07,0.893064505534882,0.0156054298595319,8.79645778114708e-10,19.8730477869019,1.79679538069778,0.0427096239605043,2,2,1,0,0,0,3,2,2,2
-2.71666805464139e-08,3.58710855177635e-08,7.32102238731326e-07,0.547693811680873,-0.0510538536310865,-1.19280089305534e-09,-9.73921843408124,-5.11575056713654,0,2,2,1,0,0,0,3,2,2,2
2.72823565823711e-10,2.52784575456941e-08,4.54193162966435e-08,0.282755955628412,-0.0595408332698532,-1.65096764242147e-09,8.36191314334202,3.76756222125745,0.000921358055912683,2,2,2,4,1,1,3,2,2,2
2.36715163449413e-08,-5.10199635556987e-09,-3.52134508556977e-08,0.374446175240108,-0.05744214660706,-1.59951775867207e-09,15.9384543918555,-0.421011694904437,0.002676214414709,2,2,2,4,1,1,3,2,2,2
-1.4764471324813e-08,-1.74259314321801e-08,-3.90355245646213e-08,0.366499525298927,-0.034053956424385,-4.48435688919406e-10,15.7950363437936,1.30966129457316,0.000301323698618727,2,2,2,4,1,1,3,2,2,2
1.03385305694358e-07,-3.77648319609117e-08,-6.39962180303383e-08,0.520736586869743,-0.0156674858685663,3.08593542566251e-11,25.2680254065884,1.08177684555448,0.00774426805898397,2,2,2,4,1,1,3,2,2,2
-1.03941028820551e-08,-4.28826491559096e-08,-3.09448653744276e-07,0.222721716461903,-0.0231268596148409,-1.54619568681823e-10,25.248547560601,-3.34784571343722,0.000713995396160035,2,2,2,4,1,1,3,2,2,2
3.13766227980553e-08,-3.4976811585379e-08,-1.93375462815068e-07,0.401706421011315,-0.0437253498458592,-6.17990243347238e-10,28.8704314594477,-1.73446168577777,0.00309204048260123,2,2,2,4,1,1,3,2,2,2
8.30926017690402e-09,-2.02819040693101e-08,-1.45585702966381e-08,0.502681828474857,-0.0412060787658901,-4.79358865663995e-10,26.4865931544017,1.66158264598009,0.00165627906207268,2,2,2,4,1,1,3,2,2,2
-1.89139305427298e-08,-7.67090423774502e-09,-1.83124346624928e-08,0.477632247440991,-0.0217278950879958,8.71660319500404e-11,27.0848698176829,3.13434916242088,0,2,2,2,4,1,1,3,2,2,2
-1.1966666649098e-08,8.75313568915185e-10,1.67664709951859e-08,0.464828340692656,0.00682849001443949,4.78558658618258e-10,25.9043777818462,1.36092969939408,0.000323009053394463,2,2,2,4,1,1,3,2,2,2
-4.17683095522885e-09,1.03544753732507e-08,-5.18747032865477e-08,0.469156975806368,0.0164780292959203,9.69209917501541e-10,29.5449158658075,1.24764742494886,0.000934356840187785,2,2,2,4,1,1,3,2,2,2
1.28996996730845e-07,1.93365488291842e-08,2.00185515753154e-08,0.567553211703481,0.0295672311495769,1.24165428427305e-09,30.8996989421751,1.7249408237991,0.00776710533220313,2,2,2,4,1,1,3,2,2,2
-1.54830596488668e-08,3.22627949945862e-08,-7.56605732414059e-08,0.382659275258631,0.00550173657454077,8.12632778309119e-10,24.0347795635088,2.83252540914962,0.000261560358834555,2,2,2,4,1,1,3,2,2,2
-1.9393959315244e-08,4.2391392508978e-08,4.62734949540549e-07,0.405969622155391,-0.0153500856364303,5.49786790675589e-10,-4.82009621618542,1.25991862645541,2.77088352262922e-17,2,2,2,4,1,1,3,2,2,2
-1.48376066429688e-08,3.64953084489797e-08,-2.57037781886886e-09,0.401718815759426,-0.0396900863009417,-1.00439940784662e-10,16.3177052098953,1.2027710352535,0.000323764682090593,2,2,2,4,1,1,3,2,2,2
-2.26264482751547e-08,8.68703250898808e-09,1.30078595760969e-07,0.389305739620038,-0.0695676252861567,-7.82129932736791e-10,6.50238680196348,1.02819596157961,0,2,2,2,4,1,1,3,2,2,2
4.9213164695397e-07,-3.2098794464911e-08,2.17351274191966e-07,0.985326485620938,-0.0435597251783646,-9.80549508551924e-10,31.7727024870678,2.00198031784777,0.0242767100849912,2,2,2,4,1,1,3,2,2,2
-1.96222328277054e-08,-4.37712814066539e-08,2.15527517056078e-07,0.34636232152293,-0.0243377621016544,4.12605097534518e-10,4.85623629369663,0.139611445162141,0,2,2,2,4,1,1,3,2,2,2
-2.02063969983455e-08,-2.12421189347447e-08,1.11316271722719e-06,0.374595995635539,-0.00558107602532133,8.95759808735762e-10,-36.4168373805674,0.494340995333773,0,2,2,2,4,1,1,3,2,2,2
5.72923063742507e-08,5.74260320114987e-09,8.98586239208963e-09,0.468509909333728,-0.0354667771669581,-9.52423893237862e-11,25.3940428585756,1.84079419211857,0.00356648523746042,2,2,2,4,1,1,3,2,2,2
5.71575988082648e-07,2.22516353750386e-08,5.37376422738077e-07,0.983077445726574,-0.12504116449785,-3.18821181760013e-09,22.022755288338,0.907948227811618,0.0267229672644513,2,2,2,4,1,1,3,2,2,2
-1.2877463237732e-08,-3.13799640937636e-08,-6.76054776283526e-08,0.44953029736601,-0.167844608347034,-6.40313169262544e-09,20.4845775572584,0.142855776835507,0.00045571738190063,2,2,2,4,1,1,3,2,2,2
-2.04060791176307e-08,-1.08304953674476e-07,2.34645001026347e-07,0.252343075896187,-0.0858615742488348,-5.9691215193454e-09,-3.45722030478487,-1.65716946572738,0,2,2,2,4,1,1,3,2,2,2
4.05532441910148e-07,-1.54412284883678e-07,4.42430061048919e-07,1.0090378942138,0.0458654454005389,7.98733479760215e-09,32.7088997396298,1.11965833323197,0.0185275314033242,2,2,2,4,1,1,3,2,2,2
7.53683820215124e-08,2.86915191268052e-08,1.75394802672345e-06,0.644517650857855,0.272815875258479,1.10136567195526e-08,-46.3874384314586,1.09362715783481,0.00413725562251804,2,2,2,4,1,1,3,2,2,2
6.51108087928435e-07,2.64890657339698e-07,8.12496050180698e-07,0.968611674816505,0.390772175951825,8.19181857763468e-09,21.5753567867374,1.30792681640075,0.0269451777013318,2,2,2,4,1,1,3,2,2,2
-1.43800932334949e-08,4.78007427121618e-07,8.51050904710666e-07,-0.0825284832949717,0.433567198928893,5.24626137719576e-09,-27.9005833733719,0.926874578830741,0,2,2,2,4,1,1,3,2,2,2
-4.56190628048119e-08,4.06935274521948e-07,-1.63135999966769e-08,-1.15839999325656,0.304746405530139,3.28763074846059e-09,-37.7489930655678,2.25893149235332,0,2,2,2,4,1,1,3,2,2,2
1.20728291387655e-06,3.60614072020876e-07,1.09226027004049e-06,0.637301146390602,0.218352148725307,1.51282574522682e-09,-9.52433362097596,0.104522745885486,0.0504921272700464,2,2,2,4,1,1,3,2,2,2
1.32129246787536e-06,2.67431745813881e-07,1.02930804663512e-06,0.216427032272022,0.040455116412728,7.77823590085575e-10,-35.8700093051057,0.978427816210663,0.0583608983295804,2,2,2,4,1,1,3,2,2,2
9.7810346217484e-07,7.60437168514779e-08,-7.8998031925977e-07,-0.0130503257240182,-0.0629821816064653,-3.25343335852447e-10,38.2450007357266,-1.34157882525752,0.0454244255394194,2,2,2,4,1,1,3,2,2,2
1.28092916241801e-07,-1.69627111223914e-07,-6.93804261556781e-07,-0.740860286239207,-0.130222252823065,-9.42483106997461e-10,-13.6283447076698,1.55707913944851,0.00708594359664984,2,2,2,4,1,1,3,2,2,2
8.49473366803685e-08,-3.11669952417135e-07,-1.50068024631433e-06,-0.435336058635937,-0.162872568529391,-1.52590375413264e-09,42.9507189107501,1.70850592965176,0.00497505427532463,2,2,2,4,1,1,3,2,2,2
3.63185718910002e-08,-2.70473295361722e-07,-1.50724069443035e-06,-0.46923844919986,-0.178141073824735,-1.74541242070789e-09,40.1690130479505,0.671104386215538,0.00253124442349436,2,2,2,4,1,1,3,2,2,2
-2.01684656246956e-08,-2.13712317634474e-07,4.00184335358898e-07,-0.301369206401534,-0.193368179309177,-2.15361827673957e-09,-49.3812973796709,0.574403966481332,0,2,2,2,4,1,1,3,2,2,2
-3.67963134390637e-08,-1.31146063801976e-07,-8.92046130675974e-07,-0.082316904231309,-0.177541736209493,-2.57415256264143e-09,31.0140540770747,0.906448427354315,0,3,2,2,4,1,1,3,2,2,2
-1.41803859245584e-08,-1.16148518253071e-07,-7.27354377718166e-07,-0.0103831761599653,-0.147304296893559,-2.8086438909062e-09,28.9667632479085,0.636615987716717,0,3,2,2,4,1,1,3,2,2,2
1.24559260879085e-07,-8.37298577154558e-08,2.48859149421403e-07,-0.338852853107739,-0.115823102954614,-2.13962989342728e-09,-40.9470570545582,-7.25952090613329,0.00811624971442152,2,2,2,4,1,1,3,2,2,2
3.30678178374023e-08,-6.05903262016706e-08,1.01831490022346e-07,0.0353430377326491,-0.0389627621387007,-5.6765440417508e-10,-6.60734722020751,-2.14049224263122,0.00297766294658138,2,2,2,4,1,1,3,2,2,2
-1.53364237641009e-08,1.25869621747564e-09,4.25415670821771e-07,0.165796902622927,0.0148859574816721,8.57228690713165e-10,-13.4751905643442,-4.78067954042518,0.000212105496908363,2,2,2,4,1,1,3,2,2,2
-2.86111798896671e-08,9.27400310842787e-08,2.42651803073907e-07,0.0431518850634536,0.0360351922291493,1.25955170783831e-09,-11.5132451510987,1.81734716687025,0,2,2,2,4,1,1,3,2,2,2
-1.82547789226627e-08,1.47592901914387e-07,-9.80531328797401e-08,0.0314383050155212,0.023346372505633,6.63563157507506e-10,4.8510506422191,0.893323733368374,0,2,2,2,4,1,1,3,2,2,2
3.0398942760068e-07,8.24550163063559e-08,4.99375962589654e-09,0.248792934623337,-0.0125464259058179,1.37279298862309e-10,9.76893582577823,0.669572741323919,0.0167903440368114,2,2,2,4,1,1,3,2,2,2
1.16049736824101e-06,3.90201348490638e-09,4.60588457604585e-07,1.04598799256768,-0.0253843247033471,4.21345079399605e-11,27.0648827526817,0.230778976804097,0.0621991296647849,2,2,2,4,1,1,3,2,2,2
-1.6617654256594e-08,-5.27098603075009e-08,4.43855575927394e-07,-0.210733089846008,0.0142430824491204,4.90696068615174e-10,-31.5300464276317,0.451431511848381,0,2,2,2,4,1,1,3,2,2,2
1.60454979531032e-07,-2.85589948569864e-08,-4.78132304281495e-08,-0.025533924451739,0.0540080352701732,9.67111272793575e-10,6.5462504055415,-0.142828317556454,0.0095465180207526,2,2,2,4,1,1,3,2,2,2
1.43721620959746e-06,6.10590589290952e-08,4.72988720574688e-07,1.27237398529863,0.0280965472954059,6.70652175760835e-10,49.9974177306277,-0.246598850563173,0.0786668801692462,2,2,2,4,1,1,3,2,2,2
-1.17656396202065e-08,6.87110028275445e-08,1.20858848571917e-10,-0.145800727320848,-0.00823313461248363,9.43038355790149e-11,-9.01326844140944,0.928197243317119,0.000366486369825686,2,2,2,4,1,1,3,2,2,2
-1.89907252394177e-08,3.40234498468269e-08,1.20028223444302e-07,-0.160529257102888,-0.0699667890324193,-6.5607235299338e-10,-21.5871211250477,0.672083354841554,5.5026835721577e-06,2,2,2,4,1,1,3,2,2,2
1.82038023130453e-07,-6.09431746782508e-09,1.6046241828584e-07,0.0143621244481371,-0.0844831943653254,-6.99084758788331e-10,-15.4412065287281,0.875274329754526,0.0114701366116781,2,2,2,4,1,1,3,2,2,2
7.49009359319998e-07,-4.27998975190384e-08,1.79750235990503e-07,0.608162848491738,-0.0465607260556021,-4.92393286915299e-10,15.0995944263606,0.846889200821708,0.0429842431322368,2,2,2,4,1,1,3,2,2,2
1.36744658008558e-06,-5.43556608776059e-08,7.52420981275543e-07,1.34237637526311,-0.024504095917345,-6.42244895552481e-11,21.5905876946119,0.935217984687742,0.0786387125597022,2,2,2,4,1,1,3,2,2,2
-3.57446328134836e-08,-9.21809799158203e-08,-9.02618806712177e-07,-0.604649927171989,-0.0359848472872736,4.9342232915868e-10,18.8650812814304,-3.45054326300334,9.07085707197927e-05,2,2,2,4,1,1,3,2,2,2
-2.04670964792068e-08,-9.46582845048627e-08,6.79623763982066e-07,-0.173450516664452,-0.0429015405254005,3.25370522489795e-12,-40.2788574104112,0.0734982993856872,0,2,2,2,4,1,1,3,2,2,2
1.37884112429984e-08,-7.90606008991492e-08,-8.4913529573843e-07,0.0128995800338055,-0.0321119307817044,-1.66644830345015e-10,49.9941352570174,0.808525976783542,0.00200564677519484,2,2,2,4,1,1,3,2,2,2
4.00995448172215e-07,-5.53260636770503e-08,1.24875573765464e-07,0.425329241424658,-0.0301513821308359,-4.05932704779675e-10,25.3183100751929,1.37779219955212,0.0240545253774853,2,2,2,4,1,1,3,2,2,2
1.1505726184952e-06,-3.71072587815491e-08,9.85828986512838e-07,0.994093783201647,-0.0254760030430315,-3.21485574457574e-10,18.0792115952831,-0.107422011678674,0.0669198699151547,2,2,2,4,1,1,3,2,2,2
-1.79576410111215e-08,4.78394358514545e-08,7.08237821531548e-07,-0.00750101744829834,-0.0180617525019427,-3.62443599326454e-10,-41.3581134059535,6.56554700581225,0,2,2,2,4,1,1,3,2,2,2
-1.41680230081903e-08,1.33589117363479e-07,5.88908382285547e-07,-0.0428270563379134,-0.00981091002302472,7.05481895550689e-11,-40.7875931188408,2.9449800892809,0.000446022255078755,2,2,2,4,1,1,3,2,2,2
-1.93533018210369e-08,2.35530911470084e-07,2.11557516970576e-07,-0.0657335431968107,0.00774761616068323,6.67633381397025e-10,-23.1849074843142,1.36175119850274,0,2,2,2,4,1,1,3,2,2,2
2.84565073322809e-08,1.84905618668675e-07,-1.01613451834202e-06,0.0223573026324136,0.0370248816006106,5.64111421402519e-10,45.7528754819439,0.10250870667047,0.00262535932902841,2,2,2,4,1,1,3,2,2,2
5.72114110857059e-07,1.04750747685533e-07,-7.53822301326102e-08,0.415626393236053,0.00231448124838047,6.74833267536765e-11,12.539739399992,0.331214273591153,0.0332813735643453,2,2,2,4,1,1,3,2,2,2
9.95784595448921e-07,4.43994352727228e-08,-3.62469607274234e-07,0.885861222457165,-0.105595415214457,-6.28177814546404e-10,41.3914050791983,0.937922646821214,0.0586201952284561,2,2,2,4,1,1,3,2,2,2
-3.46014371144584e-08,-1.72828546593708e-08,2.3289274808061e-07,-0.805210394138715,-0.202523667328523,-1.50583925112293e-09,-42.8761768388826,1.4522744676966,1.0317290341819e-05,2,2,2,4,1,1,3,2,2,2
9.96614232998413e-08,-1.06623702256461e-07,-1.30319985854638e-06,-0.471862929520647,-0.114112814010039,-1.04584890912252e-09,50,1.38828973264787,0.00674018199823601,2,2,2,4,1,1,3,2,2,2
9.69054762055708e-08,-1.43367447019487e-07,5.84597232647071e-10,-0.329700218197905,0.0224831558823606,3.34049595575609e-10,-9.68091798887897,1.2241110388127,0.00743307816154971,2,2,2,4,1,1,3,2,2,2
-1.70534468870709e-08,-5.2340260191997e-08,5.00046251228209e-07,-0.416878304600438,0.11467362549652,2.05030889119095e-09,-37.2912445453424,0.970658903184327,0,2,2,2,4,1,1,3,2,2,2
2.82306507813001e-08,5.01533261085816e-08,5.18553158683644e-07,-0.721902774537645,0.159407898686113,2.05918727925467e-09,-48.5812503123266,6.39261632193937,0.0034832408440267,2,2,2,4,1,1,3,2,2,2
7.39023841882229e-07,1.59393979803985e-07,3.82331931621955e-07,0.486160975112315,0.0741472947711673,1.03552522771805e-09,3.7643861462448,0.839095297269372,0.0508594383542846,2,2,2,4,1,1,3,2,2,2
7.34210303721883e-07,1.35585084127227e-07,-4.55276780556972e-07,0.406333231981471,0.000325124087786108,8.24246028893101e-11,41.3724752689261,0.35736297666261,0.0522974727898195,2,2,2,4,1,1,3,2,2,2
2.85644550236843e-07,4.91043615432465e-08,2.03377448141752e-07,-0.321069003776173,-0.0852302230167374,-6.94870310712475e-10,-27.4242068468541,1.01804227314581,0.0212727415667428,2,2,2,4,1,1,3,2,2,2
5.03331561326926e-08,1.16764171337614e-08,-6.10260563540093e-09,-0.572086100782392,-0.146856768423578,-1.2346647976079e-09,-31.544684499004,0.171865537675906,0.00520437425296495,2,2,2,4,1,1,3,2,2,2
7.69461842248244e-07,-1.0752592753202e-07,-4.08441368328798e-07,0.476326668892372,-0.189100099678939,-9.6644732655153e-10,26.368997333242,0.716423034510144,0.061366695093008,2,2,2,4,1,1,3,2,2,2
-3.53264248673691e-08,-1.96717274936833e-07,8.88577291746229e-08,-0.564503695916174,-0.240736235602758,-1.22003540079984e-09,-29.546743582026,0.911494130143559,0,2,2,2,4,1,1,3,2,2,2
-2.50982819004813e-08,-4.17749480095849e-07,3.71039806829848e-07,-0.783551728072555,-0.142365437151021,-1.16276310040568e-09,-41.757247400922,0.119400109781564,0,2,2,2,4,1,1,3,2,2,2
-2.15842400654753e-08,-5.78633628110719e-07,7.06900717317852e-07,-0.371074770367231,-0.0817706153374409,-7.39489756209822e-10,-36.474725125973,0.172359559301479,0,2,2,2,4,1,1,3,2,2,2
-2.12186575228768e-08,-6.95422090264867e-07,-2.77792926549533e-07,-0.106595952416994,-0.048539767855676,-9.20098318535203e-10,35.5918087204695,-0.0912635988830636,0,2,2,2,4,1,1,3,2,2,2
-3.05361100555863e-08,-8.32256641300975e-07,1.05554004241056e-06,0.0189320012020386,-0.0387541829091519,-5.93434874381633e-10,-18.2955816389619,-0.52696451480081,0,2,2,2,4,1,1,3,2,2,2
-3.70920879100803e-08,-7.42745298455994e-07,3.35794391525638e-07,0.208956915686934,-0.0410423661098408,-1.69571999280533e-09,49.8019357487921,-1.0092589651176,0,2,2,2,4,1,1,3,2,2,2
-2.34227497214848e-08,-6.29210865779754e-07,1.18142005384989e-06,0.337736563660584,-0.0167506170695065,-7.36491010009032e-10,43.37683643389,-1.5088075228031,0,2,2,2,4,1,1,3,2,2,2
-3.15319685386863e-08,-4.31191936157058e-07,3.14537603122724e-06,0.466558194753527,0.00302391930578899,1.10461351619012e-09,-14.7930913481521,-2.38168820929766,0,2,2,2,4,1,1,3,2,2,2
-1.78661643264643e-08,-2.01941603721344e-07,3.97831660501825e-06,0.445122471408797,0.0157921146647879,3.24770942316551e-09,-49.8226855254848,-8.24244299252019,0,2,2,2,4,1,1,3,2,2,2
-3.81830917578288e-09,-1.31082178920175e-07,4.85925275136376e-06,0.597471916798741,0.00377189881468456,1.12174137825062e-09,-48.4007784306961,-8.21297994752793,0.00123531759312783,2,2,2,4,1,1,3,2,2,2
-2.02256979969119e-08,2.04066179982911e-08,5.37135299308444e-06,0.800500043748912,0.00513709446818845,1.28470805175202e-09,-10.0510233467035,1.08412334637918,0,2,2,2,4,1,1,3,2,2,2
-2.44554838461732e-09,-6.82946124670219e-08,5.89445107003883e-06,0.821271493325484,-0.00105218219422654,3.63609644037141e-10,-32.5814983500804,1.88268954037691,0.000346794956567301,2,2,2,4,1,1,3,2,2,2
1.0486030300313e-07,-2.05081918193802e-07,4.71026576520056e-06,0.811322807077561,0.000154522346587087,5.94930661883261e-10,25.8726773396428,-0.208909277976927,0.00281571649496192,2,2,2,4,1,1,3,2,2,2
1.03415309515783e-09,-1.95041794780061e-07,2.82870569643284e-06,0.261107127583895,0.0214288059054712,1.50173985380702e-09,-46.6671826021134,-18.3469766958246,0,2,2,2,4,1,1,3,2,2,2
-3.11118996251751e-08,-3.40736988044477e-08,6.62127610920225e-06,0.849919473647654,0.0246907774419227,2.96266697772826e-09,-36.7868279066106,0.687003644609942,0,2,2,2,4,1,1,3,2,2,2
6.77805083818402e-08,1.42611991381044e-07,1.79931113401018e-06,0.328836890542749,0.0401391305894803,2.21800507278822e-09,45.7399747266258,24.7052405961102,0.00148334526293877,2,2,2,4,1,1,3,2,2,2
-3.64893587470433e-08,3.86843347384711e-07,6.47429723100448e-06,0.766812027812314,0.0358181224419289,3.18385880044271e-09,-39.4780501680628,0.938875845905097,0,2,2,2,4,1,1,3,2,2,2
-3.33532301136509e-08,4.68501884365077e-07,5.46816401366502e-06,0.634834069764924,0.0412508278043888,2.87159436056159e-09,-35.4376553668446,1.9969784132358,0,2,2,2,4,1,1,3,2,2,2
-3.36238964212691e-08,5.05422298182768e-07,4.05073005678278e-06,0.451595859181185,0.0400377038022875,2.63674619451094e-09,-40.2995404845837,3.79128088826376,0,2,2,2,4,1,1,3,2,2,2
-3.532835019931e-08,5.14844752086593e-07,1.28673569658614e-06,0.27877112044229,0.0426951815317625,2.43454487973589e-09,23.3416970587693,5.38714341487706,0,2,2,2,4,1,1,3,2,2,2
-1.12911548559363e-08,7.6221615373844e-07,-5.94948510837142e-07,-0.0132626782227039,0.0563251947361343,1.34919329017026e-09,12.7714932533311,5.77826284989338,0,2,2,2,4,1,1,3,2,2,2
-4.46112691953504e-08,6.67791060877329e-07,1.35038591796062e-06,0.238234884985907,0.0262127545032495,9.94692650556389e-10,-28.0942720357559,3.39128048090256,0,2,2,2,4,1,1,3,2,2,2
3.79253491479502e-08,7.87064414768094e-07,5.82390747376864e-07,0.308055467589256,0.00838503610732439,3.97088887027801e-10,21.5283989936907,1.79910175717565,0.000906910134368245,2,2,2,4,1,1,3,2,2,2
-9.08291322380165e-09,6.55154231444339e-07,7.84484824220788e-07,0.28663499325564,-0.00618679186649431,3.80130347098375e-11,3.61849308127776,0.942436526080094,0.000121618419788187,2,2,2,4,1,1,3,2,2,2
3.30184103214863e-07,4.51111941085063e-07,-3.40529584080221e-07,0.193483935936519,0.00142633589394726,1.74162831521223e-10,42.8145067389698,1.27847728890757,0.00382013424670955,2,2,2,4,1,1,2,2,2,2
1.28408669788829e-07,2.88900742975431e-07,-1.39550730778109e-08,0.125778597541926,0.035453327527183,9.01366296529375e-10,17.4371174980584,0.178657556610914,0.00155853205984719,2,2,2,4,1,1,2,2,2,2
3.20869652052712e-08,4.22325624476292e-07,-1.29942577399027e-06,-0.0986237423894155,0.0889592968319885,1.60230476910837e-09,50,1.08908772375452,0.00039405181830403,2,2,2,4,1,1,2,2,2,2
2.81752864134658e-06,4.98936717854833e-07,2.33771971153269e-06,0.566286260693653,0.134792931106765,1.72191842263111e-09,-17.2878600175104,1.18513795001214,0.0308984062767238,2,2,2,4,1,1,2,2,2,2
1.14978788063989e-06,6.699548318784e-07,-7.44546696313359e-07,-0.118508015771619,0.170650207512723,1.72294889897882e-09,41.1181649173434,0.777009574712556,0.0127456759168125,2,2,2,4,1,1,2,2,2,2
4.50853983816433e-07,5.77651929992933e-07,5.21289151010349e-08,-0.450590250004188,0.131929323294588,1.5897666655337e-09,-49.4049604674804,0.17085662873491,0.00552400014440629,2,2,2,4,1,1,2,2,2,2
9.47590653766908e-09,4.53956106095925e-07,-2.495541032412e-06,-0.660519169270579,0.139660806285118,1.15421188855999e-09,49.9005907127065,-0.907935087700797,9.76583027369906e-05,2,2,2,4,1,1,2,2,2,2
1.1484239950262e-06,4.41439899590925e-07,-6.35876004921976e-07,-0.43198987196833,0.102914697334959,6.17382855026599e-10,-19.8191699432264,-0.808508789434578,0.013522136311551,2,2,2,4,1,1,2,2,2,2
9.13279031837438e-07,3.54563141793914e-07,-3.13530554953322e-06,-0.86268634142952,0.0305705411217842,2.87072487066639e-10,29.9943377149222,1.05878781370689,0.0116573304043956,2,2,2,4,1,1,2,2,2,2
1.77848716961459e-06,2.42155376078144e-07,-1.04696641681274e-06,-0.573781315373598,0.00718124974093366,5.68264799978927e-11,-34.7006297041198,0.142794512052282,0.0236568130571713,2,2,2,4,1,1,2,2,2,2
2.56605853172852e-06,1.53089381462132e-07,-3.29867934477954e-07,-0.395395014692138,0.0178101548754315,1.80660613589057e-10,-40.5524537640031,0.238424143473542,0.0355957464751471,2,2,2,4,1,1,2,2,2,2
6.47238611761023e-07,1.13061497842436e-07,-4.18242958273774e-06,-1.24515761809204,0.0245281314707847,1.39218883913393e-10,48.4736038735573,1.35014535582579,0.00963402469091914,2,2,2,4,1,1,2,2,2,2
4.87598314542375e-07,1.39456948439273e-07,-3.69116680413546e-06,-1.29210725301124,-0.0449675405217699,-2.67158153461631e-10,13.1653455112441,0.484806463759859,0.00779154141047931,2,2,2,4,1,1,2,2,2,2
1.85073950385115e-07,1.02216459291114e-07,-3.97027518914974e-06,-1.4046994936614,-0.162651295400708,-1.125446130326e-09,2.1116979466959,0.0324168701916883,0.00335919878400634,2,2,2,4,1,1,2,2,2,2
1.70411645231947e-07,-1.67733313654387e-07,-3.32799813588687e-06,-1.38731528449515,-0.313405317332661,-1.82193146217649e-09,-39.9516493042024,1.0101033154033,0.00361385840681152,2,2,2,4,1,1,2,2,2,2
3.8298091912131e-07,-4.80047552591204e-07,-3.61442527635168e-06,-1.27504253097948,-0.34048492283638,-2.61546070120162e-09,-5.83020465838713,0.509040152190252,0.0070111681946765,2,2,2,4,1,1,2,2,2,2
4.4631747685901e-07,-7.45899490592156e-07,-7.23896864109488e-08,-0.00736582712504416,-0.271872237346199,-2.00922769456025e-09,-31.3347583132458,3.58805595923422,0.00908923677702809,2,2,2,4,1,1,2,2,2,2
3.20821726037913e-07,-5.98254363083154e-07,-1.56145454666887e-06,-0.302785577230579,-0.149659100945441,-1.21139153958728e-09,27.3390586457997,2.46619276575405,0.00638145898867505,2,2,2,4,1,1,2,2,2,2
6.90525448830369e-08,-1.87867887046085e-07,-8.02299016299527e-07,-0.40521796487788,-0.0981429506143275,-7.94992989659231e-10,-11.7933962538164,4.58401262396086,0.00184219396621644,2,2,2,4,1,1,2,2,2,2
4.8243913599944e-07,8.05034863599826e-08,-2.33377340687286e-07,-0.573104006743659,-0.0716905629003899,-6.23052098680045e-10,-49.9461372676347,1.47857219725846,0.0106460881313876,1,2,2,4,1,1,2,2,2,2
1.55594007099624e-07,2.98639869534678e-08,-2.05498691310222e-06,-0.766983008378469,-0.0760550014183277,-6.43954645329728e-10,26.8127907925103,1.12377223523599,0.00395703099583092,1,2,2,4,1,1,2,2,2,2
2.27572473454758e-07,-4.38368498083236e-08,-6.47718741735609e-07,-0.675082467849607,-0.0915575776866211,-8.06387510171292e-10,-40.6231994193939,1.97223716988101,0.00615356214393591,1,2,2,4,1,1,2,2,2,2
-1.65017837454887e-09,-1.17135954913585e-07,-8.0649841683406e-07,-0.725420039141387,-0.0992626523483855,-9.62577462055505e-10,-40.5319113707827,1.44006809685658,0.000512780455649202,1,2,2,4,1,1,2,2,2,2
8.89199493968825e-08,-9.90616104080677e-08,-2.02645535750593e-06,-0.598199938987305,-0.121904980526168,-1.41398862443188e-09,31.781869836068,1.67919550399217,0.00237724598343373,1,2,2,4,1,1,2,2,2,2
1.93768420931439e-06,-8.87824178258959e-08,-5.38423894545875e-08,0.509477355924602,-0.166625261039844,-1.8511914778116e-09,25.4962452813874,1.0263275435304,0.0500757043211035,1,2,2,4,1,1,2,2,2,2
1.5357108637474e-07,-6.1250200602032e-08,-1.98522802733657e-06,-0.541078307867286,-0.199741880212586,-2.13494045369803e-09,38.1383902488697,1.05193588344435,0.0046144127831303,1,2,2,4,1,1,2,2,2,2
5.2472232385499e-08,-1.99392676526395e-07,-5.67585631461597e-07,-0.421041794536413,-0.210162618764235,-2.62573164342719e-09,-20.7755392794364,1.9842646728243,0.00169582053283904,1,2,2,3,1,2,2,2,2,2
-6.77024956608106e-09,-3.69784234170298e-07,-1.35571132420534e-06,-0.408009073214606,-0.165956883285689,-2.90785530305065e-09,26.2038550029782,1.07030150931967,0.000124831992928969,1,2,2,3,1,2,2,2,2,2
-5.05646822647871e-08,-4.88883616769011e-07,-5.81377250347633e-07,-0.702622734179089,-0.138086207771244,-1.49063582941781e-09,-34.1929438004237,-0.595729464961222,1.66533453693773e-16,1,2,2,3,1,2,2,2,2,2
-8.1677165585268e-09,-2.47587375335772e-07,1.03639758532534e-07,-0.137948348234209,-0.010239765295708,2.6518934124213e-10,-14.4761419865695,0.245151816576175,0.00033912762791327,1,2,2,3,1,2,2,2,2,2
-1.52386188035726e-08,2.4339130559452e-08,3.64719968664468e-07,-0.018490181142829,0.109843681674692,2.35912361702482e-09,-8.88833703595084,0.769562413571953,0,1,2,2,3,1,2,2,2,2,2
2.4562275108425e-08,2.56768496241898e-07,-4.81043448525342e-07,-0.171964504804829,0.205554968345274,3.5150635586133e-09,28.4461952358655,1.33232827860923,0.000793672971328729,1,2,2,4,1,2,2,2,2,2
-1.70659526522802e-08,3.72780834070879e-07,-1.52119245338572e-07,-0.442697660568442,0.25336311841696,3.27922310857346e-09,-9.50208547704468,1.41602964550847,0.000183631382268668,1,2,2,3,1,2,2,2,2,2
-3.17000583503948e-08,3.92672673121939e-07,3.54896874865425e-07,-0.363770353812568,0.197277609695772,2.0579684903264e-09,-34.0538607994465,0.181440481258463,0,3,2,2,3,1,2,2,2,2,2
9.12749031260019e-07,3.76694625425995e-07,-4.26341980704603e-07,-0.114039948986159,0.0430771580493344,4.39584530595829e-10,14.075618911506,0.899466471934702,0.0280648545072968,3,2,2,3,1,2,2,2,2,2
1.03339776421228e-07,6.79582834841039e-08,-1.86859084641236e-06,-0.665841786095187,-0.10163131969695,-9.26523240201194e-10,32.6617417815582,-0.293394519495435,0.00375879324771177,3,2,2,3,1,2,2,2,2,2
2.62656268822723e-07,-2.59395724654265e-07,-1.76904455385888e-06,-0.345655298188076,-0.187230553307931,-1.93912369893301e-09,48.5563461379994,2.12852311613928,0.00853055735323623,3,2,2,3,1,2,2,2,2,2
1.66081680300678e-07,-5.07981471794919e-07,-3.70286698633898e-07,-0.39129785183834,-0.171837595956301,-2.03405279358965e-09,-25.0242066665294,0.861212816324559,0.00566890120446933,1,2,2,3,1,2,2,2,2,2
2.05401303166213e-08,-3.75201765171149e-07,-1.06807265640166e-06,-0.164782045312154,-0.099608026804749,-1.51326473657816e-09,35.7242581022174,1.16935145027305,0.000845848504937287,1,2,2,3,1,2,2,2,2,2
-2.55512947572837e-08,-1.34136857326739e-07,5.68997609612028e-07,-0.0966123618152194,-0.0606953257932837,-7.94216351131762e-10,-40.6435328607423,0.878431562384592,5.23465429631092e-05,1,2,2,3,1,2,2,2,2,2
1.9739833214511e-06,7.69608380478467e-08,1.97683986687195e-06,1.11533841414049,-0.0275003678076398,-1.68150458335044e-10,-2.44676915147617,-0.0198997933955254,0.0687948740326621,1,1,2,3,1,2,2,2,2,2
3.3330454311853e-07,8.62003257089293e-08,-3.46716941582523e-07,0.0897968439569119,-0.0122159032646976,1.02239343739164e-11,24.4824497550757,1.01718671569377,0.0122666993333661,1,1,2,3,1,2,2,2,2,3
3.24402274678019e-08,7.93535621423567e-08,6.5375619081026e-08,-0.108465397383402,-0.0378483900257533,-1.9436747192231e-10,-17.8449257812723,0.85288863248824,0.00191685300352286,1,1,2,3,1,2,2,2,2,3
-8.27063677466217e-10,6.59228752304681e-08,1.15668862539053e-07,-0.12394156458672,-0.0847845117125116,-9.53205068912416e-10,-26.1598467363334,0.359450287163301,0.000762034886823821,1,1,2,3,1,2,2,2,2,3
-1.36925832931195e-09,-3.7213893084224e-08,-1.18728593230728e-06,-0.165042009031525,-0.0828182525191492,-1.56834341240957e-09,38.2738849431919,0.926916341905102,6.24867693652138e-05,1,1,2,3,1,2,2,2,2,3
1.8458859178232e-08,-1.62912935989691e-07,-3.61703977299941e-07,-0.489021512202166,-0.0802236475701627,-1.32100356257723e-09,-29.2171589025586,-3.00399657948436,0.00133908708655681,1,1,2,3,1,2,2,2,2,3
9.80721760764781e-08,-2.73667021710106e-07,-3.61550946502717e-07,-0.464500851212249,-0.0159980153445253,-4.75342026275949e-11,-19.2754935217619,-2.10650823407594,0.00428926839425886,1,1,2,3,1,2,2,2,2,3
-1.9878435908264e-08,-1.86262156986552e-07,7.12748624778336e-07,-0.0822974830644393,0.040846735538594,1.06103599906536e-09,-33.9579295909076,-0.285021033384596,0,1,1,2,3,1,2,2,2,2,3
3.68989682186476e-07,-3.95828136922761e-08,3.3465707471958e-07,0.313907724294509,0.0428508473083456,1.16371784734152e-09,25.2868898965427,1.03855749079932,0.0139787454993878,1,1,2,3,1,2,2,2,2,3
1.50474578816962e-06,3.93337888629062e-08,1.02879920311326e-06,0.914370356756635,-0.0122186370002345,2.32909514688344e-11,47.3538211740323,0.123480737601301,0.0545940988918166,1,1,2,3,1,2,2,2,2,3
2.96704539874133e-07,1.05454599222296e-08,2.21512808843662e-07,0.321602017971684,-0.05632552495172,-1.04624319450073e-09,19.6647003214344,1.76271887196952,0.0111919115368584,1,1,2,3,1,2,2,2,2,3
-8.87902486178759e-09,-4.81344180503448e-08,-2.03927725343451e-07,0.200230868227497,-0.0614378664720087,-1.36507455586099e-09,26.0162433986005,0.881902692891723,0.000313371742010602,1,1,2,3,1,2,2,2,2,3
2.92317822283313e-07,-9.36572327039826e-08,-1.78285231729185e-07,0.39578999304021,-0.0279837732573299,-4.52612471858426e-10,48.5262982563272,1.57477074333585,0.0105046025995592,1,1,2,3,1,2,2,2,2,3
1.43445419908424e-06,-1.11226427127023e-07,1.20409187290721e-06,0.92561543175735,0.0004001586458334,4.05945901291214e-10,38.447229588055,0.748617619338639,0.0491044419063838,1,1,1,3,1,2,2,2,2,3
-1.80137438631417e-08,-9.09516486803675e-08,9.15297432991173e-07,0.277245256499164,0.0141323036836806,6.24706752104683e-10,-14.9712674205743,0.846404752361116,0,1,1,1,3,1,2,2,2,2,3
-1.76669139470548e-08,-8.30906951645733e-08,5.26672315149158e-07,0.303098204761209,-0.000353302896912477,2.10470044472464e-10,8.14190321584928,0.47874312671404,0,1,1,1,3,1,2,2,2,2,3
8.01908725230023e-08,-3.77315513676187e-08,-1.01002416765472e-08,0.410243089360621,-0.0134420518738952,-2.83414620738981e-10,48.1482676371159,1.46057969693196,0.00315666675765032,1,1,1,3,1,2,2,2,2,3
2.54954226078092e-09,-1.20916898946455e-08,-1.02659206821377e-07,0.374604566971719,-0.00866844688436221,-2.80783346287375e-10,49.8278740895752,1.39694106255594,0.000598034316163399,1,1,1,3,1,2,2,2,2,3
1.60587243013764e-07,2.56110845845831e-08,1.05310863654048e-07,0.435192066440584,0.00185531450292625,2.1155718184348e-10,46.0730076005398,1.24322269288103,0.00558210964146289,1,1,1,3,1,2,2,2,2,3
-1.86985865509155e-08,6.52823460253555e-08,1.97171871740167e-07,0.323952937065444,0.0233582103589156,8.65022442384048e-10,28.9523703190278,1.23719496303027,0,1,1,1,3,1,2,2,2,2,3
4.54728898277047e-08,1.09476528432683e-07,3.59599926553307e-07,0.478480398923567,0.048446986558859,1.14305473359787e-09,40.5312509619336,-2.46563244117118,0.00204349458424168,1,1,1,3,1,2,2,2,2,3
-1.16517807193969e-08,1.51779015023082e-07,5.58340701605969e-07,0.214127693613791,0.0279575709358418,1.01322537231491e-09,-0.0211962784627668,1.06322923828502,0.000193859330344839,1,1,1,3,1,2,2,2,2,3
-2.03577999188357e-08,7.96626620794727e-08,9.83809406658045e-07,0.16121747924993,0.013258123367392,6.68883988074016e-10,-27.0459811027117,0.839036405998908,0,1,1,1,3,1,2,2,2,2,3
2.35860351203921e-07,-1.36619613725395e-08,1.57808152353685e-06,0.262783007107352,-0.00829863850549115,2.58146543119575e-10,-47.3039431374922,0.907718615927625,0.00724219967060492,1,1,1,3,1,2,2,2,2,3
-2.45735201082127e-08,-9.55416143176748e-08,-1.94549412030506e-07,0.186503538773268,-0.0232057867482065,-1.62920618794481e-10,31.4184608520267,0.812004738419234,0.000150969441772657,1,1,1,3,1,2,2,2,2,3
2.91390835912832e-08,-7.44705725234124e-08,-4.54428182072909e-08,0.265310949692729,-0.0225550498952976,-3.07810450817598e-10,32.4285326511717,1.19495511232488,0.00130467687713092,1,1,1,3,1,2,2,2,2,3
-1.50404372681268e-08,-2.86232125144928e-08,1.07961359795518e-06,0.233476883898613,-0.0112726978018459,3.77615050869424e-11,-25.6407887966453,-0.104254073927888,0.000120257066889996,1,1,1,3,1,2,2,2,2,3
-1.99939646552721e-08,-3.38044809814443e-08,1.1351890740087e-06,0.00848676895870248,0.0263895030407897,1.01385973308862e-09,-46.5640287918802,-13.8965760717418,0,1,1,1,3,1,2,2,2,2,3
-3.21110817054679e-08,-2.15301537417785e-08,1.75476284754732e-06,0.156934594162464,0.0467529999977233,1.41834071743802e-09,-49.7611932668579,0.0883595382560253,0,1,1,1,3,1,2,2,2,2,3
-3.23744607559308e-08,-4.4621489238732e-08,7.77806513046079e-08,0.155894554310759,0.0241139049885182,8.05581196404784e-10,37.8748693425056,0.200875587553779,0,1,1,1,3,1,2,2,2,2,3
1.47645759975991e-07,-9.50984920144624e-08,1.71433484422018e-06,0.259885034192649,-0.023606436179481,-1.85584976086305e-10,-34.1958609257749,0.934765575903322,0.00421423469171752,1,1,1,3,1,2,2,2,2,3
-1.63744427337175e-08,-3.21814452078735e-07,1.12611549592777e-06,0.230217939629851,-0.0579031325778358,-1.36670353430262e-09,-11.6727405831116,0.440873367441366,4.33680868994202e-19,1,1,1,3,1,2,2,2,2,3
2.13840010318543e-07,-5.3405292368582e-07,-2.00810556184566e-07,-0.334372146001613,-0.0417223455044292,-2.09866739157994e-09,-44.7492072623746,-4.48506780659808,0.00499933165536217,1,1,1,3,1,2,2,2,2,3
-2.86147395481185e-08,-7.5613606434675e-07,4.38567611441042e-07,0.0566689006722999,-0.0235747491504603,-2.72244004116267e-10,12.744418961049,-1.29646803503974,0,1,1,1,3,1,2,2,2,2,3
4.19350739810043e-08,-5.02108943421819e-07,1.46895850374852e-06,0.0510128068585601,0.00828539742117917,9.20223453072412e-10,-27.7443732085975,-3.78967017860134,0.00163632048026706,1,1,1,3,1,2,2,2,2,3
-2.67080563322252e-08,-3.46737318634064e-07,1.84548056944127e-06,0.237455122090479,0.0222025964255095,1.89965227221997e-09,9.2335209947709,-4.26452398066725,0,1,1,1,3,1,2,2,2,2,3
-1.06429202321252e-08,-1.5780409093364e-07,5.0279731174564e-06,0.607630377506694,0.0283303912249321,1.51204770236144e-09,-42.5764131621136,1.35565015852,0.000117386641934481,1,1,1,3,1,2,2,2,2,3
-1.98054353453867e-08,-9.78960929975472e-08,4.87418152512271e-06,0.616567693138136,0.0178160347583807,1.1303813751456e-09,-37.2174637916646,0.296873727809078,0,1,1,1,3,1,2,2,2,2,3
-2.02296023009555e-08,-4.64784061208054e-09,3.46242949244827e-06,0.641540331817831,0.00499093751850406,3.94965635400467e-10,39.9388216310331,1.10408896169072,0,1,1,1,3,1,2,2,2,2,3
-1.88042364855075e-08,4.99485938025823e-08,3.4123343132605e-06,0.621493801308572,-0.00987130202608894,-1.5355359058584e-10,40.5356176147332,2.19347864482859,0,1,1,1,3,1,2,2,2,2,3
-3.96678623809489e-08,-2.05646109886217e-07,2.62563970477265e-06,0.362757661544764,-0.0211850035673011,-2.9028741529657e-10,4.55599431042207,-7.25036211133363,0,1,1,1,3,1,2,2,2,2,3
-3.40705149894994e-08,-4.91251148466555e-07,2.29619747715713e-06,0.203868302646098,-0.00576863761181542,3.18960341431123e-10,-16.9653262827584,-5.01860543680464,5.6621374255883e-17,1,1,1,3,1,2,2,2,2,3
-5.53275585661208e-08,-7.80413464859947e-07,-7.45154797502267e-07,-0.132820602834439,0.00135627917675581,-7.7139728031798e-10,19.6035647015678,-6.75757679667736,0,1,1,2,4,1,2,2,2,2,3
1.83424576225972e-07,-4.55995061245826e-07,2.63087342746947e-06,0.0855641352353365,0.035157183946429,1.49594817710558e-09,-49.9229893912453,-9.94403922900593,0.00237677800042439,1,1,2,4,1,2,2,2,2,3
-4.9934888742214e-08,-7.10791747822724e-08,6.48763678152017e-06,0.654341167279985,0.032062436222673,2.28015694555062e-09,11.4808350496073,0.700267143404961,0,1,1,2,4,1,2,2,2,2,3
-1.89704740986096e-08,1.35688837731309e-07,7.23610806627878e-06,0.648530411019145,0.0251204121246768,1.53460412178117e-09,-34.6759685697933,1.83669445649028,0,2,1,2,4,1,2,2,2,2,3
-2.24889098086717e-08,3.02236913145428e-07,3.21945899938466e-06,0.313933796365802,0.0149680670289857,9.49480311228623e-10,-7.18808315671281,11.7741221859595,0,2,1,2,4,1,2,2,2,2,3
-1.89399461806039e-08,3.94744954000607e-07,6.0582244661394e-06,0.620280409713439,0.0139143409258712,7.31738128684329e-10,-9.12696642514593,1.21115536635891,0,2,1,2,4,1,2,2,2,2,3
-2.56272306402916e-08,4.91508211851242e-07,3.60294924201355e-06,0.460946361399133,0.0174021084195198,8.14151118869656e-10,49.9990190356891,3.04702476860633,0,2,1,2,4,1,2,2,2,2,3
-4.23228394643591e-08,1.81942615640221e-07,3.1744922843848e-06,0.328209501318354,0.0142913359934145,7.71029247419041e-10,24.3963591383751,10.6673821339856,0,2,1,2,4,1,2,2,2,2,3
-2.60746671671497e-08,-4.23973020965133e-07,3.23511505941766e-06,0.302876883085689,0.0116899813284831,4.10995511157579e-10,21.204126674659,-3.93543008351844,0,2,1,2,4,1,2,2,2,2,3
5.60941758085069e-07,-8.83354199138878e-07,-1.45315145391903e-06,-0.167062985982182,0.0152436131736645,5.79106279632991e-10,21.2139502210309,-8.16560853118949,0.00455541243884017,2,1,2,4,1,2,2,2,2,3
6.71979040114692e-07,-5.1949607492852e-07,2.73647749820875e-06,0.203099338098428,0.00579555932589939,8.81473847549223e-10,6.93852784478399,-8.5631769395734,0.00544952162917313,2,1,2,4,1,2,2,2,2,3
-4.26458215191069e-08,1.3399693168482e-07,7.80161944614866e-06,0.528353678162422,0.0271302054282059,1.52072312147282e-09,-42.8524765903422,4.638947933795,0,2,1,2,4,1,2,2,2,2,3
-1.80696037654481e-08,5.0957107902025e-07,3.2516062099752e-06,0.258127452792959,0.0564998928929524,2.54429794326461e-09,49.6877216690132,7.20844390474305,0,2,1,2,4,1,2,2,2,2,3
-1.21802123630963e-08,5.87168540024768e-07,5.92804252669624e-06,0.292373705400969,0.0750687138664442,2.4267699665754e-09,-50,4.54497508512041,0,2,1,2,4,1,2,2,2,2,3
-1.23835513640622e-08,3.14591081175115e-07,6.20174967408918e-06,0.334283995873264,0.0531421138962958,2.09367267983937e-09,-37.9408014332328,4.65797786162858,0,2,1,2,4,1,2,2,2,2,3
3.55370730194746e-07,2.40280875719326e-07,4.28048431404076e-06,0.235509763810042,0.0375626437873504,1.0974470465004e-09,-0.931434766954899,11.264073577419,0.00208442435701912,2,1,2,3,1,2,2,2,2,3
-3.60653526575382e-08,-3.01235062673602e-07,2.00160215137969e-08,0.0119258825741103,-0.000415781961581043,2.10832063633439e-10,49.3528455165137,-16.9106885566727,0,2,1,2,3,1,2,2,2,2,3
-1.79487210982697e-08,-7.68243836490384e-07,4.14919420149697e-06,0.161527806666574,-0.0129889318293167,-4.48377933484706e-10,-49.9923873904151,-3.98805133108351,0,2,1,2,3,1,2,2,2,2,3
1.0797532657041e-08,-1.11031830965491e-06,2.51751697736883e-06,0.160339515108439,-0.00776835366505187,-1.19555978472758e-10,48.3047096974939,-3.2841904153719,0.000210199591622704,2,1,2,3,1,2,2,2,2,3
-2.56494481421687e-08,-9.29978673433077e-07,7.72691820632052e-06,0.355872991469792,0.000948795050284271,5.93889806570096e-11,-34.7937889801436,-1.61833686597001,0,2,1,2,3,1,2,2,2,2,3
2.69403139834569e-07,-6.67847501751122e-07,5.48595697316531e-06,0.29182057321481,0.00368738983195368,1.63805703738875e-10,36.4517715783991,-5.82372060163618,0.00147571015153154,2,1,2,3,1,2,2,2,2,3
-1.55370973591518e-08,-3.66934275984837e-07,8.71864597000966e-06,0.475057344050714,-0.00268972954939511,-1.01249113031853e-10,44.3866994693955,-2.96846843153451,7.64830728764897e-05,2,1,2,3,1,2,2,2,2,3
1.4097839032889e-08,-2.76830810606335e-07,1.05512128039738e-05,0.555202701167183,-0.00134152447978911,-7.66487663647661e-11,34.2388369254718,0.0833974365715333,0.000167992263870644,2,1,2,3,1,2,2,2,2,3
6.91084067672246e-07,-2.29521485326675e-07,1.28231568874597e-05,0.610263511777848,0.00965434459607986,3.77235576590211e-10,-17.3119041675013,0.986483513767539,0.00308490352063221,2,1,2,3,1,2,2,2,2,3
-2.33031440867791e-08,-1.58485207072811e-07,1.05833198851183e-05,0.539912130839276,0.0301189373416894,1.35202504645205e-09,38.0217716271869,-3.59011213729011,0,2,1,2,3,1,2,2,2,2,3
3.03213698345793e-08,4.06752300188373e-07,1.93899200468244e-05,0.979338974932275,0.0532127407408855,1.93125223762341e-09,45.2090067700552,-19.2769999943552,0,2,1,2,3,1,2,2,2,2,3
-2.53735175754386e-08,1.13930546986023e-06,2.118716047697e-06,0.0865817178629504,0.0533971941157779,1.46127503252287e-09,23.1180776985772,8.47795639754116,0,2,1,2,3,1,2,2,2,2,3
-1.19687242547362e-08,1.66816256524508e-06,9.97739815824696e-06,0.501003193486863,0.0346456047812453,1.06887924995918e-09,24.8642518879631,0.453490896069676,0,2,1,2,3,1,2,2,2,2,3
-3.75050001934836e-08,9.29912102715503e-07,5.18586073488615e-06,0.282811520826522,0.00721204031755621,3.06782181502674e-10,40.9372991034733,3.29584761097914,0,2,1,2,3,1,2,2,2,2,3
-1.49166759347392e-08,8.90136914144874e-08,7.34691118996997e-06,0.356194104308876,-0.00254042595876132,1.91796498371106e-11,4.96454156223773,2.86985745490265,1.9188151225337e-05,2,2,2,3,1,2,2,2,2,3
8.29818361867826e-07,-6.01677136773497e-07,8.13766528332526e-06,0.413233098722706,-0.000255619733389306,3.14567496345144e-11,29.0410072943669,0.898161667175651,0.0028590926443157,2,2,2,4,1,2,3,2,2,3
-2.44584075570783e-08,-3.20174127271523e-07,9.24445635831523e-06,0.394574730515974,0.00830125293748369,3.50989542357541e-10,-42.352791701897,0.993378730217818,0,3,2,2,4,1,2,3,2,2,3
3.97808993785849e-07,1.24088090683757e-07,5.93243091492988e-06,0.320443207186697,0.0199394584487111,5.79385488404667e-10,50,17.2440731232613,0.00134081437544601,3,2,2,4,1,2,3,2,2,3
-6.8307766149225e-08,6.74521911193585e-07,2.24774071009488e-06,0.0489198357396761,0.0322987613458016,9.21490664478559e-10,-49.7940157952959,11.0352661914297,0,3,2,2,4,1,2,3,2,2,3
-4.33363755304906e-08,9.73732107433707e-07,5.06046967212702e-06,0.207646366731084,0.0447897863332145,1.28528805865051e-09,-34.6830440183755,3.88002612800894,0,3,2,2,4,1,2,3,2,2,3
-2.68329657108474e-08,1.11263058717154e-06,6.35528247126376e-06,0.290008666988947,0.0495366065653145,1.2122881256212e-09,-29.4021098819475,1.25545910304481,0,3,2,2,4,1,2,3,2,2,3
2.32571466455421e-07,1.30937106700429e-06,4.0242098884771e-06,0.223343417292772,0.0403852671923305,9.71719130529523e-10,7.45494558268173,1.68205684305244,0.000831615851286671,3,2,2,4,1,2,3,2,2,3
-1.67851301364631e-08,1.48924329707311e-06,4.08728104742529e-06,0.202129061931623,0.0231549771120678,4.89484075854248e-10,-29.53899404177,0.83795922180344,0,3,2,2,4,1,2,3,2,2,3
-3.68309183746492e-08,1.68767591029153e-06,2.19550392947931e-06,0.197022198962762,-0.00998413921603139,-1.00442078536378e-10,46.1265299511278,0.0350907544274225,0,3,2,2,4,1,2,3,2,2,3
-2.60816501984041e-08,1.49997528156273e-06,-7.98517187735149e-06,-0.368004396798439,-0.049064881586463,-8.81757958318266e-10,49.9636010087745,5.37092437018567,0,3,2,2,4,1,1,3,2,2,3
4.94945867353836e-06,2.23135268947901e-06,3.84614235823638e-06,0.253951765128757,-0.114506335916327,-2.14843377127068e-09,-19.0080197581353,0.451175102740789,0.0146937104369041,3,2,2,4,1,1,3,2,2,3
