,S,I,Q,R,D,Pol1,Pol2,Pol3,Pol4,Pol5,Pol6,Pol7,Pol8,Pol9,Pol10
0,51343542.07692311,6.920961788547664,5.913752913752864,5.6639859047238925,0.18789783125175508,0.0,0.0,0.0,0.0,0.0,0.0,0.0,0.0,0.0,0.0
1,51343540.39804165,7.537149179833239,7.103799541455735,5.536595613564192,0.1879355287818037,0.0,0.0,0.0,0.0,0.0,0.0,0.0,0.0,0.0,0.0
2,51343538.33407695,8.120930608595032,8.658745408870354,5.461840571563032,0.18792798927579396,0.0,0.0,0.0,0.0,0.0,0.0,0.0,0.0,1.0,0.0
3,51343536.02377626,8.632849900435776,10.48578088578084,5.433216673954662,0.18789783125175508,0.0,0.0,0.0,0.0,0.0,0.0,0.0,0.0,1.0,0.0
4,51343533.605886884,9.03345088095821,12.492096341971308,5.444219815973331,0.1878676732277162,0.0,0.0,1.0,0.0,0.0,0.0,0.0,0.0,1.0,0.0
5,51343531.2191561,9.28327737576507,14.58488214722588,5.488345892853291,0.18786013372170646,0.0,0.0,1.0,0.0,0.0,0.0,0.0,2.0,1.0,0.0
6,51343529.00233116,9.342873210459093,16.671328671328663,5.5590907998287875,0.18789783125175508,0.0,0.0,1.0,0.0,0.0,0.0,0.0,2.0,1.0,0.0
7,51343527.04464631,9.194816300951526,18.683422446266192,5.652655866434487,0.18798076581786202,3.0,0.0,1.0,0.0,0.0,0.0,0.0,2.0,1.0,0.0
8,51343525.237283476,8.90982092438767,20.652334652834654,5.776064159406704,0.18801846334791064,3.0,0.0,1.0,0.0,0.0,0.0,3.0,2.0,1.0,0.0
9,51343523.421911575,8.580635448221328,22.634032634032646,5.939044179782169,0.18789783125175508,3.0,0.0,1.0,0.0,0.0,0.0,3.0,2.0,1.0,0.0
10,51343521.549431935,8.293405160205547,24.590599956016657,6.142488360048293,0.18759625101136618,3.0,0.0,1.0,0.0,0.0,0.0,3.0,2.0,1.0,0.0
11,51343520.0076757,8.107863029290305,26.108585077574705,6.351944858495214,0.18745300039718146,3.0,0.0,1.0,0.0,0.0,0.0,3.0,2.0,1.0,0.0
12,51343519.29370645,8.077138944724823,26.680652680652702,6.524125764863755,0.18789783125175508,3.0,0.0,1.0,0.0,0.0,0.0,3.0,2.0,1.0,0.0
13,51343519.669998445,8.172701138212979,26.10767854983476,6.624122317865238,0.18902121764720373,3.0,0.0,1.0,0.0,0.0,0.0,3.0,2.0,1.0,0.0
14,51343520.460668705,8.039371211277302,25.42338288025781,6.65054235209299,0.18955652257389402,3.0,0.0,1.0,0.0,0.0,0.0,3.0,2.0,1.0,0.0
15,51343520.75524491,7.240309107894984,25.96969696969699,6.610372851110842,0.18789783125175508,3.0,0.0,1.0,0.0,0.0,0.0,3.0,2.0,2.0,0.0
16,51343520.370074466,5.5043513143521645,28.18925305521164,6.519244971141301,0.1805978628023463,3.0,0.0,1.0,0.0,0.0,0.0,3.0,2.0,2.0,0.0
17,51343522.02878362,3.223040486170773,28.92748713099791,6.4273665590415945,0.15684387195374808,3.0,0.0,1.0,0.0,0.0,0.0,3.0,2.0,2.0,0.0
18,51343529.181818336,0.953595821181688,24.130536130536147,6.393589634327625,0.10398174733567103,3.0,0.0,1.0,0.0,0.0,0.0,3.0,2.0,2.0,0.0
19,51343542.15946893,0.0,12.115279875956109,6.461955071721442,0.026817796164085472,3.0,0.0,1.0,0.0,0.0,0.0,3.0,2.0,2.0,0.0
20,51343548.811403126,4.653289634377644,0.6815697439851425,6.617259166769665,0.0,3.0,0.0,1.0,0.0,0.0,0.0,3.0,2.0,2.0,0.0
21,51343533.86713302,19.951264818850767,0.0,6.829487070225062,0.11563675899068304,3.0,0.0,1.0,0.0,0.0,0.0,3.0,2.0,2.0,0.0
22,51343485.75782819,48.58569464787586,18.940320698323937,7.048085601551737,0.43159253212643456,3.0,0.0,1.0,0.0,0.0,0.0,3.0,2.0,2.0,0.0
23,51343407.72128814,83.8642242155908,61.1689050490662,7.14034825505917,0.8687560137696819,3.0,0.0,1.0,0.0,0.0,0.0,3.0,2.0,2.0,0.0
24,51343306.69696985,116.74846761605383,129.0512820512825,6.9530301937681855,1.3137719571258843,3.0,0.0,1.0,0.0,0.0,0.0,3.0,2.0,2.0,0.0
25,51343185.562046655,141.72499334845142,225.3529978936431,6.451261738725445,1.6722220275303465,3.0,0.0,2.0,2.0,0.0,0.0,3.0,2.0,2.0,0.0
26,51343030.944557235,167.38018753248326,354.4396675232763,6.073673843080966,1.925435538837756,3.0,0.0,2.0,2.0,0.0,0.0,3.0,2.0,2.0,0.0
27,51342825.410256565,205.82539069297724,521.0769230769248,6.377272618010609,2.0736787170326463,3.0,0.0,2.0,2.0,1.0,1.0,3.0,2.0,2.0,0.0
28,51342551.848255284,266.32500297450736,732.8979683107233,7.563140637580961,2.1291544675108565,3.0,1.0,2.0,2.0,1.0,1.0,3.0,2.0,2.0,0.0
29,51342194.44108647,346.7556630006322,1009.0062934583725,8.408666327421535,2.1518124133134475,3.0,1.0,2.0,2.0,1.0,1.0,3.0,2.0,2.0,0.0
30,51341737.69463885,442.1470690146562,1371.3729603729648,7.3353145760525695,2.213538856892787,3.0,1.0,2.0,2.0,1.0,1.0,3.0,2.0,2.0,0.0
31,51341175.255932026,544.6714466554916,1834.8291079707926,3.624820484023433,2.382214533604238,3.0,1.0,2.0,2.0,1.0,1.0,3.0,2.0,2.0,0.0
32,51340537.3365092,635.0711311444808,2385.646183420947,0.0,2.7096979104151377,3.0,1.0,2.0,2.0,1.0,1.0,3.0,2.0,2.0,0.0
33,51339863.28904445,691.230985098573,3002.95571095572,0.043939284677268375,3.2438418871958206,3.0,1.0,2.0,2.0,1.0,1.0,3.0,2.0,2.0,0.0
34,51339190.267014354,697.2093608292008,3663.278218298762,6.042532309041462,3.9663958826042665,3.0,1.0,2.0,2.0,1.0,1.0,3.0,2.0,2.0,0.0
35,51338546.62710543,661.7585694257275,4332.690247139159,15.092904285243687,4.594695390449041,3.0,1.0,2.0,2.0,1.0,1.0,3.0,2.0,2.0,0.0
36,51337958.52680668,599.8044116719993,4974.657342657358,22.994988235726268,4.77997242332636,3.0,1.0,2.0,2.0,1.0,1.0,3.0,2.0,2.0,0.0
37,51337448.05242521,524.8155512243396,5556.758269201144,26.817127669649462,4.320148364048732,3.0,1.0,2.0,2.0,1.0,1.0,3.0,2.0,2.0,0.0
38,51337021.005540535,444.43210322898074,6063.024667787668,28.701308043045206,3.599902076293857,3.0,1.0,2.0,2.0,1.0,1.0,3.0,2.0,2.0,0.0
39,51336679.116550274,364.83704570463266,6481.601398601419,32.05792529866337,3.1506017939557283,3.0,1.0,2.0,2.0,1.0,1.0,3.0,2.0,2.0,0.0
40,51336420.16603805,291.7563547068857,6805.948913823639,39.55260998710862,3.339605107918864,3.0,1.0,2.0,2.0,1.0,1.0,3.0,2.0,2.0,0.0
41,51336226.13533148,229.08799843885333,7050.790033622567,50.87193109040474,3.8782270370298733,3.0,1.0,2.0,2.0,1.0,1.0,3.0,2.0,2.0,0.0
42,51336075.05594421,180.27294314052958,7236.163170163191,64.95769219843035,4.313771957125893,3.0,1.0,2.0,2.0,1.0,1.0,3.0,2.0,2.0,0.0
43,51335950.96468055,147.20841286968786,7376.869368261048,81.41469193527091,4.306368049336269,3.0,1.0,2.0,2.0,1.0,1.0,3.0,2.0,2.0,0.0
44,51335861.9195076,125.61666295521893,7466.760203333864,102.4997090618394,3.9674387159592013,3.0,1.0,2.0,2.0,1.0,1.0,3.0,2.0,2.0,0.0
45,51335821.98368314,109.67620654379276,7494.449883449906,131.13251737325572,3.521231164585099,3.0,1.0,2.0,2.0,1.0,1.0,3.0,2.0,2.0,0.0
46,51335838.99837802,95.28826389815114,7455.5200000786845,167.78902738330893,3.167852287789263,3.0,1.0,2.0,2.0,1.0,1.0,3.0,2.0,2.0,0.0
47,51335895.91641543,85.24488374532278,7373.421678294639,203.16969648046452,3.0108477180865503,3.0,1.0,2.0,2.0,1.0,1.0,3.0,2.0,2.0,0.0
48,51335969.46853162,84.06082192840806,7278.573426573448,225.53111877185736,3.129622772976707,3.0,1.0,2.0,2.0,1.0,1.0,3.0,2.0,2.0,1.0
49,51336040.41977599,94.11491955294602,7194.63105100477,228.03644124983342,3.561333865408016,3.0,1.0,2.0,2.0,1.0,1.0,3.0,2.0,2.0,1.0
50,51336105.67245053,109.24235877423031,7118.199548134178,223.4750224475842,4.174141790122914,3.0,1.0,2.0,2.0,1.0,1.0,3.0,2.0,2.0,1.0
51,51336166.16317032,121.14240700999322,7039.121212121234,229.54277378351247,4.793958437312375,3.0,1.0,2.0,2.0,1.0,1.0,3.0,2.0,2.0,1.0
52,51336228.57513051,123.59575143927529,6943.942155222061,259.3695926995075,5.280891804781837,3.0,1.0,2.0,2.0,1.0,1.0,3.0,2.0,2.0,1.0
53,51336322.57784626,118.70875828635018,6806.023762079075,307.82132073140434,5.631834320794608,3.0,1.0,2.0,2.0,1.0,1.0,3.0,2.0,2.0,1.0
54,51336483.587412745,110.66921353679972,6595.431235431255,365.1977854385245,5.8778745212284615,3.0,1.0,2.0,2.0,2.0,2.0,3.0,2.0,2.0,1.0
55,51336735.1936285,103.32828572168101,6295.290736464184,420.89412280550425,6.056748183904201,3.0,2.0,2.0,3.0,2.0,2.0,3.0,2.0,2.0,1.0
56,51337053.6811054,99.19067355395168,5940.972260149836,460.6867025182398,6.232780054414749,3.0,2.0,2.0,3.0,2.0,2.0,3.0,2.0,2.0,1.0
57,51337403.50815867,100.42445829204446,5580.906759906777,469.447202687942,6.476942120296063,3.0,2.0,2.0,3.0,2.0,2.0,3.0,2.0,2.0,1.0
58,51337752.20237233,107.9382093932881,5255.9132879397,437.8960720317328,6.813579974522857,3.0,2.0,2.0,3.0,2.0,2.0,3.0,2.0,2.0,1.0
59,51338079.56840565,117.60244911059513,4976.363291597783,380.14884169037754,7.080533631824883,3.0,2.0,2.0,3.0,2.0,2.0,3.0,2.0,2.0,1.0
60,51338368.48018664,124.02818789577411,4745.016317016331,316.1698134105523,7.069016712370656,3.0,2.0,2.0,3.0,2.0,2.0,3.0,2.0,2.0,1.0
61,51338605.88257767,123.34933534114236,4561.923417311086,262.97248196289235,6.635709391572171,3.0,2.0,2.0,3.0,2.0,2.0,3.0,2.0,2.0,1.0
62,51338795.00417828,117.79139760105257,4416.301673519555,225.76711421386804,5.8991580658153575,3.0,2.0,2.0,3.0,2.0,2.0,3.0,2.0,2.0,1.0
63,51338943.1445223,111.10277997036617,4294.6596736596875,206.8131700539087,5.043375686729625,3.0,2.0,2.0,3.0,2.0,2.0,3.0,2.0,2.0,1.0
64,51339059.81458549,106.10526788847834,4184.632531722196,205.95618196997924,4.254954597350913,3.0,2.0,2.0,3.0,2.0,2.0,3.0,2.0,2.0,1.0
65,51339163.37111117,101.91416737291874,4078.361465588862,213.38597283518746,3.7308047063412637,3.0,2.0,2.0,3.0,2.0,2.0,3.0,2.0,2.0,1.0
66,51339274.38228454,96.71816458575073,3969.1142191142308,216.8784381191767,3.6704153137692495,3.0,2.0,2.0,3.0,2.0,2.0,3.0,2.0,2.0,1.0
67,51339407.48793393,89.16881458301619,3852.594888848641,207.34046540596432,4.171418906094492,3.0,2.0,2.0,3.0,2.0,2.0,3.0,2.0,2.0,1.0
68,51339553.6144601,79.76914799667122,3734.2529821255907,188.20291073706335,4.924020715340816,3.0,2.0,2.0,4.0,2.0,2.0,3.0,2.0,2.0,1.0
69,51339697.75990692,69.48506435265041,3621.9743589743703,166.02762226836072,5.516569159923099,3.0,2.0,2.0,4.0,2.0,2.0,3.0,2.0,2.0,1.0
70,51339827.97778748,59.28595071811719,3521.30406586613,146.5571780591496,5.63853955089785,3.0,3.0,2.0,4.0,2.0,2.0,3.0,2.0,2.0,1.0
71,51339944.54349176,50.15514432514997,3428.4238950394656,132.25707578234832,5.383914769888103,3.0,3.0,2.0,4.0,2.0,2.0,3.0,2.0,2.0,1.0
72,51340050.787878945,43.07946994705594,3337.1748251748354,124.77354301428137,4.94780459115853,3.0,3.0,2.0,4.0,2.0,2.0,3.0,2.0,2.0,1.0
73,51340149.986741155,38.725801121783206,3242.9732731379977,124.57782161553367,4.499884642566162,3.0,3.0,2.0,4.0,2.0,2.0,3.0,2.0,2.0,1.0
74,51340245.19560214,36.481206445843455,3147.5374085359144,127.44121058373149,4.108093966337496,3.0,3.0,2.0,4.0,2.0,2.0,3.0,2.0,2.0,1.0
75,51340339.41491857,35.41280328038924,3054.1608391608484,127.96002320076154,3.8149374582913933,3.0,3.0,2.0,4.0,2.0,2.0,3.0,2.0,2.0,1.0
76,51340434.78568656,34.66753152361926,2965.432989212087,122.23744002905045,3.639874350246932,3.0,3.0,2.0,4.0,2.0,2.0,3.0,2.0,2.0,1.0
77,51340530.01105997,33.711621221916715,2881.126548517012,112.40411075318465,3.510181218024051,3.0,3.0,2.0,4.0,2.0,2.0,3.0,2.0,2.0,1.0
78,51340622.934732094,32.09112495871091,2800.310023310032,102.09755233829064,3.3300889734429067,3.0,3.0,2.0,4.0,2.0,2.0,3.0,2.0,2.0,1.0
79,51340711.647514336,29.51946623798227,2722.037669089943,94.52755876783505,3.0313132405983345,3.0,3.0,2.0,4.0,2.0,2.0,3.0,2.0,2.0,1.0
80,51340795.228690416,26.37955224591566,2645.3067384130986,91.19303209864545,2.6555084926838988,3.0,3.0,2.0,4.0,2.0,2.0,3.0,2.0,2.0,1.0
81,51340873.004662156,23.221661089247014,2569.100233100241,93.16515140588967,2.2718139151678454,3.0,3.0,2.0,4.0,2.0,2.0,3.0,2.0,2.0,1.0
82,51340945.73761281,20.543734352431443,2491.9075715860963,100.63598132769557,1.9386215845655532,3.0,3.0,2.0,4.0,1.0,1.0,3.0,2.0,2.0,1.0
83,51341019.93285148,18.634367530800656,2410.243838761318,110.28112875403116,1.6713351415809372,3.0,3.0,2.0,4.0,1.0,1.0,3.0,2.0,2.0,1.0
84,51341103.53146869,17.72981959740551,2320.130536130543,117.89708613782446,1.474611117965046,3.0,2.0,1.0,0.0,0.0,0.0,3.0,2.0,2.0,1.0
85,51341202.11791203,17.893181812059602,2219.1352043688776,120.26501703564682,1.3522064192690286,3.0,2.0,1.0,0.0,0.0,0.0,3.0,2.0,2.0,1.0
86,51341311.85005739,18.494874581627496,2111.0095408333077,118.10476941864289,1.3042794462444314,3.0,2.0,1.0,0.0,0.0,0.0,3.0,2.0,2.0,1.0
87,51341426.529137686,18.73215059973651,2001.0512820512881,113.12086236160067,1.330088973442901,3.0,2.0,1.0,0.0,0.0,0.0,3.0,2.0,2.0,1.0
88,51341540.14660633,18.052924774232,1894.34527406543,106.79999580352563,1.4187206979831934,3.0,2.0,1.0,0.0,0.0,0.0,3.0,2.0,2.0,1.0
89,51341647.454798676,16.90776086983154,1795.1248009789604,99.75759314029335,1.5185680072525045,3.0,2.0,1.0,0.0,0.0,0.0,3.0,2.0,2.0,1.0
90,51341743.39627056,15.99788486547077,1707.4102564102618,92.39125863199689,1.5678512112051393,3.0,2.0,1.0,0.0,0.0,0.0,3.0,2.0,2.0,1.0
91,51341824.602319896,15.800843202251963,1633.8329180519902,84.99936065904127,1.5280798707575123,3.0,2.0,1.0,0.0,0.0,0.0,3.0,2.0,2.0,1.0
92,51341894.45921297,15.899464169944004,1571.4675998938962,77.48332408307938,1.4539205506744768,3.0,2.0,1.0,0.0,0.0,0.0,3.0,2.0,2.0,1.0
93,51341958.0419582,15.652896520482422,1516.0000000000045,69.64533788607606,1.4233290666829945,3.0,2.0,1.0,0.0,0.0,0.0,3.0,2.0,2.0,1.0
94,51342019.254181534,14.635699514272664,1463.6241846944379,61.76620590171633,1.4832500267338653,3.0,2.0,1.0,0.0,0.0,0.0,3.0,2.0,2.0,1.0
95,51342077.313979305,13.28407444559985,1412.5676933417112,56.04119137056586,1.5565832076732402,3.0,2.0,1.0,0.0,0.0,0.0,3.0,2.0,2.0,1.0
96,51342130.26806542,12.24963311721901,1361.5664335664378,55.14417238491053,1.5352171785711062,3.0,2.0,1.0,0.0,0.0,0.0,3.0,2.0,2.0,1.0
97,51342177.329068534,12.135682092162785,1309.539807039749,60.41234965505636,1.3466143567915934,3.0,2.0,1.0,0.0,0.0,0.0,3.0,2.0,2.0,1.0
98,51342222.37327616,13.352306974574239,1256.1411916188492,67.83621436339006,1.0605325528753964,3.0,2.0,1.0,0.0,0.0,0.0,3.0,2.0,2.0,1.0
99,51342270.4428906,16.261288128874035,1201.207459207463,72.06958031031849,0.7823034256573514,3.0,2.0,1.0,0.0,0.0,0.0,3.0,2.0,2.0,1.0
100,51342324.259813786,20.962209463228938,1145.5913605213648,69.34988735464572,0.6002505428479863,3.0,2.0,1.0,0.0,0.0,0.0,3.0,2.0,2.0,1.0
101,51342377.26474638,26.505869060790026,1094.2091615245358,62.24907958876464,0.5346651076605937,3.0,2.0,1.0,0.0,0.0,0.0,3.0,2.0,2.0,1.0
102,51342420.57808873,31.680868548454498,1052.9930069930103,54.92272716346531,0.5888302321841574,3.0,2.0,1.0,0.0,0.0,0.0,3.0,2.0,2.0,1.0
103,51342448.003687955,35.42539133701496,1026.0089354556656,50.57424375693257,0.7512631641530411,3.0,2.0,1.0,0.0,0.0,0.0,3.0,2.0,2.0,1.0
104,51342464.0791784,37.27594797284577,1009.8585604527588,48.59841715693021,0.9514176938831261,3.0,2.0,1.0,0.0,0.0,0.0,3.0,2.0,2.0,1.0
105,51342476.02564119,36.918630786216745,999.2773892773922,47.4378786786168,1.103981747335674,3.0,2.0,1.0,0.0,0.0,0.0,3.0,2.0,2.0,1.0
106,51342489.856057785,34.31550537350713,989.4480940645221,45.99940304165161,1.1444614104280135,3.0,2.0,1.0,0.0,0.0,0.0,3.0,2.0,2.0,1.0
107,51342506.75101098,30.53253039553396,977.3420063165231,45.04633858369678,1.0916354089017495,3.0,2.0,1.0,0.0,0.0,0.0,3.0,2.0,2.0,2.0
108,51342526.682983845,26.911637779223717,960.3776223776252,45.80617704691517,0.9851006284545546,3.0,2.0,1.0,0.0,0.0,0.0,3.0,2.0,2.0,2.0
109,51342549.64106226,24.526780588665645,936.6801697677454,49.05222181163413,0.863287246654515,3.0,2.0,1.0,0.0,0.0,0.0,3.0,2.0,2.0,2.0
110,51342575.680743106,23.379996436600052,907.201800709552,53.74102281083904,0.7599586085513709,3.0,2.0,1.0,0.0,0.0,0.0,3.0,2.0,2.0,2.0
111,51342604.87412603,23.205344072930004,873.6013986014011,58.37494161567976,0.7077113510652765,3.0,2.0,1.0,0.0,0.0,0.0,3.0,2.0,2.0,2.0
112,51342637.314736865,23.748830648804265,837.550902250855,61.41889545009304,0.7301564575110031,3.0,2.0,1.0,0.0,0.0,0.0,3.0,2.0,2.0,2.0
113,51342673.18180621,24.804256920354483,800.7744721022993,61.18802414916317,0.814962296781794,3.0,2.0,1.0,0.0,0.0,0.0,3.0,2.0,2.0,2.0
114,51342712.675990835,26.177372044957984,765.0093240093262,55.960023200761334,0.9408115841655104,2.0,2.0,1.0,0.0,0.0,0.0,3.0,2.0,2.0,2.0
115,51342754.21628234,27.830914374650433,732.4226185352469,45.21553510909459,1.0781713121760825,2.0,2.0,1.0,0.0,0.0,0.0,3.0,2.0,2.0,2.0
116,51342789.09501152,30.355579040100785,706.901295082249,33.246990443713585,1.1646455822317194,2.0,2.0,1.0,0.0,0.0,0.0,3.0,2.0,2.0,2.0
117,51342806.82284398,34.499050366636325,692.7622377622398,25.549766790504854,1.1296227729766994,2.0,2.0,1.0,0.0,0.0,0.0,3.0,2.0,2.0,2.0
118,51342800.6428922,40.56845136571587,692.7798616294085,25.836696342356124,0.9356201323700626,2.0,2.0,1.0,0.0,0.0,0.0,3.0,2.0,2.0,2.0
119,51342778.72805626,47.10865979332432,703.558705507075,30.690429720159987,0.6776703856298969,2.0,2.0,1.0,0.0,0.0,0.0,3.0,2.0,2.0,2.0
120,51342752.98368314,52.2239920915781,720.1608391608413,34.91107215181023,0.48393512728905236,2.0,2.0,1.0,0.0,0.0,0.0,3.0,2.0,2.0,2.0
121,51342732.83659941,54.46887960826807,738.3717741943037,34.636392497955654,0.4498759556616868,2.0,2.0,1.0,0.0,0.0,0.0,3.0,2.0,2.0,2.0
122,51342717.79955016,54.198213313882746,756.8707895630366,31.354814150265046,0.540154484187189,2.0,2.0,1.0,0.0,0.0,0.0,3.0,2.0,2.0,2.0
123,51342704.90676007,52.2169990845851,775.0606060606084,27.892424133162194,0.6867323300862554,2.0,2.0,2.0,4.0,1.0,1.0,3.0,2.0,2.0,2.0
124,51342691.54131628,49.39726324796095,792.6053544657025,26.395398554581238,0.8241891310864945,2.0,2.0,2.0,4.0,1.0,1.0,3.0,2.0,2.0,2.0
125,51342676.48175578,46.87911393728773,810.2148054974612,26.290269856497744,0.8975766069431617,2.0,2.0,2.0,4.0,1.0,1.0,3.0,2.0,2.0,2.0
126,51342658.85547802,45.869679737265734,828.8601398601423,26.323659564397616,0.8545644979184236,2.0,2.0,2.0,4.0,1.0,1.0,3.0,2.0,2.0,2.0
127,51342638.04933216,47.154620484623905,849.303415039508,25.58117519397631,0.6749788017271695,2.0,2.0,2.0,4.0,1.0,1.0,3.0,2.0,2.0,2.0
128,51342614.48796624,49.833721024205765,871.4701956473402,24.504368221767443,0.4672705458951757,2.0,2.0,2.0,4.0,1.0,1.0,3.0,2.0,2.0,2.0
129,51342588.85547801,52.58529745288347,895.0769230769257,23.87377611451416,0.3720470154009401,2.0,2.0,2.0,4.0,1.0,1.0,3.0,2.0,2.0,2.0
130,51342561.88105735,54.34331571145367,919.7724556344178,24.28410445147893,0.48258852882124575,2.0,2.0,2.0,4.0,1.0,1.0,3.0,2.0,2.0,2.0
131,51342534.474262476,55.064341116411065,944.9353192774344,25.586731262001457,0.7028675391260159,2.0,2.0,2.0,4.0,1.0,1.0,3.0,2.0,2.0,2.0
132,51342507.58974375,54.96058882817485,969.8764568764598,27.447202687940745,0.8895295328834586,2.0,2.0,2.0,4.0,1.0,1.0,3.0,2.0,2.0,2.0
133,51342482.19584284,54.20690060986146,993.9678951173034,29.45875962088888,0.9341234825677976,2.0,2.0,2.0,4.0,1.0,1.0,3.0,2.0,2.0,2.0
134,51342459.31566683,52.82862463537621,1016.8259959470746,30.92542195137027,0.8678123042773193,2.0,2.0,2.0,4.0,1.0,1.0,3.0,2.0,2.0,2.0
135,51342439.98601414,50.81373568132169,1038.1282051282083,31.078904319642383,0.7566624000163256,2.0,2.0,2.0,4.0,1.0,1.0,3.0,2.0,2.0,2.0
136,51342424.4705977,48.34673723893867,1057.7210679281575,29.56700852887868,0.6581102782238544,2.0,2.0,2.0,4.0,1.0,1.0,3.0,2.0,2.0,2.0
137,51342409.94078847,46.39824765802082,1076.1275276344495,27.70188503391659,0.5950728730778894,2.0,2.0,2.0,4.0,1.0,1.0,3.0,2.0,2.0,2.0
138,51342392.794871956,46.13541400300001,1094.0396270396304,27.21177145250951,0.5818372251911503,2.0,2.0,2.0,4.0,1.0,1.0,3.0,2.0,2.0,2.0
139,51342370.70955977,48.278377178793306,1112.1947122169656,28.959875728027548,0.6209967855550516,2.0,2.0,2.0,4.0,1.0,1.0,3.0,2.0,2.0,2.0
140,51342346.47526811,51.75925345225859,1131.5113423625962,30.349287106307592,0.6683706466757848,2.0,2.0,2.0,4.0,1.0,1.0,3.0,2.0,2.0,2.0
141,51342324.16083932,55.06315293073895,1152.9533799533835,27.918065158803216,0.6680843114382367,2.0,2.0,2.0,4.0,1.0,1.0,3.0,2.0,2.0,2.0
142,51342305.93894111,56.909779288096075,1177.3251716957564,20.003632080249652,0.5859975011077455,2.0,2.0,2.0,4.0,1.0,1.0,3.0,2.0,2.0,2.0
143,51342286.39754262,56.95721046426615,1204.7930012144182,12.14086055850873,0.4749068104714591,2.0,2.0,2.0,4.0,1.0,1.0,3.0,2.0,2.0,2.0
144,51342258.228438385,55.09811796570399,1235.3636363636401,11.663985904723937,0.40934305269697735,2.0,2.0,2.0,4.0,1.0,1.0,3.0,2.0,2.0,2.0
145,51342217.78064066,51.56070668587287,1267.3275311562938,23.654940024746207,0.43970314149411466,2.0,2.0,2.0,4.0,1.0,1.0,3.0,2.0,2.0,2.0
146,51342176.03203277,47.91531506626997,1292.1098842396514,44.186441203256315,0.5198483927415427,2.0,2.0,2.0,4.0,1.0,1.0,3.0,2.0,2.0,2.0
147,51342147.617715776,46.06781493540093,1299.4195804195842,67.07890431964249,0.5795062228601477,2.0,2.0,2.0,4.0,1.0,1.0,3.0,2.0,2.0,2.0
148,51342144.168748416,47.32067398054187,1281.7626144103344,86.94689983548605,0.5645850357677809,2.0,2.0,2.0,4.0,1.0,1.0,3.0,2.0,2.0,2.0
149,51342165.30002007,50.562743324050736,1242.8334205596248,101.58162054114067,0.48571718537015235,2.0,2.0,2.0,4.0,1.0,1.0,3.0,2.0,2.0,2.0
150,51342207.62237778,54.07946994705596,1189.1235431235468,109.5684148091531,0.36971601306993745,2.0,2.0,2.0,4.0,1.0,1.0,3.0,2.0,2.0,2.0
151,51342266.31126641,56.51151428572592,1127.5584698055154,110.13673132367619,0.24553985247478047,2.0,2.0,2.0,4.0,1.0,1.0,3.0,2.0,2.0,2.0
152,51342330.80052195,57.92039059638877,1066.799462098234,105.09242001528719,0.15072700601220207,2.0,2.0,2.0,4.0,1.0,1.0,3.0,2.0,2.0,2.0
153,51342389.08857824,58.72282659041263,1015.941724941728,96.8854311261694,0.12496076831469213,2.0,2.0,2.0,4.0,1.0,1.0,3.0,2.0,2.0,2.0
154,51342431.77879676,59.31271309484814,981.8885102526284,87.58859672999402,0.1949048227725776,2.0,2.0,2.0,4.0,1.0,1.0,3.0,2.0,2.0,2.0
155,51342459.89424978,59.99259339947613,962.775257853986,77.76627622638372,0.3351444078075343,2.0,2.0,2.0,4.0,1.0,1.0,3.0,2.0,2.0,2.0
156,51342477.062937215,61.04217390975995,954.5454545454573,67.60571084644901,0.5072451505990754,2.0,2.0,2.0,4.0,1.0,1.0,3.0,2.0,2.0,2.0
157,51342486.37696625,62.532289501720584,953.5684871983206,57.60753429942966,0.6782444199620179,3.0,2.0,2.0,4.0,1.0,1.0,3.0,2.0,2.0,2.0
158,51342488.78487301,63.698288933609426,957.9173429703424,49.52595020708228,0.8370665512523959,3.0,2.0,2.0,4.0,1.0,1.0,3.0,2.0,2.0,2.0
159,51342484.699300855,63.56664943423548,966.0909090909119,45.428554669292794,0.9781076214615475,2.0,2.0,2.0,4.0,1.0,1.0,3.0,2.0,2.0,2.0
160,51342475.40478351,61.493120038776915,976.2636827135814,46.512017380800955,1.0899180219700932,2.0,2.0,2.0,4.0,1.0,1.0,3.0,2.0,2.0,2.0
161,51342465.67341616,58.15053700788856,985.3126006885582,50.489302415762126,1.1376654017157835,2.0,2.0,2.0,4.0,1.0,1.0,3.0,2.0,2.0,2.0
162,51342461.1491843,54.541008408594436,989.7902097902127,54.20244744318558,1.0806717240256503,2.0,2.0,2.0,4.0,1.0,1.0,3.0,2.0,2.0,2.0
163,51342465.54952783,51.60003932016364,987.328780566036,55.38183832590412,0.9033356268666332,2.0,2.0,2.0,4.0,1.0,1.0,3.0,2.0,2.0,2.0
164,51342474.885703996,49.99672287084568,979.8794786559998,55.31125370204488,0.6903624467652987,2.0,2.0,2.0,4.0,1.0,1.0,3.0,2.0,2.0,2.0
165,51342483.2424244,50.33354920113521,970.4731934731964,56.16282040355855,0.5515341948881202,2.0,2.0,2.0,4.0,1.0,1.0,3.0,2.0,2.0,2.0
166,51342486.555096254,52.76406554342755,961.5369681380652,59.337361803410545,0.5700299373107293,2.0,2.0,2.0,4.0,1.0,1.0,3.0,2.0,2.0,2.0
167,51342488.16190917,55.64604749772079,953.0824606004356,63.1504874386252,0.7226169597453911,2.0,2.0,2.0,4.0,1.0,1.0,3.0,2.0,2.0,2.0
168,51342493.251748405,56.88832775591378,944.5174825174853,65.14650338724155,0.959459602813529,2.0,2.0,2.0,4.0,1.0,1.0,3.0,2.0,2.0,2.0
169,51342505.412769616,55.06147476275189,935.3885804136211,63.67704497987978,1.2236518911212713,2.0,2.0,2.0,4.0,1.0,1.0,3.0,2.0,2.0,2.0
170,51342521.83021028,51.38299997436677,925.7972402821692,60.3230645574846,1.4300065852135635,2.0,2.0,2.0,4.0,1.0,1.0,3.0,2.0,2.0,2.0
171,51342538.088578254,47.732150599736606,915.9836829836858,57.47284371358186,1.486266129620057,2.0,2.0,2.0,4.0,1.0,1.0,3.0,2.0,2.0,2.0
172,51342550.43467917,45.78810174248066,906.3421039741944,56.86188229558995,1.3367544930530744,2.0,2.0,2.0,4.0,1.0,1.0,3.0,2.0,2.0,2.0
173,51342557.764509596,46.42974008478238,897.8825970915897,57.61455316649748,1.0721217409556245,2.0,2.0,2.0,4.0,1.0,1.0,3.0,2.0,2.0,2.0
174,51342559.63636379,50.33588020346622,891.7692307692333,58.20244744318559,0.8195994629533888,2.0,2.0,2.0,4.0,1.0,1.0,3.0,2.0,2.0,2.0
175,51342555.92336572,57.49698785037776,889.1569292702094,57.50908658251671,0.6771522446121003,2.0,2.0,2.0,4.0,1.0,1.0,3.0,2.0,2.0,2.0
176,51342547.75795796,65.15013347744693,891.1640401764902,56.06571340127832,0.625676655257701,2.0,2.0,2.0,4.0,1.0,1.0,3.0,2.0,2.0,2.0
177,51342536.587412745,69.84403871162478,898.8997668997696,54.8155010562392,0.6168022601561853,2.0,2.0,2.0,4.0,1.0,1.0,3.0,2.0,2.0,2.0
178,51342524.45789013,68.98618482376244,912.1705570853616,54.53677892044632,0.6121107127629295,2.0,2.0,2.0,4.0,1.0,1.0,3.0,2.0,2.0,2.0
179,51342515.81110144,63.41909166031178,925.5718353130586,55.34850123205944,0.6129920192908385,2.0,2.0,2.0,4.0,1.0,1.0,3.0,2.0,2.0,2.0
180,51342515.68764584,54.844038711624734,932.396270396273,57.204778445516595,0.6307882741421993,2.0,2.0,2.0,4.0,1.0,1.0,3.0,2.0,2.0,2.0
181,51342527.67769145,45.086719921869104,927.5831854773702,59.74841591807845,0.6675088908970528,2.0,2.0,2.0,4.0,1.0,1.0,3.0,2.0,2.0,2.0
182,51342549.569682434,36.47048705047598,912.6585210145271,61.3769986182964,0.6878325598464551,2.0,2.0,2.0,4.0,1.0,1.0,3.0,2.0,2.0,2.0
183,51342577.70163186,31.443106310692272,890.7948717948744,60.17680641754457,0.6471052904592156,2.0,2.0,2.0,4.0,1.0,1.0,3.0,2.0,2.0,2.0
184,51342608.22476635,31.547277574619237,865.2221607306337,55.247481296259366,0.5218357210877406,2.0,2.0,2.0,4.0,1.0,1.0,3.0,2.0,2.0,2.0
185,51342636.543166414,34.70543534977543,839.3996232343912,49.74211367112655,0.3731830056188228,2.0,2.0,2.0,4.0,1.0,1.0,3.0,2.0,2.0,2.0
186,51342657.87412603,37.93494780253377,816.8438228438253,47.827156067894194,0.28346892682285113,2.0,2.0,2.0,4.0,1.0,1.0,3.0,2.0,2.0,2.0
187,51342669.5113905,39.027372955039624,799.6697584083641,52.24203465502202,0.3129651526924615,2.0,2.0,2.0,4.0,1.0,1.0,3.0,2.0,2.0,2.0
188,51342677.05451033,38.87102825252815,784.38617002444,60.01807017181635,0.4337428921092762,2.0,2.0,2.0,4.0,1.0,1.0,3.0,2.0,2.0,2.0
189,51342688.17948734,39.12842099600697,766.1002331002354,66.75955700029516,0.5958232391771643,2.0,2.0,2.0,4.0,1.0,1.0,3.0,2.0,2.0,2.0
190,51342708.793990985,40.76401989819408,741.4075339446523,69.0465481235828,0.75142872005768,2.0,2.0,2.0,4.0,1.0,1.0,3.0,2.0,2.0,2.0
191,51342737.73236136,41.950139318648844,712.8573024694687,67.36213092922891,0.8615875891431181,2.0,2.0,2.0,4.0,1.0,1.0,3.0,2.0,2.0,2.0
192,51342772.06060621,40.16105502864101,684.4871794871815,63.16515140588956,0.8895295328834586,2.0,2.0,2.0,4.0,1.0,1.0,3.0,2.0,2.0,2.0
193,51342807.85041737,34.53193227308477,659.7274735070743,57.84188356518648,0.8118149576953612,2.0,2.0,2.0,4.0,1.0,1.0,3.0,2.0,2.0,2.0
194,51342837.19622299,30.841494191472094,639.5791638255754,52.48831351060433,0.6583271498622028,2.0,2.0,2.0,4.0,1.0,1.0,3.0,2.0,2.0,2.0
195,51342851.19813536,36.5293533969394,624.4358974358994,48.12785536859349,0.4722801156340403,2.0,2.0,2.0,4.0,1.0,1.0,3.0,2.0,2.0,2.0
196,51342841.22228056,56.901828008559775,616.9474429586,45.39604387022637,0.2959262705659155,2.0,2.0,2.0,4.0,1.0,1.0,3.0,2.0,2.0,2.0
197,51342799.69884014,88.73205816915306,628.7880555235885,43.37689616506367,0.1676716674328103,2.0,2.0,2.0,4.0,1.0,1.0,3.0,2.0,2.0,2.0
198,51342719.32400948,126.65988952747578,673.8881118881139,40.7665500072881,0.12496076831469213,2.0,2.0,2.0,4.0,1.0,1.0,3.0,2.0,2.0,2.0
199,51342594.58757865,165.96064366474732,763.1347446438605,36.88851337957578,0.19204134105923792,2.0,2.0,2.0,4.0,1.0,1.0,3.0,2.0,2.0,2.0
200,51342427.153716505,204.45154589203878,895.2421097202459,33.57577517857629,0.340374376584964,2.0,2.0,2.0,4.0,1.0,1.0,3.0,2.0,2.0,2.0
201,51342220.48018664,240.585297452884,1065.8811188811223,33.28869452943261,0.5282241715780964,2.0,2.0,2.0,4.0,1.0,1.0,3.0,2.0,2.0,2.0
202,51341979.84171989,272.6899409723126,1270.0052472909754,37.514522520518966,0.7120910015033148,2.0,2.0,2.0,4.0,1.0,1.0,3.0,2.0,2.0,2.0
203,51341717.78091621,298.59488460133684,1499.6982237168304,43.84807809313467,0.8414190569391117,2.0,2.0,2.0,4.0,1.0,1.0,3.0,2.0,2.0,2.0
204,51341448.65734282,316.00487787246465,1746.3263403263456,48.911072151810274,0.8638885072424329,2.0,2.0,2.0,4.0,1.0,1.0,3.0,2.0,2.0,2.0
205,51341182.72075643,323.92536663062936,2002.873533221529,50.48348307953014,0.7603823138387145,2.0,2.0,2.0,4.0,1.0,1.0,3.0,2.0,2.0,2.0
206,51340913.781671695,326.5645819704668,2268.7943142417803,50.97835917309374,0.6445946064273523,2.0,2.0,2.0,4.0,1.0,1.0,3.0,2.0,2.0,2.0
207,51340631.5407927,329.43145129903814,2545.160839160847,53.96701620775435,0.6634223067762324,2.0,2.0,2.0,4.0,1.0,1.0,3.0,2.0,2.0,2.0
208,51340329.87648129,336.6045350399664,2831.2246982136903,62.139103860014615,0.9187032755889135,2.0,2.0,2.0,4.0,1.0,1.0,3.0,2.0,2.0,2.0
209,51340019.377729975,346.4409256831217,3118.9552194801245,74.65760741137473,1.3320391293116458,2.0,2.0,2.0,4.0,1.0,1.0,3.0,2.0,2.0,2.0
210,51339714.811188966,355.86734873493566,3398.501165501176,89.80384604458429,1.7799724233263516,2.0,2.0,2.0,4.0,1.0,1.0,3.0,2.0,2.0,2.0
211,51339429.41417236,361.60840570027193,3661.4644864939064,106.1209140856531,2.1555430346676423,2.0,2.0,2.0,4.0,1.0,1.0,3.0,2.0,2.0,2.0
212,51339170.306649655,359.58020207772125,3905.2598833795205,123.19900643363187,2.41778012698088,2.0,2.0,2.0,4.0,1.0,1.0,3.0,2.0,2.0,2.0
213,51338943.07925424,345.4967193643062,4128.755244755257,140.8900931308315,2.542210185564116,2.0,2.0,2.0,4.0,1.0,1.0,3.0,2.0,2.0,2.0
214,51338752.93734737,317.3490477516728,4329.428881322276,158.5294190606487,2.5188261722323437,2.0,2.0,2.0,4.0,1.0,1.0,3.0,2.0,2.0,2.0
215,51338603.54520184,282.23671220996073,4499.200792197408,173.3853284708228,2.3954869548683364,2.0,2.0,2.0,4.0,1.0,1.0,3.0,2.0,2.0,2.0
216,51338498.181818336,249.53634640393304,4628.601398601413,182.20944045017896,2.2345178778718076,2.0,2.0,2.0,4.0,1.0,1.0,3.0,2.0,2.0,2.0
217,51338437.45294607,226.2258273956482,4711.502971900056,183.48995084472386,2.091825459199745,2.0,2.0,2.0,4.0,1.0,1.0,3.0,2.0,2.0,2.0
218,51338411.27132835,209.68800583634615,4755.145184039162,182.66136252919054,1.9976409110382134,2.0,2.0,2.0,4.0,1.0,1.0,3.0,2.0,2.0,2.0
219,51338406.876457036,194.90697577456223,4770.109557109572,186.89475513549368,1.9757766191305484,2.0,2.0,2.0,4.0,1.0,1.0,2.0,2.0,2.0,2.0
220,51338414.86012423,178.42682788377238,4763.967070152095,201.46059128803407,2.048908119461716,2.0,2.0,2.0,4.0,1.0,1.0,2.0,2.0,2.0,2.0
221,51338439.223323196,163.03163933721524,4732.246530007423,224.0268655811571,2.2351635489832025,2.0,2.0,2.0,4.0,1.0,1.0,2.0,2.0,2.0,2.0
222,51338487.31934748,153.06548393307025,4667.466200466215,250.36095560169431,2.5515341948881263,2.0,2.0,2.0,4.0,1.0,1.0,2.0,2.0,2.0,2.0
223,51338565.220690735,151.2394417806949,4564.895086091321,276.4204848670391,2.9878181983531085,2.0,2.0,2.0,4.0,1.0,1.0,2.0,2.0,2.0,2.0
224,51338673.876647174,153.7326182341592,4430.805154534357,298.9240606168318,3.425041116488784,2.0,2.0,2.0,4.0,1.0,1.0,2.0,2.0,2.0,2.0
225,51338812.95571111,155.09112495871128,4274.219114219127,314.78053602127494,3.717035360389295,2.0,2.0,2.0,4.0,1.0,1.0,2.0,2.0,2.0,2.0
226,51338980.39084423,151.31893623583062,4103.08238777917,322.2045030352763,3.766850380947406,2.0,2.0,2.0,4.0,1.0,1.0,2.0,2.0,2.0,2.0
227,51339167.17287763,144.25147681192172,3921.0312546869645,324.6335087525656,3.6744037882503946,2.0,2.0,2.0,4.0,1.0,1.0,2.0,2.0,2.0,2.0
228,51339362.55710971,137.1820340496203,3730.6247086247204,326.810839051578,3.5888302321841663,2.0,2.0,2.0,4.0,1.0,1.0,2.0,2.0,2.0,2.0
229,51339558.66037768,132.56864323199707,3534.6304089804507,331.2888872970069,3.615204475071738,2.0,2.0,2.0,4.0,1.0,1.0,2.0,2.0,2.0,2.0
230,51339759.045673855,129.52833132386183,3336.650677965374,331.85647679857857,3.6823617289845743,2.0,2.0,2.0,4.0,1.0,1.0,2.0,2.0,2.0,2.0
231,51339970.13752929,126.34287321045944,3140.496503496513,320.11153835227725,3.675077318431253,2.0,2.0,2.0,4.0,1.0,1.0,2.0,2.0,2.0,2.0
232,51340193.190645166,121.67144830665613,2951.3072255436764,291.07987632772483,3.5143263208838507,2.0,2.0,2.0,4.0,1.0,1.0,2.0,2.0,2.0,2.0
233,51340408.780403025,115.68285414580457,2779.5355922878257,253.4987893890924,3.2658828256684433,2.0,2.0,2.0,4.0,1.0,1.0,2.0,2.0,2.0,2.0
234,51340592.31235447,108.92329279087899,2636.962703962712,219.53344977418843,3.0317206750746077,2.0,2.0,2.0,4.0,1.0,1.0,2.0,2.0,2.0,2.0
235,51340726.777077086,102.10807777607663,2530.592816963694,198.39822850981443,2.8873213280142154,2.0,2.0,2.0,4.0,1.0,1.0,2.0,2.0,2.0,2.0
236,51340825.50525233,96.62896852048686,2448.3228123325666,187.50429177874386,2.8021967098883254,2.0,2.0,2.0,4.0,1.0,1.0,2.0,2.0,2.0,2.0
237,51340909.41258757,94.04683591442206,2373.2727272727348,181.31200455274305,2.7193663627202946,2.0,2.0,2.0,4.0,1.0,1.0,2.0,2.0,2.0,2.0
238,51340995.32903668,95.10050566548617,2292.5686791821013,175.1563292399019,2.6089708997654157,1.0,2.0,2.0,4.0,1.0,1.0,2.0,2.0,2.0,2.0
239,51341083.74153948,97.24062275044929,2209.361106236567,167.87061799360464,2.5496352192067318,1.0,2.0,2.0,4.0,1.0,1.0,2.0,2.0,2.0,2.0
240,51341171.05128221,97.0957869633731,2130.8065268065334,159.16282040355884,2.6471052904592223,1.0,2.0,2.0,4.0,1.0,1.0,2.0,2.0,2.0,2.0
241,51341254.3314512,92.40348001440937,2062.349681191826,148.7205357190899,2.9583735479595212,1.0,2.0,2.0,4.0,1.0,1.0,2.0,2.0,2.0,2.0
242,51341333.34323287,85.33671127807028,2002.5881974099739,136.14996182799385,3.345418286230879,1.0,2.0,2.0,4.0,1.0,1.0,2.0,2.0,2.0,2.0
243,51341408.51981367,79.17737204495815,1948.4079254079315,121.03694627768463,3.621464264818199,1.0,2.0,2.0,4.0,1.0,1.0,2.0,2.0,2.0,2.0
244,51341478.64309609,76.47473100488318,1898.3055823236198,103.69576706240817,3.6443451886637086,1.0,2.0,2.0,4.0,1.0,1.0,2.0,2.0,2.0,2.0
245,51341535.88984666,76.84756644448724,1857.2213540588245,87.35442396373938,3.450330544298927,1.0,2.0,2.0,3.0,1.0,2.0,2.0,2.0,2.0,2.0
246,51341570.78554794,79.18203404962014,1831.7062937062992,75.96934721008544,3.1202987636526958,1.0,2.0,2.0,3.0,1.0,2.0,2.0,2.0,2.0,2.0
247,51341577.904677846,82.3676298416084,1824.9119746643821,72.8468831595278,2.732356158953038,1.0,2.0,2.0,3.0,1.0,2.0,2.0,2.0,2.0,2.0
248,51341568.01769568,85.30721118368558,1826.39205155376,78.69304268884532,2.3535205636247043,1.0,2.0,2.0,3.0,1.0,2.0,2.0,2.0,2.0,2.0
249,51341555.94405609,86.9069757745619,1822.3006993007048,93.56375280449109,2.048037691391621,1.0,2.0,2.0,3.0,1.0,2.0,2.0,2.0,2.0,2.0
250,51341555.06686478,86.4295232089734,1801.4533220923538,115.94939410993729,1.8644174738350228,1.0,2.0,2.0,4.0,1.0,2.0,2.0,2.0,2.0,2.0
251,51341573.02383153,84.563060665759,1763.310241159303,138.078161596732,1.7882267139653538,1.0,2.0,2.0,3.0,1.0,2.0,2.0,2.0,2.0,2.0
252,51341616.016317174,82.35219721978332,1709.9930069930122,150.61270385344224,1.789296432650361,3.0,2.0,2.0,3.0,1.0,2.0,2.0,2.0,2.0,2.0
253,51341685.49815662,80.74117902158306,1645.5140532055505,147.17101932729852,1.8391135016366689,3.0,2.0,2.0,3.0,1.0,2.0,2.0,2.0,2.0,2.0
254,51341763.93308116,80.27280052438287,1581.4493458914214,133.19250590018513,1.9157881961864045,3.0,2.0,2.0,3.0,1.0,2.0,2.0,2.0,2.0,2.0
255,51341829.0372962,81.38949325707937,1531.265734265739,117.07191131264965,1.9990866424405715,3.0,2.0,2.0,3.0,1.0,2.0,2.0,2.0,2.0,2.0
256,51341864.49571991,84.21475685254043,1504.3754689704786,105.6090989345357,2.0684770024236916,1.0,2.0,2.0,3.0,1.0,2.0,2.0,2.0,2.0,2.0
257,51341877.86812173,87.59636335951896,1493.9724063550707,99.22439465287077,2.10223558169435,1.0,2.0,2.0,3.0,1.0,2.0,2.0,2.0,2.0,2.0
258,51341882.68298384,90.06315293073907,1489.1958041958087,96.74323998397826,2.078340721694651,1.0,2.0,2.0,3.0,1.0,2.0,2.0,2.0,2.0,2.0
259,51341890.33049882,90.51746622477785,1481.2156171441095,96.71328703302395,1.9866524484661015,1.0,1.0,2.0,3.0,1.0,2.0,2.0,2.0,2.0,2.0
260,51341903.647700615,89.35564592362455,1469.324587351882,96.571030260543,1.864557526447821,1.0,1.0,2.0,3.0,1.0,2.0,2.0,2.0,2.0,3.0
261,51341923.33333349,87.34753521512134,1454.8461538461584,93.47517471591297,1.7613244046783336,1.0,1.0,2.0,3.0,1.0,2.0,2.0,2.0,2.0,3.0
262,51341948.30082153,85.37358444540442,1439.466629491011,85.90403907741761,1.7184471307027391,1.0,1.0,2.0,3.0,1.0,2.0,2.0,2.0,2.0,3.0
263,51341970.3223079,84.75667259378592,1426.3238224986735,77.61439653896568,1.7463221460924414,1.0,1.0,2.0,3.0,1.0,2.0,2.0,2.0,2.0,3.0
264,51341979.38461554,86.93028579787193,1418.9184149184193,73.68263392337214,1.8475714909254202,1.0,1.0,2.0,3.0,1.0,2.0,2.0,2.0,2.0,3.0
265,51341968.928790465,92.65210019635877,1419.8587264994014,77.31475007926178,2.0091544251085796,1.0,1.0,2.0,3.0,1.0,2.0,2.0,2.0,2.0,3.0
266,51341946.2127709,99.97655193230348,1428.1836277902894,84.23519195849872,2.15537908786452,1.0,1.0,2.0,3.0,1.0,2.0,2.0,2.0,2.0,3.0
267,51341921.9487181,106.28226714985333,1442.0396270396313,88.29801853875678,2.194890838244768,1.0,1.0,2.0,3.0,1.0,2.0,2.0,2.0,2.0,3.0
268,51341904.076048955,109.5729661962955,1459.7826568622681,85.26652914619979,2.0653205160385335,1.0,1.0,2.0,3.0,1.0,2.0,2.0,2.0,2.0,3.0
269,51341889.44320271,110.352746231477,1480.6063473382096,78.54098450095107,1.8202408839857687,1.0,1.0,2.0,3.0,1.0,2.0,2.0,2.0,2.0,3.0
270,51341872.12587428,109.75079861838482,1503.9137529137574,73.43088567162387,1.5422101855641137,1.0,1.0,2.0,3.0,1.0,2.0,2.0,2.0,2.0,3.0
271,51341847.45604168,108.84520901315035,1529.4244421320145,73.72944089067595,1.3083879496853017,1.0,1.0,2.0,3.0,1.0,2.0,2.0,2.0,2.0,3.0
272,51341815.79081561,108.50964024448275,1558.1240399232893,77.16468704594328,1.174338846997447,1.0,1.0,1.0,3.0,1.0,2.0,2.0,2.0,2.0,3.0
273,51341778.7435899,109.56664943423563,1591.3146853146905,79.9483681891064,1.1902288335827609,1.0,1.0,1.0,3.0,1.0,2.0,2.0,2.0,2.0,3.0
274,51341737.897419706,112.39429430471684,1629.6692767594036,79.4200146731664,1.3825162267323696,1.0,1.0,1.0,3.0,1.0,2.0,2.0,2.0,2.0,3.0
275,51341694.71400543,115.59263498005134,1671.3437504149201,77.43030205640648,1.6828287885730693,1.0,1.0,1.0,3.0,1.0,2.0,2.0,2.0,2.0,3.0
276,51341650.62470879,117.3172321848184,1713.8648018648069,76.95769219843041,1.999086642440572,1.0,1.0,1.0,3.0,1.0,2.0,2.0,2.0,2.0,3.0
277,51341607.2624044,116.42117781706354,1754.6880562866731,80.14378474770541,2.2480984233934014,1.0,1.0,1.0,3.0,1.0,2.0,2.0,2.0,2.0,3.0
278,51341567.066018656,114.54768846869771,1790.984857234293,85.78273050815254,2.3822268133813287,1.0,1.0,1.0,3.0,1.0,2.0,2.0,2.0,2.0,3.0
279,51341532.675990835,114.03751190509813,1819.8554778554833,91.83181807255632,2.362723006076936,1.0,1.0,1.0,3.0,1.0,2.0,2.0,2.0,2.0,3.0
280,51341505.622073546,116.44348448836966,1840.0019635174008,96.51919429478926,2.176805824866681,1.0,1.0,1.0,3.0,1.0,2.0,2.0,2.0,2.0,3.0
281,51341482.99127256,120.16679696752762,1856.533448464567,99.15643907307593,1.9155646119925165,1.0,1.0,1.0,3.0,1.0,2.0,2.0,2.0,2.0,3.0
282,51341460.75990692,122.8207286883149,1876.160839160845,99.32599056672883,1.6960563394102683,1.0,1.0,1.0,3.0,1.0,2.0,2.0,2.0,2.0,3.0
283,51341435.40323485,123.01294797637219,1903.5012751742759,97.23136696949592,1.6146967072818823,1.0,1.0,1.0,3.0,1.0,2.0,2.0,2.0,2.0,3.0
284,51341405.39227116,123.3286790769312,1934.7968284896183,95.56040661286673,1.6853363285937726,1.0,1.0,1.0,3.0,1.0,2.0,2.0,2.0,2.0,3.0
285,51341369.69696985,127.34753521512148,1964.19580419581,97.62202786276613,1.9011845445384736,1.0,1.0,1.0,3.0,1.0,2.0,2.0,2.0,2.0,3.0
286,51341327.942662194,137.5123211525899,1987.9427760687042,105.14229219194432,2.2234700651920845,1.0,1.0,1.0,3.0,1.0,2.0,2.0,2.0,2.0,3.0
287,51341282.376188666,151.71860779705278,2010.667392631816,113.5158335004525,2.48549907616497,1.0,1.0,1.0,3.0,1.0,2.0,2.0,2.0,2.0,3.0
288,51341235.899767056,166.72515759274395,2039.0955710955773,116.55442879516711,2.488597131951062,1.0,1.0,1.0,3.0,1.0,2.0,2.0,2.0,2.0,3.0
289,51341187.74548191,180.59873627975495,2079.965296455286,110.33860717963276,2.1153998493835084,1.0,1.0,1.0,3.0,1.0,2.0,2.0,2.0,2.0,3.0
290,51341122.46488481,196.63812278160864,2140.0628248457106,100.02390614406647,1.57378309465232,1.0,1.0,1.0,3.0,1.0,2.0,2.0,2.0,2.0,3.0
291,51341020.9393941,219.45009931768584,2226.1864801864867,93.03461527535354,1.1529327962867237,1.0,1.0,1.0,3.0,1.0,2.0,2.0,2.0,2.0,3.0
292,51340870.08024579,251.2985528063946,2343.4623767098606,94.84901787969325,1.073328489128742,1.0,1.0,1.0,3.0,1.0,2.0,2.0,2.0,2.0,3.0
293,51340680.91794654,285.0757889622527,2490.327789898528,103.1613721405415,1.2806241332715764,1.0,1.0,1.0,3.0,1.0,2.0,2.0,2.0,2.0,3.0
294,51340470.512820676,311.33121819880495,2663.547785547794,113.71992996066828,1.6517672951212234,1.0,1.0,1.0,3.0,1.0,2.0,2.0,2.0,2.0,3.0
295,51340253.406038694,323.7221178819182,2858.8222510090345,122.74392722462989,2.069186865459096,1.0,1.0,1.0,3.0,1.0,2.0,2.0,2.0,2.0,3.0
296,51340034.06215586,328.33723318674595,3067.590359857902,128.33653574412776,2.437237032568271,1.0,1.0,1.0,3.0,1.0,2.0,2.0,2.0,2.0,3.0
297,51339814.42657359,334.37317624076314,3280.226107226117,129.07191131264966,2.66575330910724,1.0,1.0,1.0,3.0,1.0,2.0,2.0,2.0,2.0,3.0
298,51339593.12215655,349.18377790892225,3490.951373290141,124.80306329400725,2.703150629051696,1.0,1.0,1.0,3.0,1.0,2.0,2.0,2.0,2.0,3.0
299,51339355.481622316,372.751744006084,3709.3795784053946,120.49841533330792,2.6521616116461297,1.0,1.0,1.0,3.0,1.0,2.0,2.0,2.0,2.0,3.0
300,51339083.51515167,403.2169990845861,3948.9720279720395,122.405244645983,2.654098297452229,1.0,1.0,1.0,3.0,1.0,2.0,2.0,2.0,2.0,3.0
301,51338766.13874708,437.601477413288,4219.580837372379,134.6462276461793,2.796232156479243,1.0,1.0,2.0,4.0,1.0,2.0,2.0,2.0,2.0,3.0
302,51338419.891697705,468.45515212713485,4516.621361917288,152.8456375429054,2.9496723765266553,1.0,1.0,2.0,4.0,1.0,2.0,2.0,2.0,2.0,3.0
303,51338068.21911438,487.21000607759333,4831.899766899782,170.50314674388522,2.9314875748415066,1.0,1.0,2.0,4.0,1.0,2.0,2.0,2.0,2.0,3.0
304,51337730.865288936,488.811763044899,5155.70904653752,182.7459026995825,2.6315204580879676,2.0,1.0,2.0,4.0,1.0,2.0,2.0,2.0,2.0,3.0
305,51337412.77123728,482.2611105243627,5472.2895107467375,191.2109530314197,2.2307100905987154,2.0,1.0,2.0,4.0,1.0,2.0,2.0,2.0,2.0,3.0
306,51337115.17715633,480.0724769400643,5764.368298368316,199.16282040355898,1.982769626123556,2.0,1.0,2.0,4.0,1.0,2.0,2.0,2.0,2.0,3.0
307,51336834.98941005,491.7382788661148,6022.989175217166,208.9681665979268,2.0784909387640673,2.0,1.0,2.0,4.0,1.0,2.0,2.0,2.0,2.0,3.0
308,51336551.77903054,514.6628854767512,6272.4624150043455,219.40220986750666,2.4569807840289233,2.0,1.0,2.0,4.0,1.0,2.0,2.0,2.0,2.0,3.0
309,51336240.78321694,543.2286540962416,6545.414918414939,228.34230758304622,2.9944246377785704,2.0,1.0,2.0,4.0,1.0,2.0,2.0,2.0,2.0,3.0
310,51335885.36665999,572.4212565489678,6863.890153483159,235.5076238126681,3.577827836958066,2.0,1.0,2.0,4.0,1.0,2.0,2.0,2.0,2.0,3.0
311,51335501.4040168,599.6396226597658,7207.597857639695,247.98454941399405,4.137475162850905,2.0,1.0,2.0,4.0,1.0,2.0,2.0,2.0,2.0,3.0
312,51335112.89743605,622.8859967535845,7545.664335664358,274.7012819420208,4.614471257825195,2.0,1.0,2.0,4.0,1.0,2.0,2.0,2.0,2.0,3.0
313,51334739.80588652,641.5569247904358,7854.35593475605,320.08669534785696,4.958080254743149,2.0,1.0,2.0,4.0,1.0,2.0,2.0,2.0,2.0,3.0
314,51334385.91561719,660.6261592705807,8138.499171790026,370.5723691670597,5.150204248443418,2.0,1.0,2.0,4.0,1.0,2.0,2.0,2.0,2.0,3.0
315,51334050.969697125,686.4617543293424,8410.060606060631,408.0905593312985,5.180904824258763,2.0,1.0,2.0,4.0,1.0,2.0,2.0,2.0,2.0,3.0
316,51333729.160550274,723.6880901651949,8682.902372709048,419.91764801239106,5.094860509202329,2.0,1.0,2.0,3.0,1.0,2.0,2.0,2.0,2.0,3.0
317,51333392.47802024,769.9548512292167,8978.468910263804,414.70652234274957,5.155217597008804,2.0,1.0,2.0,3.0,1.0,2.0,2.0,2.0,2.0,3.0
318,51333007.36130552,821.1680480356364,9320.100233100262,406.4541956949349,5.679739323093266,2.0,1.0,2.0,3.0,1.0,2.0,2.0,2.0,2.0,3.0
319,51332549.39107416,873.2659543295528,9725.487479527488,405.7245128621475,6.894500800594272,2.0,1.0,2.0,3.0,1.0,2.0,2.0,2.0,2.0,3.0
320,51332030.71387233,922.315896779543,10189.726283589356,409.3486443201466,8.65882465354431,2.0,1.0,2.0,3.0,1.0,2.0,2.0,2.0,2.0,3.0
321,51331472.617715776,964.417465285054,10702.263403263436,410.7245919653312,10.74034538369934,2.0,1.0,2.0,3.0,1.0,2.0,2.0,2.0,2.0,3.0
322,51330892.90098502,996.1042612449601,11252.241639941776,406.6044587369458,12.912176733584715,2.0,1.0,2.0,3.0,1.0,2.0,2.0,2.0,2.0,3.0
323,51330295.403519794,1015.6459320558464,11827.58796867431,407.1567517456175,14.969349408803296,2.0,1.0,2.0,3.0,1.0,2.0,2.0,2.0,2.0,3.0
324,51329680.475524634,1021.7461366137256,12415.925407925446,425.90407914481847,16.71237335572733,2.0,1.0,2.0,3.0,1.0,2.0,2.0,2.0,2.0,3.0
325,51329055.18749558,1015.0881310006033,13001.899237058891,470.6197770632962,17.968880970612677,2.0,1.0,2.0,3.0,1.0,2.0,2.0,2.0,2.0,3.0
326,51328453.49109462,1004.2735600424562,13558.24377903556,526.0800935308976,18.674994449249706,2.0,1.0,2.0,3.0,1.0,2.0,2.0,2.0,2.0,3.0
327,51327916.05827522,999.8836657512546,14054.715617715661,571.3120045527443,18.79395843731242,2.0,1.0,2.0,3.0,1.0,2.0,2.0,2.0,2.0,3.0
328,51327468.31380959,1009.3612241095035,14473.65187198002,591.066022270562,18.370593735716113,2.0,1.0,2.0,3.0,1.0,2.0,2.0,2.0,2.0,3.0
329,51327074.693744764,1027.595146981848,14847.711800791916,592.9868033724922,17.776025766341373,2.0,1.0,2.0,3.0,1.0,2.0,2.0,2.0,2.0,3.0
330,51326684.386946544,1046.335880203469,15222.135198135245,590.4425406832804,17.462956106310084,2.0,2.0,2.0,3.0,1.0,2.0,2.0,2.0,2.0,3.0
331,51326259.82869933,1058.222131188742,15629.969921831273,594.971671487765,17.77109783566716,2.0,2.0,2.0,4.0,1.0,2.0,3.0,2.0,2.0,3.0
332,51325816.439961985,1059.4456536688201,16055.496085050781,610.7936109111564,18.58821004614958,3.0,2.0,2.0,4.0,1.0,2.0,3.0,2.0,2.0,3.0
333,51325382.88811204,1047.086462954052,16470.801864801913,640.2980185387585,19.689063332417316,3.0,2.0,2.0,4.0,1.0,2.0,3.0,2.0,2.0,3.0
334,51324984.99005933,1019.939321530133,16851.112919672978,683.8630297052218,20.85819142824895,3.0,2.0,2.0,4.0,1.0,2.0,3.0,2.0,2.0,3.0
335,51324637.16084315,983.6579805841475,17184.204834572898,733.8206827425846,21.919180623897446,3.0,2.0,2.0,4.0,1.0,2.0,3.0,2.0,2.0,3.0
336,51324350.96503512,945.6109384785271,17460.990675990728,780.491491732232,22.70538034873434,3.0,2.0,2.0,4.0,1.0,2.0,3.0,2.0,2.0,3.0
337,51324137.96720686,913.1666935757038,17672.383510415548,814.1959707555492,23.050140032131182,3.0,2.0,2.0,4.0,1.0,2.0,3.0,2.0,2.0,3.0
338,51324009.73193002,893.693744238109,17809.296404336423,825.254633893921,22.78680910345953,3.0,2.0,2.0,4.0,1.0,2.0,3.0,2.0,2.0,3.0
339,51323977.82377621,894.5605888281746,17862.642424242425,803.987995228733,21.748736992090915,3.0,2.0,2.0,4.0,1.0,2.0,3.0,2.0,2.0,3.0
340,51324053.80731706,923.1357257083323,17823.33463662262,740.7165688413701,19.769273127396893,3.0,2.0,2.0,4.0,1.0,1.0,3.0,2.0,2.0,3.0
341,51324249.24712421,986.7876532410137,17682.28610796608,625.7608688132173,16.681766938749018,3.0,2.0,2.0,4.0,1.0,1.0,3.0,2.0,2.0,3.0
