5.134354362237759680e+07,1.506945122903399970e+01,8.391608391608400552e-01,2.342657342657339825e+00,6.547370614814730649e-02
5.134354444949603826e+07,6.261871141476972547e+00,7.985753593517670446e+00,3.232850454087701664e+00,6.975370172055182783e-02
5.134354530802940577e+07,9.998627554608263690e-01,1.302167125112800328e+01,2.564654946085919374e+00,8.230333930766578487e-02
5.134354367832169682e+07,1.442469598427869926e+01,1.427972027972030045e+00,2.342657342657339825e+00,6.547370614814730649e-02
5.134354396416843683e+07,4.848867337822042600e+00,2.113582431925528127e+01,1.573959962597901718e+00,7.531925553978827126e-02
5.134354350234039873e+07,1.736424547541638930e+01,3.575034555558005422e+01,1.777254856151879725e-01,8.883974377450301607e-02
5.134354185314700007e+07,1.526292442250720072e+01,2.414918414918420186e+00,2.342657342657339825e+00,6.547370614814730649e-02
5.134354197927829623e+07,1.487318164216285332e+01,2.534131980163421005e+00,2.691660992520829687e+00,6.003594565638636915e-02
5.134354235661936551e+07,1.431298035270123847e+01,2.452046055013195502e+00,3.153960997813225919e+00,5.608300862807039100e-02
5.134353742890460044e+07,1.643308759267040031e+01,5.668997668997690198e+00,2.342657342657339825e+00,6.547370614814730649e-02
5.134353735484901071e+07,1.222795146852110992e+00,2.168443513057408367e+01,1.593533513552673586e+00,7.359295101226315250e-02
5.134353697449257225e+07,9.736385867972252584e+00,3.323690845554938278e+01,1.247387792216415825e+00,8.889405995547446093e-02
5.134353164568780363e+07,1.682702698660979834e+01,1.122610722610730072e+01,2.174825174825179896e+00,6.547370614814730649e-02
5.134353131599819660e+07,2.689366419968496125e+00,3.149576944314913263e+01,1.815786148584290105e+00,5.848113581979791364e-02
5.134353096298489720e+07,1.791340698966895673e+01,4.684220295791970301e+01,2.069757148368152500e+00,5.465135887016832339e-02
5.134352517249429971e+07,1.626525542483820175e+01,1.775058275058280088e+01,2.685314685314689864e+00,6.547370614814730649e-02
5.134352457423175871e+07,1.646469824223194767e+00,3.336067946667936468e+01,2.116030591925210036e+00,8.851911571277215618e-02
5.134352351930040121e+07,7.707202297886857068e+00,4.432111476811601847e+01,1.269551001943594049e+00,1.163771342083778915e-01
5.134352019813530147e+07,1.638879854838129901e+01,2.219114219114230124e+01,3.095571095571099995e+00,6.547370614814730649e-02
5.134351709574861079e+07,2.772920452776782696e+01,1.396451267436710353e+01,3.453938150465715839e+00,4.119989141985511832e-02
5.134351428495160490e+07,3.172144006971424091e+01,1.160398771976744747e+01,5.093600507425873225e+00,2.161042249132114068e-02
5.134352023076940328e+07,1.482236498194770036e+01,2.343822843822849933e+01,3.382284382284390212e+00,6.547370614814730649e-02
5.134351672483228147e+07,2.929366153139047313e+01,1.426400235541811234e+01,2.003950023336414699e+00,3.877134804845441818e-02
5.134351236989648640e+07,3.505002964768926432e+01,1.320012204925743404e+01,2.217267514415202090e+00,1.734628905862554971e-02
5.134352434965050220e+07,1.298786614744889967e+01,2.149184149184160120e+01,3.044289044289049784e+00,6.547370614814730649e-02
5.134352418226039410e+07,1.815077700487439882e+00,3.704703102340305065e+01,2.238144014928544312e+00,9.093022970630185164e-02
5.134352311492142081e+07,1.054883824698122119e+01,4.875042871148593804e+01,1.339153579088406265e-02,1.192245782912041002e-01
5.134354299300719798e+07,6.663856823439600063e+00,8.606060606060660589e+00,3.592074592074599781e+00,8.412172479616610021e-02
5.134354340016359836e+07,2.352211961580276167e+01,4.093121869067082486e+01,1.231025025422331165e+00,6.285144343206380824e-02
5.134354200807305425e+07,4.514237843558756680e+01,6.814193864886135543e+01,2.503801000657036369e+00,3.275807988212221106e-02
5.134341247552459687e+07,9.623495239453539796e+01,4.887412587412610065e+01,3.822843822843830175e+00,5.316741723486150262e-01
5.134340803764095157e+07,6.782808689327160323e+01,7.376607341647026317e+01,1.254633073948904176e+01,1.813092352016726083e-01
5.134340686345991492e+07,5.007924107085582222e+01,8.898122742575448285e+01,1.657089679533983784e+01,9.769448710012740289e-02
5.134302101864819974e+07,1.764843696439529879e+02,3.587878787878800040e+02,3.561771561771569949e+00,2.086452727127170004e+00
5.134300139304453880e+07,1.272069818289844960e+02,4.124363356214159353e+02,1.689253958066925421e+01,8.968739999873062141e-01
5.134298611499613523e+07,9.476510636652120922e+01,4.516588675166684084e+02,2.289798734316082474e+01,5.049333812230829555e-01
5.134216254079270363e+07,3.989995211591049724e+02,9.944382284382320449e+02,3.951048951048960145e+00,2.009529650204100015e+00
5.134210111990286410e+07,3.048237974701928579e+02,1.090092610939963606e+03,6.179207815841583340e+01,2.572632119098686859e-02
5.134206066983446479e+07,2.454237769863128449e+02,1.155180645603701578e+03,9.286993092662952165e+01,1.329202882850369360e-02
5.134058029836849868e+07,6.158969570565419644e+02,2.363300699300710221e+03,0.000000000000000000e+00,2.443096083770529781e+00
5.134042835020480305e+07,5.702524844157802590e+02,2.517023021856021387e+03,5.652849856467192069e+01,1.204995163276508841e+01
5.134029432398003340e+07,5.352335487929587998e+02,2.663362120357346157e+03,9.287713308275580459e+01,5.370210559286208252e+01
5.133877897435910255e+07,5.833934605530449744e+02,4.181846153846169727e+03,1.362237762237769978e+01,4.102769743444199868e+00
5.133853658791320771e+07,5.750648733897752436e+02,4.357355161401799705e+03,6.287427318878775395e+01,4.165751218763681152e+00
5.133830472774041444e+07,5.741799625659073172e+02,4.529123314237382147e+03,9.684320926243304939e+01,4.229069080805883729e+00
5.133733140559460223e+07,4.745776097371939954e+02,5.728752913752929999e+03,2.282051282051289931e+01,4.382490023164479886e+00
5.133701416960307211e+07,5.675313396597927067e+02,5.877364551454064895e+03,6.619563651940129034e+01,5.987053130967376902e+00
5.133670233144035190e+07,6.348750965448555235e+02,6.052998954883451006e+03,1.018156940531860641e+02,8.540356010585057334e+00
5.133635280885799974e+07,3.041370502966340155e+02,6.871125874125899827e+03,2.988344988345000175e+01,3.983888624563079794e+00
5.133597592063590884e+07,5.039443334458929371e+02,6.957605149671378058e+03,7.516786320560699153e+01,4.405356551301242263e+00
5.133560322331476957e+07,6.401930425999892122e+02,7.105918680067726200e+03,1.171683856398317971e+02,5.037456352056918440e+00
5.133591510256429762e+07,1.402862344458179962e+02,7.402899766899789938e+03,9.981818181818209723e+01,3.832373473047930190e+00
5.133486806187910587e+07,9.964734775619970151e+02,7.867662091935439094e+03,1.435850046777765385e+02,1.233009875851456437e-03
5.133342138430681080e+07,1.630339078943121194e+03,9.244089182097342928e+03,6.630468886932992518e+02,1.112184708572463727e-03
5.133593445687659830e+07,1.081440433036260060e+02,7.320939393939420370e+03,1.949137529137530009e+02,3.485054125728579866e+00
5.133568923128157109e+07,3.523492112276966282e+02,7.257745748245570212e+03,2.095414033519373618e+02,3.194008406455407512e-01
5.133544656778560579e+07,5.114437000605491335e+02,7.260440003719237211e+03,2.430746234684539502e+02,1.618577417213207595e-02
5.133625717249429971e+07,1.185006866602700057e+02,6.899377622377640364e+03,2.825687645687650047e+02,4.319552960227410310e+00
5.133604850598492473e+07,3.573005274038533230e+02,6.829168440883193398e+03,2.768268883597986019e+02,2.397180523087403259e-01
5.133583609671878815e+07,5.059463499355326235e+02,6.823711985622931934e+03,3.027671100241792601e+02,1.201874434844107248e-02
5.133681913752929866e+07,1.222489384085209991e+02,6.313333333333350311e+03,3.012004662004670195e+02,6.018853659528120126e+00
5.133665367889878899e+07,3.307241810458380087e+02,6.258961449950995302e+03,2.684509790869184940e+02,4.870072093898446530e-01
5.133647355176163465e+07,4.630178063252703851e+02,6.260039604499147572e+03,2.731170460990691140e+02,1.940872942135274740e-02
5.133747201631720364e+07,1.026312227908060066e+02,5.662298368298380410e+03,3.188391608391619911e+02,6.154051794726250080e+00
5.133736643137767911e+07,2.466295482191450219e+02,5.693127070570140859e+03,2.161813344971294271e+02,1.857544521670678073e+00
5.133722033552362025e+07,3.349193409156019925e+02,5.758948119842608321e+03,1.752132241274344437e+02,2.785522477266034747e-01
5.133816224475540221e+07,1.183934605530439939e+02,4.958083916083929580e+03,3.159324009324020039e+02,7.284587925262390407e+00
5.133802084979002178e+07,3.063387819687834508e+02,4.965444551025382680e+03,2.291435049707020255e+02,5.511094674818846073e+00
5.133783594935891032e+07,4.324285625350509576e+02,5.029259729423971294e+03,1.912137104483955738e+02,3.414369914918453208e+00
5.133879263170179725e+07,1.216428778024610011e+02,4.414766899766909773e+03,2.272657342657350057e+02,5.631907272581729629e+00
5.133864143519713730e+07,2.749309314513815821e+02,4.446490025602471178e+03,1.643921398004405887e+02,5.250789005915614815e+00
5.133845744385302067e+07,3.763916215768746270e+02,4.523710290525247729e+03,1.403236670731840547e+02,4.664109463200280636e+00
5.133914952447570115e+07,1.081347192943020019e+02,4.087055944055960026e+03,2.130979020979029883e+02,4.126079766754219946e+00
5.133904463099776208e+07,2.370527498619273388e+02,4.056293040000110068e+03,1.910026155478305157e+02,5.817514857386154592e-01
5.133892991126696765e+07,3.176473519150475227e+02,4.060073915680487062e+03,1.937687780329137581e+02,4.242911191940539756e-02
5.133956344755259901e+07,8.508110624068919492e+01,3.729578088578100051e+03,1.788717948717950037e+02,4.960578601253059716e+00
5.133943369078002870e+07,2.196341511276338849e+02,3.738921487204142977e+03,1.371576488399935272e+02,3.941219042852790899e+00
5.133928112757164985e+07,3.085240296905035962e+02,3.788936610652122454e+03,1.231800467527995124e+02,2.652980137969768393e+00
5.133993583682999760e+07,5.898087314045599783e+01,3.427083916083930035e+03,1.348508158508159909e+02,5.186685827360279610e+00
5.133980675223416835e+07,1.730326541181147206e+02,3.458888130321541212e+03,9.101746873098453250e+01,5.235926626147370477e+00
5.133965557969824225e+07,2.447224514002088824e+02,3.523853650893906888e+03,7.808381361037930901e+01,5.273844110943886498e+00
5.134024378321690112e+07,4.656828572786859866e+01,3.144016317016330049e+03,1.234522144522150029e+02,4.119086759761209748e+00
5.134012584878198802e+07,1.701606393942525415e+02,3.139374982550993082e+03,1.045961685705182731e+02,3.677613975814084224e+00
5.133999437610763311e+07,2.569166694248706335e+02,3.171714583766049600e+03,9.916411976274550000e+01,2.929652589952988162e+00
5.134055600233119726e+07,4.133285449243729914e+01,2.866216783216790191e+03,9.495104895104930165e+01,3.436103076777529797e+00
5.134043755748239160e+07,1.465149062512906539e+02,2.882392418115004148e+03,7.338766113708113892e+01,3.453946815982546159e+00
5.134030534288132936e+07,2.167448721369294162e+02,2.930156970567663393e+03,6.875093497304031587e+01,3.441778001098983353e+00
5.134077796270409971e+07,3.376408992367269946e+01,2.647200466200470146e+03,1.002937062937070039e+02,2.718154358828809958e+00
5.134069024990276992e+07,1.349013520304794440e+02,2.610579048644799514e+03,1.055844205633709407e+02,9.255920237122591265e-01
5.134060392628315091e+07,1.978969396429758660e+02,2.602318898505614470e+03,1.204392940134011525e+02,1.321660155740552456e-01
5.134103909557119757e+07,2.578040693998969957e+01,2.402636363636369879e+03,9.273659673659699365e+01,1.690182330856780046e+00
5.134094811533773690e+07,1.101819816502849250e+02,2.419651958643002217e+03,6.411621589757285733e+01,1.704455272756843831e+00
5.134084222162123770e+07,1.642807474577047628e+02,2.461414774564722848e+03,5.576064583373781147e+01,1.676664270630441544e+00
5.134129563636379689e+07,2.262656078614359956e+01,2.142477855477859976e+03,1.001398601398600050e+02,1.058480699155140092e+00
5.134123712274316698e+07,9.776402830155976176e+01,2.123562233915858087e+03,8.853872030315289976e+01,5.410893556138473004e-01
5.134117403895247728e+07,1.432913220711462827e+02,2.124502917060396612e+03,9.200834077266119948e+01,1.565880132932155333e-01
5.134155914452230185e+07,2.428623444581720037e+01,1.878104895104899924e+03,9.928205128205159724e+01,1.121417762092209891e+00
5.134149882537028193e+07,9.494889081387134411e+01,1.879619819954076547e+03,7.668305354345714875e+01,1.089549345077863496e+00
5.134142580168226361e+07,1.443121571824157456e+02,1.902245096872226895e+03,6.696950822851886187e+01,9.942576039529077425e-01
5.134182284382300079e+07,2.392726008684289951e+01,1.635878787878790035e+03,7.785314685314709493e+01,1.436103076777520027e+00
5.134176541690366715e+07,8.067209801993465135e+01,1.645535803680030313e+03,5.770967440378983326e+01,1.419991636890922226e+00
5.134169697962325066e+07,1.186845798940089480e+02,1.672281743188848850e+03,5.013152768965814232e+01,1.350393099594241475e+00
5.134202157808870077e+07,2.240511556469839860e+01,1.456272727272729981e+03,6.024009324009340105e+01,1.443096083770530003e+00
5.134196611014045775e+07,6.983512056828512016e+01,1.469748129864897237e+03,4.417841142713131575e+01,1.462487062014176775e+00
5.134190164016599953e+07,1.010543522303684938e+02,1.497530340551114250e+03,3.888738156708301119e+01,1.454544399057780657e+00
5.134217379720299691e+07,1.906945122903400147e+01,1.312825174825180056e+03,5.487645687645709813e+01,1.370835011509460077e+00
5.134213380979780108e+07,5.418703751405216451e+01,1.329994481673577639e+03,4.010262029337825851e+01,1.287780466329217388e+00
5.134208582928762585e+07,8.013105643199074279e+01,1.356322758046495210e+03,3.335283812371301337e+01,1.141894334300447289e+00
5.134232521445240080e+07,2.847737663695939858e+01,1.140305361305360066e+03,6.731468531468550509e+01,6.272452679197110248e-01
5.134228996390514821e+07,6.340869423673065342e+01,1.149219692766443814e+03,5.057349902285019994e+01,6.278138634416183805e-01
5.134224585214059800e+07,8.700812101800855203e+01,1.168811336591710642e+03,4.329160335031404117e+01,5.997912884062123196e-01
5.134244272261089832e+07,4.390628106586390089e+01,1.024850815850820027e+03,4.996969696969709673e+01,4.897161303905729901e-01
5.134240836854816973e+07,6.436731867319180367e+01,1.043244888132173628e+03,3.779486603007308076e+01,4.868651201939119266e-01
5.134236750982923061e+07,7.785615440855825398e+01,1.067529064416799656e+03,3.307864458224126736e+01,4.690321380341468949e-01
5.134249479720299691e+07,4.167318083276369833e+01,9.833426573426600044e+02,4.099300699300709994e+01,1.133072773747219930e+00
5.134245473644841462e+07,7.963319802040219031e+01,9.708818810310076515e+02,4.995702705537859600e+01,4.941147254188966720e-01
5.134241767576806247e+07,1.022284472667930686e+02,9.702852216484424162e+02,5.988725145909768344e+01,1.572849047309906600e-01
5.134254119347339869e+07,3.342842558800840180e+01,9.361864801864829815e+02,5.050116550116560177e+01,6.295762702507130548e-01
5.134251765250739455e+07,5.946613118869778702e+01,9.321306934086917408e+02,4.585170545953969423e+01,3.985309477642791087e-01
5.134249198279140890e+07,7.567060954267539330e+01,9.350033953200522774e+02,4.648125590495918402e+01,2.129988994857658913e-01
5.134263719580440223e+07,3.270115286073569649e+01,8.334125874125900282e+02,5.804428904428920077e+01,5.852872259616690442e-01
5.134261532213740051e+07,5.180302509536969779e+01,8.465629137775395066e+02,4.305631767897119033e+01,5.904189928555557687e-01
5.134258574223125726e+07,6.545563978941086702e+01,8.651344072690199027e+02,3.573433907300529455e+01,5.835569250004840613e-01
5.134275462470880151e+07,3.107178223136509843e+01,7.299743589743610528e+02,4.534498834498850073e+01,9.232825639570070297e-01
5.134273472107095271e+07,4.422434985752432368e+01,7.436080293444890685e+02,3.390038546177568435e+01,8.735041766953978160e-01
5.134270900404979289e+07,5.333523039821474754e+01,7.608800499189961783e+02,2.860325948929977713e+01,8.052723443500597877e-01
5.134278268997679651e+07,5.243774959733249830e+01,6.962703962703980096e+02,2.982750582750589885e+01,7.134923541667970159e-01
5.134275107219752669e+07,7.372730544465974845e+01,6.936936884003093837e+02,3.989713948054068737e+01,2.963321801572730285e-01
5.134272304986362904e+07,8.542759309535078671e+01,6.978153946377635748e+02,4.949691914940220983e+01,1.099626378055739151e-01
5.134273655244769901e+07,6.090628106586400037e+01,7.326783216783239823e+02,3.131002331002340000e+01,4.920471327215750201e-01
5.134270816770846397e+07,5.822780211323556188e+01,7.672143378209062803e+02,2.285089558843480262e+01,5.728769571691030293e-01
5.134267466928156465e+07,5.725904107793652997e+01,8.009554418188657792e+02,1.836933859894275756e+01,6.585675318422428148e-01
5.134268936363650113e+07,5.346105962064250150e+01,7.943869463869490346e+02,2.390209790209799934e+01,8.253804660549090011e-01
5.134265895436753333e+07,5.708162433340693553e+01,8.181865833289700731e+02,2.093142222180170364e+01,7.690596802029031620e-01
5.134262608967053145e+07,5.977948405634096929e+01,8.428589511667922807e+02,2.029030415280011823e+01,7.147895354045891159e-01
5.134263823076940328e+07,5.850534866493160280e+01,8.432400932400960301e+02,2.150116550116560177e+01,4.617441024185450216e-01
5.134260754638902098e+07,7.129932887772545769e+01,8.473410757728528324e+02,2.993625819730154092e+01,2.478297750208074968e-01
5.134257973576366156e+07,7.916054162718437226e+01,8.546699423297930025e+02,3.727963069298428422e+01,1.341535365227240206e-01
5.134256050582770258e+07,5.937947453905739792e+01,9.191048951048979916e+02,2.266433566433569879e+01,2.845879252623669808e-01
5.134251828470569849e+07,7.154380761051652371e+01,9.434306571311807375e+02,2.270891309162868055e+01,3.116548738464264834e-01
5.134247419359205663e+07,8.061445740552345285e+01,9.711635921798919071e+02,2.415704819517619129e+01,3.350204784378473799e-01
5.134247787412600219e+07,6.253332069290360096e+01,9.921888111888140429e+02,2.850582750582760028e+01,8.370354777099210386e-01
5.134243340113379806e+07,7.193406383503807433e+01,1.027062716423780557e+03,2.260678615471523045e+01,9.435828529641171469e-01
5.134238433891084790e+07,7.906288983682381399e+01,1.064625066139213914e+03,2.065499841466435171e+01,1.067695241704403442e+00
5.134242425874140114e+07,5.731420647378939748e+01,1.052794871794880009e+03,2.704428904428910130e+01,5.270121676866099669e-01
5.134238514787912369e+07,7.068253088013075569e+01,1.069484980746218753e+03,2.761775777134167242e+01,4.194239635884051132e-01
5.134234519858021289e+07,7.906574560578268063e+01,1.089625689246425281e+03,3.046791273477038686e+01,3.259408851381702110e-01
5.134237231468550116e+07,5.673611789570080077e+01,1.108069930069930024e+03,2.416783216783219856e+01,6.505552912297339896e-01
5.134233101436889917e+07,7.961536930984260607e+01,1.110162524775375005e+03,3.248083613571396455e+01,3.702228529615423924e-01
5.134229225208109617e+07,9.457767522600308041e+01,1.118315152274453339e+03,4.025401535785003659e+01,1.933008951251470875e-01
5.134229834731949866e+07,6.382236498194789931e+01,1.175118881118879926e+03,2.410489510489519915e+01,5.456601863346289827e-01
5.134225909802597761e+07,7.156033303400285206e+01,1.205575405460659340e+03,1.896256619077216143e+01,4.603183984531171169e-01
5.134221653030281514e+07,7.705696816312001829e+01,1.238003996739645345e+03,1.726109888378390522e+01,3.849605377387116945e-01
5.134221100233119726e+07,5.750767966726260028e+01,1.274076923076929916e+03,1.905128205128210084e+01,3.009049415793840221e-01
5.134215202420648187e+07,9.273185656656538356e+01,1.273831606082818780e+03,3.131491115456859120e+01,2.469130957687791783e-01
5.134209616973215342e+07,1.168266341972117317e+02,1.284330293191983856e+03,4.095963042264688880e+01,1.835916271173539116e-01
5.134215450815869868e+07,5.432353048311340160e+01,1.273517482517489952e+03,7.915617715617740657e+01,4.337720744465169975e-01
5.134212643352287263e+07,9.236259070608129207e+01,1.264687483935787895e+03,6.873700137360071949e+01,2.532838877391175858e-01
5.134209286220256984e+07,1.186736970807882159e+02,1.266882301450890509e+03,6.484321112804454401e+01,1.271384727566623463e-01
5.134226492540810257e+07,5.984800600758889999e+01,1.128953379953379908e+03,1.081282051282049963e+02,8.412172479616610021e-02
5.134226069783641398e+07,9.035580412166248720e+01,1.112679530391523258e+03,9.722312164092534204e+01,7.514535107927687585e-02
5.134225102418396622e+07,1.152362964730502313e+02,1.103189665799284285e+03,9.069245961938379708e+01,6.326484395788545267e-02
5.134244833566450328e+07,6.882236498194789931e+01,9.733426573426600044e+02,7.135431235431259722e+01,8.412172479616610021e-02
5.134242241585798562e+07,8.215100297814188934e+01,9.973730200373008756e+02,5.212723106999484202e+01,1.242753999749977439e-01
5.134238706800179183e+07,9.082476525613752472e+01,1.025056423739082447e+03,4.314127214886399742e+01,1.564931749617300694e-01
5.134249185547800362e+07,7.219299435257730124e+01,9.431631701631730493e+02,5.435897435897449981e+01,3.685040091784509975e-01
5.134247109220550209e+07,7.654239927374615604e+01,9.683953332330518151e+02,4.064454764336470305e+01,2.771767488092182763e-01
5.134244383776672930e+07,7.946229466330103719e+01,9.945409664229420059e+02,3.381398923804615464e+01,2.125412382995794103e-01
5.134246862237779796e+07,6.760325076283369583e+01,9.789393939393969504e+02,4.586247086247099958e+01,9.116275523019959914e-01
5.134243149074082822e+07,9.028159330026711871e+01,9.845657840370630538e+02,4.480368700874727494e+01,5.650786085656046565e-01
5.134239258774201572e+07,1.045930372057803339e+02,9.971591027177344131e+02,4.694857393243650989e+01,3.290704014358675766e-01
5.134245906060619652e+07,6.166152582110869673e+01,9.847365967365999495e+02,5.553146853146869688e+01,9.489235895980330238e-01
5.134242659591066092e+07,8.986658326900031568e+01,9.802533696958223572e+02,5.878856388235865182e+01,3.503211041253355695e-01
5.134239502081181109e+07,1.062886508149492784e+02,9.840026249194154389e+02,6.501303301240267274e+01,1.122537007552441291e-01
5.134248726806540042e+07,5.897154913113200081e+01,9.597808857808889798e+02,5.534965034965050279e+01,5.689702096446529467e-01
5.134245443571475148e+07,6.657055825327221044e+01,9.993519742249305864e+02,3.495560501202464110e+01,7.175416458623589122e-01
5.134241120752209425e+07,7.228751961626319655e+01,1.041121815535385394e+03,2.437843036660052221e+01,9.086289398456260935e-01
5.134251230769249797e+07,6.275243491201779733e+01,9.309883449883479898e+02,5.471328671328689808e+01,1.177361818036259944e+00
5.134249176185607910e+07,7.413383724192956947e+01,9.401875797345851424e+02,4.838930485575330920e+01,6.228320599714197714e-01
5.134246832196760178e+07,8.071189852440906520e+01,9.520463784573101975e+02,4.711251178415325569e+01,3.190439990900766354e-01
5.134255239160860330e+07,5.976408992367279893e+01,9.004452214452239787e+02,4.812820512820530183e+01,1.209995850670299911e+00
5.134252401841516793e+07,7.286858871536379922e+01,9.199422197095128695e+02,4.032410263219761504e+01,1.034467219764774626e+00
5.134249095559684187e+07,8.257968886783130813e+01,9.429002819551823222e+02,3.708468485986158214e+01,8.616732680848943060e-01
5.134255858275070041e+07,6.871980087938379711e+01,8.787715617715640519e+02,5.539860139860159904e+01,4.664061070805500253e-01
5.134252275336674601e+07,9.654754295361185257e+01,8.773392950939932007e+02,6.130807397694884031e+01,1.515939726293239753e-01
5.134248866680525988e+07,1.115857912720371417e+02,8.848656300117969522e+02,6.960205981248439855e+01,4.939391663814517164e-02
5.134252084848500043e+07,7.846105962064260098e+01,9.090000000000029559e+02,5.308624708624719801e+01,5.433291840036269527e-01
5.134249427867379785e+07,8.845119611186645159e+01,9.304129770344479766e+02,4.350942747797552812e+01,4.412179626439073910e-01
5.134246237130722404e+07,9.575386209430902795e+01,9.542802566599003740e+02,3.940814244279523848e+01,3.545690998408800865e-01
5.134252217249429971e+07,5.618133934092220017e+01,9.250932400932430255e+02,5.789976689976710134e+01,5.922802329546760225e-01
5.134249223966379464e+07,8.448013278199715614e+01,9.203754553996327559e+02,5.962791465301911842e+01,2.367433639582895710e-01
5.134246270307468623e+07,1.004482653866662929e+02,9.240451732665085274e+02,6.521525800317535015e+01,8.452653463368944853e-02
5.134260445454560220e+07,4.297154913113200081e+01,8.571025641025670438e+02,5.709790209790229909e+01,3.125599532343950049e-01
5.134258035196480900e+07,5.641689309055918500e+01,8.788138023160212242e+02,3.983085791186453406e+01,3.457962466746303809e-01
5.134254778815929592e+07,6.533761900044542870e+01,9.042936114201793316e+02,3.162013617556871381e+01,3.740690873868134925e-01
5.134266855244769901e+07,4.339112955071239952e+01,8.023566433566460319e+02,4.737296037296049889e+01,2.659399066143480206e-01
5.134264892738042027e+07,6.293441786761946588e+01,8.008605539018126365e+02,4.363411277668055277e+01,1.752963105325659743e-01
5.134262745475236326e+07,7.517549097198720176e+01,8.046148624643254834e+02,4.397252302648800537e+01,1.094786247640902183e-01
5.134271915384630114e+07,4.802749318707599713e+01,7.335617715617739805e+02,6.047552447552470056e+01,7.204853611598039942e-01
5.134270790968067199e+07,6.124909830986290160e+01,7.369426674959850061e+02,5.023117808996090616e+01,4.180170058279964462e-01
5.134269243611995131e+07,6.885616179406545712e+01,7.436247732813739049e+02,4.660793217136539113e+01,2.316021381681445113e-01
5.134280944289059937e+07,4.490628106586390089e+01,6.562820512820529757e+02,5.065734265734280228e+01,6.505552912297339896e-01
5.134279475454527885e+07,4.909382980638252292e+01,6.779234056370930830e+02,3.604318406231651295e+01,6.230180209731474017e-01
5.134277304418590665e+07,5.212014918223606941e+01,7.004881307468660907e+02,2.857772170351307750e+01,5.939587063124417421e-01
5.134283286713299900e+07,7.368949784908079437e+01,6.080536130536149813e+02,4.722377622377639739e+01,1.051007457751869933e-01
5.134281513042132556e+07,6.246045427555433349e+01,6.514036033001741544e+02,3.158259881653185985e+01,1.382545531451626619e-01
5.134278939016076177e+07,5.531689825447374886e+01,6.919298087097585039e+02,2.263659938940933003e+01,1.740110466461264327e-01
5.134259928438240290e+07,1.756545328141160098e+02,7.553449883449909521e+02,3.157109557109570019e+01,8.412172479616610021e-02
5.134256491097941995e+07,1.524609915448211268e+02,7.898468403406985772e+02,5.193897065192004447e+01,2.538734917221256368e-02
5.134253778097648919e+07,1.372509321042462602e+02,8.160897133377800401e+02,6.487378848377490215e+01,2.197921699080994731e-02
5.134197961771579832e+07,2.748573300169139770e+02,1.268337995337999928e+03,3.848717948717960269e+01,6.389002795747219521e-01
5.134193291263049096e+07,2.315010930767569164e+02,1.323390280945689256e+03,6.712754195229602772e+01,4.910184585482869207e-02
5.134189613101816922e+07,2.023411345195033562e+02,1.365703986370302800e+03,8.361299858459260292e+01,2.297079344104572401e-02
5.134117694172509760e+07,3.270228311824150182e+02,2.008244755244759972e+03,4.909790209790219961e+01,6.319072725817159730e-01
5.134110695666202158e+07,2.867231519323942734e+02,2.074517714272449666e+03,8.188817188024744098e+01,4.459789400831688788e-02
5.134104779788686335e+07,2.595769502706664298e+02,2.129352567550035019e+03,1.013734920085341287e+02,2.123551736271861098e-02
5.134035732167849690e+07,3.474004535600370218e+02,2.815650349650360113e+03,4.101165501165520055e+01,5.549841956586389902e-01
5.134023344313456863e+07,3.437015851341403163e+02,2.872323008759627101e+03,8.983138774053486486e+01,4.346661923488411711e-02
5.134012631007514149e+07,3.399592544828873315e+02,2.926475592643825166e+03,1.239421569423650453e+02,2.323923629926332238e-02
5.133944307692319900e+07,3.622069803665639824e+02,3.658473193473199899e+03,9.573892773892799823e+01,2.443096083770529781e+00
5.133927255387265235e+07,3.957933362080622715e+02,3.772261415572057558e+03,9.483075592229002382e+01,2.408873238496923364e+00
5.133909436018350720e+07,4.201371271552059170e+02,3.895258859991911322e+03,1.008594731984242401e+02,2.369686471699720354e+00
5.133876258974370360e+07,3.291417123012960246e+02,4.326508158508169799e+03,1.414009324009329873e+02,2.298573939248389930e+00
5.133857546436342597e+07,4.114413378690023819e+02,4.425265939997343594e+03,1.227225894852119552e+02,2.304306466212051152e+00
5.133837246136813611e+07,4.687065432030099714e+02,4.547546113689661979e+03,1.208070645868624950e+02,2.302430350547808757e+00
5.133843834265749902e+07,2.429109430705269972e+02,4.689382284382299986e+03,1.896363636363639955e+02,1.666872307546749976e+00
5.133827015855810046e+07,3.693513887485195255e+02,4.670136372650973499e+03,2.151097189111456203e+02,5.796391555522942968e-02
5.133810937283466011e+07,4.460160147482672528e+02,4.687262560703588861e+03,2.477731389591555740e+02,1.406326512860455076e-02
5.133839306993020326e+07,1.870741132336970054e+02,4.771834498834509759e+03,2.075594405594409864e+02,2.401138041812489909e+00
5.133821453617940843e+07,3.477638587019172860e+02,4.733838468498148359e+03,2.383652691943292439e+02,6.102269713675727292e-02
5.133804610834249109e+07,4.428059731945403428e+02,4.743754860038489824e+03,2.786472285459776685e+02,8.664846382242651079e-03
5.133854502331019938e+07,1.641533673129509907e+02,4.563307692307709658e+03,2.866317016317020148e+02,2.823049463723910080e+00
5.133844155717343837e+07,3.010270278797384549e+02,4.534706215849798355e+03,2.515257892084983666e+02,1.804970291324959064e-01
5.133832297837660462e+07,3.855873554726896941e+02,4.543154391023411335e+03,2.481665028092484420e+02,1.643100485276544065e-02
5.133897065268079937e+07,1.589272600868430061e+02,4.106501165501180367e+03,3.215594405594409864e+02,4.298573939248390374e+00
5.133890680048781633e+07,2.727854878978122315e+02,4.092183434248903268e+03,2.580194047370321755e+02,3.778163558369627695e-01
5.133881718086196482e+07,3.421354771176522149e+02,4.107590729855292921e+03,2.360331211871811377e+02,2.753751499843658593e-02
5.133956548717959970e+07,1.389575631171460088e+02,3.533095571095579999e+03,3.203869463869469882e+02,4.011860652535109928e+00
5.133951951760326326e+07,2.436808387782251089e+02,3.543173971132508086e+03,2.249561120661496716e+02,1.588654927359581581e+00
5.133943181355837733e+07,3.113111535208464602e+02,3.582016413331572039e+03,1.798036173736874446e+02,4.392917339106831021e-01
5.134020906759919971e+07,1.348759780355609905e+02,2.938741258741270030e+03,2.759090909090920150e+02,3.345193985868439857e+00
5.134015781362410635e+07,2.226503022572552766e+02,2.970665737950715993e+03,1.869277649615748942e+02,2.673700085448092345e+00
5.134006592129259557e+07,2.797190747572631153e+02,3.028132465590544598e+03,1.435217257912029254e+02,1.954700579245467251e+00
5.134075050349669904e+07,1.103701505297340049e+02,2.519009324009330157e+03,1.789650349650360113e+02,3.091114731789180059e+00
5.134068129966576397e+07,1.796665683525624218e+02,2.561304519232457096e+03,1.212517647452147713e+02,3.239642257388269275e+00
5.134058447366189957e+07,2.253070826930132569e+02,2.623478754009202476e+03,9.460613091489388182e+01,3.434695396745670593e+00
5.134099425641039759e+07,1.075636237232070016e+02,2.278976689976700072e+03,1.787202797202799900e+02,2.422117062791509845e+00
5.134095570465686172e+07,1.639389130225326028e+02,2.276781882613744983e+03,1.485412419513092743e+02,4.866399942741509999e-01
5.134090506737077981e+07,1.968685179187650078e+02,2.289211142216177450e+03,1.397535647933130463e+02,7.650164316123071739e-02
5.134123931002350152e+07,1.027501039096869988e+02,2.061864801864810033e+03,1.547715617715620056e+02,3.242629883304330107e+00
5.134118792149892449e+07,1.589073160907084912e+02,2.087951301462730498e+03,1.101238168606816004e+02,2.772996042659658045e+00
5.134111489361464977e+07,1.965635787629528011e+02,2.130282407997990504e+03,8.919789096966582065e+01,2.240178614581338490e+00
5.134147042191159725e+07,8.281770297728600383e+01,1.898454545454550043e+03,1.070396270396270069e+02,3.205333846008299847e+00
5.134141126541260630e+07,1.308772989003630585e+02,1.922192111786917621e+03,7.964305382989982718e+01,2.642830285909943289e+00
5.134133829092847556e+07,1.620007038021328185e+02,1.959850333083606529e+03,6.891157621343694473e+01,2.029388555001927053e+00
5.134158001864819974e+07,8.230022045980339840e+01,1.827291375291380064e+03,6.986480186480210364e+01,2.464075104749550160e+00
5.134150662875037640e+07,1.441236817919418058e+02,1.809716411090317251e+03,8.732846773355484515e+01,5.148454570877579739e-01
5.134143917648237944e+07,1.811003279506983858e+02,1.810735029143505244e+03,1.058406652580161165e+02,7.258390901239362980e-02
5.134154436363650113e+07,8.805313421271719676e+01,1.809263403263410055e+03,1.189650349650350023e+02,1.293911934586380097e+00
5.134150008583279699e+07,1.490489440089254458e+02,1.788912543599399442e+03,1.095272517467440849e+02,3.255532546666857763e-01
5.134145042798136920e+07,1.895369867947409261e+02,1.786841904914870838e+03,1.083972491334653654e+02,6.469139166443726996e-02
5.134170062004680187e+07,8.734450950409249970e+01,1.635547785547789999e+03,1.369114219114219964e+02,1.515357156031599928e+00
5.134166532755229622e+07,1.271196430308849017e+02,1.660755248897344700e+03,9.553605102479976097e+01,1.324569406665649707e+00
5.134161060086061805e+07,1.532076851627065821e+02,1.697418890352050767e+03,7.565126609708913463e+01,1.107139467015888723e+00
5.134189091375309974e+07,9.466851882810179575e+01,1.489433566433569922e+03,8.500233100233130301e+01,1.920951561626009996e+00
5.134170867430350184e+07,1.833354665739420284e+02,1.579781823718013129e+03,1.023875305450966806e+02,9.662204684334074756e-01
5.134151780965685099e+07,2.164867236101564743e+02,1.723378243204809905e+03,1.319833245709523339e+02,3.568485106559715625e-01
5.134188427272740006e+07,1.004214325810160062e+02,1.476321678321680110e+03,9.876456876456910550e+01,2.158713799388249921e+00
5.134184761447871476e+07,1.212627651241642326e+02,1.507696450552218039e+03,7.271969243143793449e+01,1.573378833060929738e+00
5.134179858010510355e+07,1.345961810956391389e+02,1.544609607816860034e+03,6.082272096340540202e+01,1.101664551383358948e+00
5.134194232634049654e+07,8.533052349010650062e+01,1.442666666666669926e+03,8.992074592074619943e+01,1.694844335518780110e+00
5.134191660222223401e+07,1.281239743399848976e+02,1.413393023633901066e+03,9.499007167544863250e+01,7.863746155271275073e-01
5.134189150399171561e+07,1.613990525274726906e+02,1.396734002547943192e+03,9.674590031767452558e+01,2.897103941974881747e-01
5.134194005361320078e+07,1.055985887581719993e+02,1.426006993006999892e+03,8.795104895104920217e+01,2.328876969551420206e+00
5.134190948464235663e+07,1.266822240288165915e+02,1.433474300346927066e+03,8.025836741856940648e+01,6.361281758982003653e-01
5.134187544481138140e+07,1.390270986663680901e+02,1.445886753800614770e+03,7.994043534909667414e+01,1.654179584518128132e-01
5.134191047086259723e+07,1.148270269866099937e+02,1.453517482517489952e+03,8.097902097902120033e+01,2.144727785402229969e+00
5.134187097396112978e+07,1.367345696021634183e+02,1.462171521536168711e+03,8.179435465978092168e+01,4.524624393908844855e-01
5.134183121362762898e+07,1.492971279890686560e+02,1.476356887515252311e+03,8.682342363609951974e+01,9.509502326666403882e-02
5.134184593473210186e+07,1.127407799003629947e+02,1.534379953379959943e+03,6.769230769230790656e+01,1.191347832022279896e+00
5.134180131800968200e+07,1.278588382608348439e+02,1.560626886893983283e+03,6.018588526750529866e+01,5.782927878176493675e-01
5.134175235568977892e+07,1.372507345958876499e+02,1.590523347118928086e+03,5.896965879746475281e+01,2.791363558572764192e-01
5.134174477622389793e+07,1.328549990145820061e+02,1.615431235431240111e+03,6.782517482517499730e+01,1.051487692162140108e+00
5.134170170965658873e+07,1.364764257403046201e+02,1.656992860053675713e+03,5.629481196372224616e+01,5.552870046456722664e-01
5.134165251077795029e+07,1.387270217868962163e+02,1.699183739171706748e+03,5.139415140869203213e+01,3.045922934686903227e-01
5.134161245920760185e+07,1.244727146322979934e+02,1.747913752913759936e+03,7.520745920745939372e+01,1.885986526660970108e+00
5.134154613806847483e+07,1.518445594694561294e+02,1.788790178795732345e+03,6.106810264178000835e+01,1.649002381132212092e+00
5.134147101557047665e+07,1.704168901900816593e+02,1.837412268720597012e+03,5.649537513353437390e+01,1.410554205185764021e+00
5.134150321678339690e+07,1.244447426043259952e+02,1.835386946386950058e+03,9.685081585081610456e+01,2.039832680507129847e+00
5.134143718479436636e+07,1.536557842150211286e+02,1.886730828236285106e+03,6.976788935528701074e+01,2.347994071438643360e+00
5.134135667820925266e+07,1.732224792266872555e+02,1.946335670149951284e+03,5.814975043187362047e+01,2.749110686661051517e+00
5.134143772727289796e+07,1.366125747721580126e+02,1.893648018648020070e+03,9.212820512820539420e+01,1.823049463723910080e+00
5.134137878799419850e+07,1.732631127235657971e+02,1.897111221480867471e+03,9.904103044293270841e+01,2.711479944833784517e-01
5.134132174552489817e+07,1.949697319175395194e+02,1.910324741869435229e+03,1.095518838237878185e+02,4.642525089122997300e-02
5.134132359673680365e+07,1.426522018117850052e+02,1.987708624708629941e+03,1.057925407925410042e+02,2.189016829691280197e+00
5.134127123204608262e+07,1.603197927685311868e+02,2.036606276478667951e+03,7.889655219238066763e+01,1.404974386993989910e+00
5.134120594668764621e+07,1.715943909351442471e+02,2.089897054705814298e+03,6.662953668679050168e+01,8.775431157318802633e-01
5.134118429137550294e+07,1.815426447022279888e+02,2.082466200466210012e+03,1.116946386946389964e+02,1.944261584936030074e+00
5.134112879072315991e+07,2.014700287966541339e+02,2.119850851255700491e+03,9.572455426970726933e+01,5.900518884874457193e-01
5.134106495735648274e+07,2.138689520799227921e+02,2.161951927417435854e+03,9.070927723998569547e+01,1.834996704897611797e-01
5.134086645920760185e+07,2.504167705763539971e+02,2.347137529137539786e+03,9.645687645687679890e+01,1.468737109411550001e+00
5.134077092454344034e+07,2.758673464132399431e+02,2.371788444881105079e+03,1.299086537905327816e+02,4.883893370664560418e-02
5.134068695436200500e+07,2.894233807622688914e+02,2.402842119796882344e+03,1.573687306271184525e+02,1.349517030627576247e-02
5.134025600932420045e+07,3.372466074061910035e+02,2.855195804195810069e+03,1.117132867132870047e+02,1.774098414772860011e+00
5.134016283186182380e+07,3.326167635078195417e+02,2.950953808440425746e+03,9.874596515598969404e+01,5.766957581930607368e-01
5.134006070626463741e+07,3.297149152663761242e+02,3.044650267272428209e+03,9.451936320755490328e+01,2.077674142197716289e-01
5.133960763636379689e+07,3.523445095040930255e+02,3.478550116550130042e+03,1.205967365967370029e+02,2.811394452068900041e+00
5.133949889131364971e+07,3.600454404548134448e+02,3.538880556869375596e+03,1.389137089457499599e+02,1.119406110132734056e-01
5.133939490351316333e+07,3.632153978410248669e+02,3.599896711999819217e+03,1.559221575786441463e+02,2.049036901678035275e-02
5.133874463403280079e+07,4.506918288514129927e+02,4.222818181818190169e+03,1.413356643356650011e+02,2.459413100087549875e+00
5.133862085524517298e+07,4.364529424817359313e+02,4.327019388149808037e+03,1.494229323315997249e+02,1.250182861413460522e-01
5.133849647289913893e+07,4.259898003467095577e+02,4.426500547071443179e+03,1.582849346937185828e+02,2.378297725902426413e-02
5.133774131235449761e+07,5.049272600868440009e+02,5.144235431235450051e+03,1.692167832167839947e+02,2.247291887966340163e+00
5.133751315650746226e+07,5.634276103005814775e+02,5.297291776251381634e+03,1.525254979663658332e+02,2.348043482809267779e+00
5.133726804564747214e+07,6.046488932899499105e+02,5.466617090232877672e+03,1.527664637581268607e+02,2.455511693869391276e+00
5.133681889277400076e+07,4.778969570565409981e+02,6.044792540792560430e+03,2.182097902097910094e+02,2.147058787733239882e+00
5.133664297833649814e+07,5.087272227839747529e+02,6.163581826754166286e+03,2.056115279655915060e+02,1.161136684091589599e-01
5.133645720580911636e+07,5.268449430174041481e+02,6.289155049920027523e+03,2.081068206592602223e+02,2.225456117225496633e-02
5.133589033100250363e+07,5.838037169633009853e+02,6.855867132867149849e+03,2.281282051282059911e+02,3.809063449737899898e+00
5.133567099505546689e+07,6.380445882279198031e+02,6.926941509725585092e+03,2.819400238584046861e+02,1.143167069178638133e-02
5.133546926681306958e+07,6.682467279576427472e+02,7.009916948263799895e+03,3.302280637064852158e+02,7.895497091179880939e-03
5.133472214918430150e+07,6.206172367768209597e+02,7.884923076923099870e+03,3.292354312354319745e+02,5.014191654866110071e+00
5.133441253200634569e+07,7.566556143446134683e+02,8.084249691506495765e+03,2.545559422323940453e+02,7.419780676195827596e+00
5.133405855015590787e+07,8.481721602279079661e+02,8.321761528059087141e+03,2.291789451618751059e+02,1.164450370549638336e+01
5.133372541724959761e+07,7.425566307162159774e+02,8.678939393939419460e+03,4.100629370629379764e+02,4.962909603584059859e+00
5.133341767869103700e+07,8.925608631746495121e+02,8.717889997042837422e+03,4.785336795524501667e+02,5.409106338582545144e-03
5.133313199930007756e+07,9.792162274812861824e+02,8.797571906009676241e+03,5.487118840777842479e+02,4.844379210043973753e-03
5.133254726573439687e+07,8.823305234901090444e+02,9.724822843822870709e+03,3.996946386946399912e+02,7.825380466054929762e+00
5.133219799349076301e+07,1.012088862284009792e+03,9.792289724352374833e+03,4.951912495451609288e+02,4.921970244059647830e-03
5.133188091202118993e+07,1.086045472253497110e+03,9.892992202587342035e+03,5.817806665840431606e+02,4.549006095449260011e-03
5.133088076223789901e+07,1.016039148198730004e+03,1.124090442890449958e+04,4.125337995338010160e+02,1.169950634018080038e+01
5.133052162302774191e+07,1.083305406709968111e+03,1.153047148430318521e+04,3.500554771201416315e+02,4.534036668849187879e-01
5.133012479879337549e+07,1.127436381839889009e+03,1.183615074910562362e+04,3.306729886324628751e+02,2.982909768373083470e-02
5.132902481351999938e+07,1.065575278734859921e+03,1.299074358974360075e+04,4.630396270396279874e+02,1.776710540777990133e+01
5.132847303161553293e+07,1.313465996029584176e+03,1.326267998636948323e+04,4.086721120675325665e+02,8.430839585706282335e+00
5.132787531819622219e+07,1.481970296655742686e+03,1.360628442017975976e+04,4.060238475078731994e+02,3.540540765611023932e+00
5.132744589976710081e+07,1.038645208804789945e+03,1.446018181818189987e+04,5.982680652680669482e+02,1.894426158493610046e+01
5.132686917791283131e+07,1.336973799646232237e+03,1.476454142406936990e+04,4.750863371504817678e+02,2.087978736651328404e+01
5.132621682681327313e+07,1.534936873043849573e+03,1.515564245049082456e+04,4.388051302577989077e+02,2.345140051524959190e+01
5.132621642424260080e+07,1.050130057289640035e+03,1.565625407925410036e+04,6.211515151515169464e+02,1.797922661990110171e+01
5.132562309696874768e+07,1.376938555389938983e+03,1.598326156937899759e+04,4.728723412741089192e+02,2.163063717202405556e+01
5.132494537078829110e+07,1.595814809066086355e+03,1.639927338120613786e+04,4.258042337074489865e+02,2.707249338849425868e+01
5.132496786247099936e+07,1.034978542138130024e+03,1.685358974358980049e+04,6.848717948717969648e+02,2.063656927724380097e+01
5.132430326736554503e+07,1.470112919562330944e+03,1.709525992847514135e+04,5.611989356432915201e+02,8.331988812223945828e+00
5.132355926710568368e+07,1.761844798734706501e+03,1.746474628005369232e+04,5.307208990831722986e+02,2.623578765854484462e+00
5.132417200699319690e+07,9.588340199936060344e+02,1.759909324009330157e+04,8.098508158508179804e+02,2.215405179472629982e+01
5.132273233131998777e+07,1.971034752433469066e+03,1.762880238192151228e+04,1.192969573579031703e+03,7.775373694926303054e-04
5.132136135721153021e+07,2.514185856290728225e+03,1.814926033001755786e+04,1.494389974226535514e+03,6.044151253593361582e-04
5.132410603030320257e+07,8.724960246556099719e+02,1.782597668997669825e+04,7.389603729603750253e+02,1.847573011640459839e+01
5.132386097095167637e+07,1.117672219781225522e+03,1.636044514373906895e+04,1.755705277937259098e+03,1.093134933809894460e-02
5.132410969871804118e+07,1.186704214609070732e+03,1.502126543162919552e+04,2.370395087308185794e+03,1.015221515495184045e-02
5.132403263170179725e+07,8.103258614854470352e+02,1.798553846153850100e+04,7.093682983683009979e+02,2.407479771547220082e+01
5.132327347675993294e+07,1.546773664140203209e+03,1.767376266120462969e+04,9.026942449210780524e+02,4.391627100684214816e-03
5.132256474206251651e+07,2.037302766466437561e+03,1.761367137524603822e+04,1.049260417108079309e+03,3.285389411046191546e-03
5.132410347319360077e+07,6.602908964504810001e+02,1.769622843822849973e+04,1.077575757575760008e+03,2.437083501150949871e+01
5.132359737641838938e+07,1.272568119041638511e+03,1.752225101146867746e+04,1.034256463957478900e+03,4.165759940354291611e-03
5.132306607763785869e+07,1.646710426914554546e+03,1.752831977056858886e+04,1.081311410839068230e+03,3.139175446854350522e-03
5.132576380186499655e+07,5.419738801334649452e+02,1.593746153846160087e+04,1.298314685314689996e+03,2.038715202782649882e+01
5.132551725291790068e+07,1.128096529287294516e+03,1.576706785480455437e+04,1.003987984885863511e+03,6.940993815145629631e-02
5.132513293846768141e+07,1.531576151423742431e+03,1.576637750522177885e+04,8.643928778231016850e+02,7.782633519460020743e-03
5.132826253613069654e+07,5.321207332803179497e+02,1.382142657342659913e+04,9.289487179487209687e+02,1.690696554763999870e+01
5.132788258318881691e+07,9.945401030507035784e+02,1.390231022451114222e+04,6.654070066475924250e+02,5.267321435068574864e+00
5.132737535354099423e+07,1.295831191918888635e+03,1.412034237322402987e+04,5.525561227218416889e+02,9.567810440808194317e-01
5.132954090209809691e+07,4.590974232570069944e+02,1.284382517482520052e+04,7.009557109557130161e+02,1.715871379938829833e+01
5.132911048097437620e+07,8.924481801835969463e+02,1.305697798321814844e+04,4.419484766281129851e+02,8.161921718170113138e+01
5.132855443676592410e+07,1.188234422730971801e+03,1.338083196371004851e+04,3.337444707151109924e+02,8.750466857325367300e+02
5.133062088811200112e+07,3.969109430705270256e+02,1.203541724941729990e+04,4.944009324009339821e+02,1.432188396255840068e+01
5.133013530413998663e+07,8.371248684931404114e+02,1.220028926756739202e+04,3.479580984324934434e+02,5.415647421447830823e+01
5.132956836050901562e+07,1.145876638720955725e+03,1.247876530608636858e+04,2.994756518599797914e+02,4.469777256635657068e+02
5.133105912354329973e+07,4.228619920215759862e+02,1.131146153846160087e+04,7.581235431235450051e+02,1.036850400917849946e+01
5.133077440170226991e+07,8.011454369221852403e+02,1.121543811806937265e+04,6.894037604299616078e+02,9.159011620922785299e-03
5.133045830752888322e+07,1.030719581886457718e+03,1.122848012174810174e+04,6.958989082624100320e+02,4.911951235501338386e-03
5.133199164568780363e+07,4.908596610192449816e+02,1.025395337995340014e+04,8.147249417249439603e+02,1.075545039612489973e+01
5.133174562063215673e+07,8.808656832881275704e+02,1.040100968536449000e+04,5.452015567969432368e+02,4.130531890082442459e+01
5.133137026319446415e+07,1.173062422084444506e+03,1.063801711006833648e+04,4.126432951413527803e+02,3.059053407070098274e+02
5.133320855011670291e+07,4.329272600868440009e+02,9.283048951048980598e+03,6.278344988345010051e+02,9.578294218968689933e+00
5.133295226442621648e+07,7.084205781700837861e+02,9.370317522062539865e+03,4.514005814984278686e+02,3.928643597708665336e+00
5.133261129041860253e+07,8.854146617080523356e+02,9.538612004570524732e+03,3.764785124840942672e+02,1.166243578798805913e+00
5.133379141724959761e+07,3.943165374761210273e+02,8.846384615384640711e+03,5.216503496503510178e+02,8.170368811043280388e+00
5.133351795709703863e+07,6.608747182180786695e+02,8.930909292653410375e+03,3.799920028867240944e+02,4.463710192558172807e+00
5.133317389523261786e+07,8.344870965266744633e+02,9.093334511400653355e+03,3.233087296129338029e+02,1.925508265341727254e+00
5.133420832167849690e+07,4.011160712756549742e+02,8.566496503496529840e+03,3.784498834498850215e+02,7.554984195658660084e+00
5.133392197845721245e+07,7.022172023114376316e+02,8.529856054071906328e+03,3.653634849175705881e+02,1.268601188333365881e+00
5.133361670384776592e+07,9.238552295174489473e+02,8.577635595224961435e+03,3.670515879230399605e+02,1.043295417209215425e-01
5.133427854312369972e+07,3.788083789679629945e+02,8.480491841491870218e+03,4.175827505827519985e+02,6.513026153700610443e+00
5.133405798985010386e+07,5.855933179569669846e+02,8.470843309101381237e+03,3.820137909321902043e+02,5.001537762832426737e-02
5.133382037138315290e+07,7.144123982790276841e+02,8.514784683815872995e+03,3.894714785909968668e+02,9.384125005993448898e-03
5.133445002797219902e+07,3.992069803665639824e+02,8.343860139860169511e+03,3.609813519813529865e+02,7.862676503350970236e+00
5.133428251280324161e+07,7.123571662416064783e+02,7.984827529013706226e+03,5.619161562828215892e+02,8.112889292530084395e-01
5.133419618522422016e+07,9.721651239695768254e+02,7.699964367371390836e+03,6.625771623849179832e+02,3.025148188472018274e-02
5.133433048484860361e+07,4.239645561241400173e+02,8.398347319347349185e+03,4.017016317016330049e+02,7.440765081439540296e+00
5.133404041134553403e+07,6.795405204939437454e+02,8.467112329606532512e+03,3.160638038867197679e+02,3.750652749674487030e+00
5.133370144365949929e+07,8.560323494201398944e+02,8.608702846104162745e+03,2.851795695106384869e+02,1.469797538796899117e+00
5.133411091608410329e+07,5.332489384085230313e+02,8.300599067599090631e+03,6.119487179487199455e+02,5.226312866987320227e+00
5.133384542661131918e+07,9.200790503349523988e+02,8.122885217532867500e+03,6.082602868651640620e+02,6.299424793564197510e-03
5.133355848473276198e+07,1.192154185328030962e+03,8.085986142564544934e+03,6.054671320327602189e+02,4.650072220452402746e-03
5.133442265034980327e+07,5.098783090378930183e+02,8.043790209790239714e+03,5.802960372960390032e+02,5.324214964889420365e+00
5.133420159330125898e+07,6.865415812550057808e+02,8.225067236663839140e+03,3.868599341022676867e+02,1.100625010858484032e+01
5.133388994523101300e+07,7.984289304054426566e+02,8.455610644764503377e+03,2.979287791136238184e+02,2.678946209723325111e+01
5.133486706759919971e+07,3.959878661474500063e+02,7.799405594405619922e+03,4.942377622377640023e+02,5.240298880973339735e+00
5.133464267486968637e+07,5.717779332899725659e+02,7.972186281241852157e+03,3.138907530883268464e+02,1.240239544454183829e+01
5.133433543688395619e+07,6.823876004304969456e+02,8.193347810064526129e+03,2.315486736559747385e+02,3.727678908342533504e+01
5.133520221212139726e+07,3.969435771031609761e+02,7.497417249417269886e+03,4.591445221445230231e+02,6.221650862325319942e+00
5.133498354790022969e+07,6.118834496427178919e+02,7.545652800999991996e+03,3.549010260895038869e+02,1.366417782975168693e+00
5.133471193090414256e+07,7.529432934136169706e+02,7.657091443114431968e+03,3.141457200051756899e+02,2.020617669774243397e-01
5.133542483682999760e+07,3.899762111357949834e+02,7.386484848484869872e+03,3.550955710955719837e+02,5.545660186334639974e+00
5.133523884852589667e+07,7.267398847142021623e+02,7.116553884733921223e+03,4.450781831711830705e+02,3.087035054785824073e+00
5.133507716781243682e+07,1.023958910094845919e+03,6.924855399297953227e+03,4.733449557180973670e+02,1.241138564949341161e+00
5.133536636596749723e+07,4.122675864271699879e+02,7.422599067599089722e+03,3.558275058275070251e+02,4.878993519667980117e+00
5.133520902589230984e+07,4.991865522927914753e+02,7.540016659176899338e+03,2.655663017138597297e+02,3.520716496243494475e-01
5.133501287807589024e+07,5.523701237305440372e+02,7.677490690152412753e+03,2.274051323838374117e+02,3.274772223736945043e-02
5.133527043822859973e+07,4.270088451684289907e+02,7.549228438228459709e+03,3.101561771561779892e+02,5.107431748106200153e+00
5.133502860385286808e+07,5.973104259072193827e+02,7.559323040817762376e+03,3.095550129065886722e+02,6.741048221898296444e-02
5.133478174141488224e+07,7.038008527857952004e+02,7.615209965893005574e+03,3.328998593417949223e+02,1.309758491699400396e-02
5.133478498368310183e+07,4.704004535600379882e+02,7.763629370629389996e+03,5.382820512820529757e+02,4.643562284236740112e+00
5.133469154059503973e+07,6.731691981510450660e+02,7.565410900644492358e+03,5.217756554387664210e+02,1.119640003648019473e+02
5.133462470629645139e+07,8.288461316143229851e+02,7.254172844261622231e+03,6.412064390744416187e+02,7.194467950376508270e+03
5.133505982983700186e+07,4.760974232570069944e+02,7.296708624708649950e+03,7.242354312354329977e+02,5.067804708479160425e+00
5.133498401606519520e+07,6.392653620171523698e+02,7.323912870022570132e+03,5.489490139180410324e+02,5.392461391118750363e-02
5.133483487853161991e+07,7.362043362611192379e+02,7.394037484382828552e+03,4.709413306033449658e+02,1.292134319320847186e-02
5.133600586480200291e+07,4.420438102033940027e+02,6.546666666666689707e+03,5.628881118881140537e+02,4.475730116404569969e+00
5.133588316989484429e+07,5.917866672159051404e+02,6.607704961268774241e+03,4.178688313682038711e+02,3.620893025734871484e-01
5.133569511460431665e+07,6.841231461818846356e+02,6.710983569359060311e+03,3.532047998647452118e+02,3.831426468719177636e-02
5.133627932634049654e+07,4.553701505297349854e+02,6.452864801864820038e+03,3.708857808857820260e+02,3.492047132721579850e+00
5.133608986900070310e+07,6.139205558624223613e+02,6.580528366680453473e+03,2.654801726475943724e+02,2.557515784965517458e+00
5.133584598180168122e+07,7.306743067635267153e+02,6.750370572082287254e+03,2.139959354479248930e+02,1.732357920801731455e+00
5.133613784615399688e+07,4.272349523945359806e+02,6.632277389277410293e+03,3.618764568764580076e+02,2.704168344842790006e+00
5.133593575572782755e+07,5.892139563549222885e+02,6.673367326835345921e+03,3.045307526560843030e+02,2.299029127209266943e-01
5.133570244086998701e+07,6.947596357752428275e+02,6.760912828698854355e+03,2.884652764996780547e+02,3.118789850991620857e-02
5.133601709324020147e+07,4.547291248887090092e+02,6.553755244755259810e+03,5.321445221445239895e+02,4.216988857663309886e+00
5.133584856831753999e+07,6.535686498418698420e+02,6.528674938359995394e+03,4.856880158612658533e+02,9.312545183041188307e-03
5.133565631058637053e+07,7.737708696326594691e+02,6.564318361530662514e+03,4.829850997361854752e+02,6.240047243130407602e-03
5.133630665034980327e+07,4.798480060075900155e+02,6.267706293706310134e+03,5.042890442890459894e+02,3.445427086101540137e+00
5.133617950203865021e+07,6.080771904438489628e+02,6.326647902289729245e+03,3.906231202891616476e+02,1.396675798258261714e-01
5.133600030701278150e+07,6.873686375353381663e+02,6.421000567821160985e+03,3.424490428602220504e+02,2.144254745706446197e-02
5.133638779487200081e+07,5.106358847954689963e+02,6.258561771561790010e+03,4.024545454545469738e+02,2.492047132721579850e+00
5.133621569223423302e+07,6.264610372703225494e+02,6.281398434689808710e+03,3.984592414821237867e+02,8.903294068345651152e-03
5.133603913386768103e+07,6.930502818758310468e+02,6.335254781007711244e+03,4.180393364274067380e+02,6.886884604438213257e-03
5.133598221445240080e+07,5.398899640495479844e+02,6.631578088578109600e+03,4.048484848484860095e+02,3.408131048805500107e+00
5.133578126109117270e+07,6.422928041850442469e+02,6.819855835815574210e+03,2.800045695483729560e+02,5.917540106183577286e+00
5.133551925045956671e+07,7.102451592550961550e+02,7.035226250310040086e+03,2.224565383079664116e+02,1.103887537090735904e+01
5.133554027272740006e+07,5.895053486649329670e+02,7.030139860139879602e+03,3.981958041958050103e+02,3.825380466054919992e+00
5.133531679175706953e+07,6.991576133113071592e+02,7.073662798430431394e+03,4.301384603119631720e+02,6.799894933319252516e-03
5.133510252901840210e+07,7.590810977161384017e+02,7.146072319240366596e+03,4.744433288395027262e+02,5.749197324178485433e-03
5.133485866899780184e+07,6.529738801334649452e+02,7.501650349650370117e+03,5.457412587412600260e+02,2.904634545308999893e+00
5.133465986524957418e+07,7.769611147011429466e+02,7.664237372012765263e+03,4.032301747061791843e+02,9.230451211514982823e-01
5.133439214590200037e+07,8.559788880102198618e+02,7.860736205641343986e+03,3.395217194170093649e+02,2.744202945371418401e-01
5.133460426806540042e+07,6.471323882919730295e+02,7.684326340326359968e+03,6.222354312354329977e+02,3.976895617570070041e+00
5.133439888046815246e+07,8.170588406538761319e+02,7.928888964681569632e+03,4.034517900726082758e+02,5.472901002961415884e+01
5.133409140902265906e+07,9.335799272524041044e+02,8.212728744195090258e+03,3.001378836619614958e+02,1.243542830396188720e+03
5.133462768997679651e+07,6.768246959842809929e+02,7.700759906759930345e+03,5.516526806526819655e+02,5.011860652535109928e+00
5.133448532132183015e+07,7.856971480816157509e+02,7.780244320595063982e+03,4.557101541824405899e+02,1.478216109617943620e-02
5.133429968606583029e+07,8.526523701561750386e+02,7.886498613542245039e+03,4.182912386029360050e+02,8.422115064363161485e-03
5.133429594871810079e+07,6.473002204598050184e+02,8.071149184149209759e+03,5.442610722610739913e+02,3.279925920600370137e+00
5.133405681604901701e+07,8.252394220645682026e+02,8.264267609420283407e+03,3.776638230473573117e+02,6.111778968864201467e+00
5.133373523844177276e+07,9.474298894439738206e+02,8.505154473704606062e+03,3.004572278083156220e+02,1.281854089797555218e+01
5.133390381351999938e+07,7.094260945856790386e+02,8.310524475524500303e+03,6.355547785547800004e+02,2.620252260926709820e+00
5.133371935996653885e+07,7.871160638389093265e+02,8.518628791023227677e+03,4.660394054323819546e+02,6.271824504927226984e-01
5.133345749336229265e+07,8.319036464386836087e+02,8.746514183015242452e+03,3.853630974209287388e+02,1.622254964665119648e-01
5.133370327039639652e+07,7.118829710425560506e+02,8.489165501165529349e+03,6.555104895104919933e+02,2.109762750437199852e+00
5.133347574469660968e+07,8.797417345343875468e+02,8.748797736283946506e+03,4.264372095560106573e+02,1.434161300913261350e+01
5.133313987129806727e+07,9.940229414533869203e+02,9.052201272468128082e+03,3.142933014933129812e+02,1.350471890465532567e+02
5.133363393939410150e+07,6.479598941194790314e+02,8.642864801864829133e+03,6.345034965034980132e+02,2.671534312208760031e+00
5.133334063081488013e+07,8.750050294091593059e+02,8.672388792896454106e+03,6.143327501900726020e+02,6.215202639404600847e-03
5.133303104985054582e+07,1.002305622062360953e+03,8.773351865764796457e+03,6.405233379541999739e+02,5.298202205024279791e-03
5.133366079020989686e+07,6.417990549586399993e+02,8.629839160839190299e+03,6.270209790209810308e+02,2.489716130390580151e+00
5.133340165355581790e+07,9.285367772835504638e+02,8.827787314102006349e+03,4.672824970620069394e+02,2.618135762180116899e+01
5.133307034766786546e+07,1.136074559097774454e+03,9.064966558315525617e+03,4.206570601667051506e+02,5.792530172409286706e+02
5.133377675058290362e+07,5.774633906229749982e+02,8.541438228438259102e+03,6.623519813519829995e+02,3.934937575612030169e+00
5.133365995401644707e+07,7.064054677776745166e+02,8.613523300139055209e+03,5.230812058821264827e+02,1.865452787382836791e-02
5.133348553189852089e+07,7.822613949493428436e+02,8.716055342850937450e+03,4.643899089792419090e+02,8.868617465110589446e-03
5.133409888811200112e+07,6.033631575227419717e+02,8.235673659673679140e+03,6.177156177156200556e+02,6.298573939248400144e+00
5.133388790806213766e+07,7.694153916696527631e+02,8.415656484956369241e+03,4.289997308670169218e+02,5.146008692152654440e+00
5.133358780911132693e+07,8.763373958907135375e+02,8.642233472742202139e+03,3.406519786134143715e+02,4.045494446503992592e+00
5.133432554778569937e+07,5.711813393409239552e+02,8.022365967365990400e+03,6.371002331002349592e+02,5.743795384469840393e+00
5.133413520038877428e+07,7.294865836990835533e+02,8.259203364258313741e+03,3.947986919960225123e+02,3.035650272914272918e+01
5.133383438721532375e+07,8.353367760864077809e+02,8.537785475210708682e+03,2.722027820920382055e+02,2.223054159590075187e+02
5.133441144289059937e+07,6.401347192943039772e+02,7.849454545454569597e+03,6.567552447552469630e+02,4.151720792395249937e+00
5.133361764582274109e+07,1.025880617282700996e+03,8.374462820356544398e+03,5.899454749551717896e+02,3.190621779794277583e-03
5.133271615860081464e+07,1.201290348145834514e+03,9.110267444459608669e+03,6.369814104009234370e+02,2.752474695568853363e-03
5.133438879020989686e+07,6.867151388747239480e+02,7.880559440559460199e+03,6.019557109557130161e+02,3.918620559295010075e+00
5.133420057064985484e+07,7.748837168241244626e+02,7.991870985856872721e+03,5.637061335884075106e+02,7.836069448597693565e+01
5.133399875588268042e+07,8.181128315387604744e+02,8.103153154388010989e+03,5.834239737001119011e+02,2.028566820827851643e+03
5.133423229603750259e+07,6.230834372430219901e+02,8.206412587412609355e+03,4.963916083916100206e+02,3.755450396124849988e+00
5.133404901386315376e+07,8.847279715990160867e+02,8.117038061507405473e+03,4.652411444999113996e+02,7.601653306758103523e-02
5.133384114306407422e+07,1.087355129265525875e+03,8.099907336796990421e+03,4.469806984774727425e+02,9.383062346854573882e-03
5.133387568764580041e+07,6.102279593875440469e+02,8.442983682983709514e+03,6.280186480186499693e+02,5.021184661859120268e+00
5.133374835409907252e+07,9.807087742417758136e+02,8.101066005242040774e+03,6.572083407942978965e+02,9.297150818996442398e-03
5.133361548057789356e+07,1.281703368002235038e+03,7.885858688771951165e+03,6.409294981734335579e+02,6.268015125107044561e-03
5.133405218648029864e+07,6.096638568234410513e+02,8.268076923076949242e+03,6.286177156177179768e+02,3.394145034819489926e+00
5.133384120273859054e+07,7.762824442215671752e+02,8.445326160880649695e+03,4.399152888364598653e+02,2.491189643876031479e+00
5.133354106061346829e+07,8.829820167292142514e+02,8.669667680203136115e+03,3.518988115991372183e+02,1.730899859343423497e+00
5.133423655244769901e+07,5.967431109026949798e+02,8.099419580419609701e+03,6.257109557109580464e+02,3.513026153700609999e+00
5.133407769173113257e+07,7.526765783465600634e+02,8.228877873621182516e+03,4.519736097882490071e+02,3.145702146957761181e-01
5.133383922318439931e+07,8.543102421853147916e+02,8.400492153072880683e+03,3.695230335732363187e+02,3.391288561572215060e-02
5.133452960606080294e+07,5.319785421381269543e+02,7.834419580419599697e+03,6.619300699300720225e+02,4.004867645542099730e+00
5.133434969400686026e+07,6.947459509575722905e+02,8.065643094794058015e+03,4.055859125549959572e+02,3.287054518350073096e+01
5.133405417610211670e+07,8.013124609161313856e+02,8.339039205444980325e+03,2.771445760719624332e+02,4.206246335516532326e+02
5.133490482983700186e+07,6.174657216253059460e+02,7.447543123543149704e+03,5.891351981351999711e+02,2.965240605915060002e+00
5.133458660241542757e+07,8.639905048181773282e+02,7.482871773009305798e+03,5.963855459188337136e+02,3.779802319987683994e-03
5.133425938349946588e+07,1.000674570617502809e+03,7.604209709726223082e+03,6.388651612353271503e+02,3.207781916046900054e-03
5.133467019347339869e+07,6.522512694108539790e+02,7.660289044289070262e+03,5.773962703962720298e+02,1.809063449737899898e+00
5.133449506252431870e+07,8.317248188250533758e+02,7.739910857298346855e+03,4.514623364623509474e+02,1.207691372857721962e-01
5.133425720808091015e+07,9.559944633416171200e+02,7.869661132665115474e+03,3.932805858892047013e+02,1.820589745769370105e-02
5.133461879254099727e+07,5.737081458677299679e+02,7.786034965034989909e+03,5.819510489510510070e+02,1.452420093094539899e+00
5.133440670203835517e+07,7.436766394033551251e+02,7.809928067776507305e+03,5.627020682493985078e+02,5.275527992173532042e-03
5.133418393886861205e+07,8.369907566310266702e+02,7.881553652697458347e+03,5.845850313827623950e+02,4.551259522562140468e-03
5.133479455477870256e+07,5.423165374761219937e+02,7.611603729603750253e+03,6.113286713286729537e+02,2.135403776078220073e+00
5.133467892444174737e+07,6.748704924163508849e+02,7.681745044040103494e+03,4.706849974062409956e+02,3.246545779053165715e-02
5.133450266907519102e+07,7.557651158504324940e+02,7.785341692357306783e+03,4.090031253265582905e+02,1.201986780623673021e-02
5.133514516083929688e+07,4.820741132336970054e+02,7.319312354312380194e+03,6.128717948717969648e+02,2.520019160693609983e+00
5.133505834165783226e+07,6.037948705438072921e+02,7.363960926144637597e+03,4.872077448697038449e+02,1.760142874323832388e-02
5.133492041749063134e+07,6.748123037803208035e+02,7.437687277625279421e+03,4.348479497977784831e+02,8.927922535625913009e-03
5.133564878554789722e+07,4.915309896905740175e+02,6.793510489510509615e+03,6.257738927738949997e+02,2.338200978875430103e+00
5.133552378029900044e+07,6.930986092182747598e+02,6.863691576607453499e+03,4.449005205927935549e+02,1.106694086017373069e+00
5.133531233491171896e+07,8.344428073154598451e+02,6.990356110585028546e+03,3.539142924358751543e+02,4.369226830007515439e-01
5.133622066200479865e+07,4.739459081054919807e+02,6.326118881118900390e+03,5.390512820512840335e+02,2.161044801719250064e+00
5.133609909301504493e+07,6.184242275145974190e+02,6.416890200050508611e+03,3.896885418028349477e+02,5.151634723147632267e-01
5.133590813088021427e+07,7.144038275658022030e+02,6.547248118737768891e+03,3.182964848855859827e+02,1.080079698877631639e-01
