0.000000000000000000e+00,5.134354362237764150e+07,1.506945122903399437e+01,8.391608391608401663e-01,2.342657342657343378e+00,6.547370614814726486e-02
1.000000000000000000e+00,5.134354377121999860e+07,1.461709947749461413e+01,1.133127625121264970e+00,2.352199353260125747e+00,6.547426123198149539e-02
2.000000000000000000e+00,5.134354380563179404e+07,1.441671253694519983e+01,1.301011294606206015e+00,2.350290951139569540e+00,6.547415021521464651e-02
3.000000000000000000e+00,5.134354367832170427e+07,1.442469598427874899e+01,1.427972027972028490e+00,2.342657342657343378e+00,6.547370614814726486e-02
4.000000000000000000e+00,5.134354334199841321e+07,1.459745539638826628e+01,1.599170005575095699e+00,2.335023734175117216e+00,6.547326208107988321e-02
5.000000000000000000e+00,5.134354274937062711e+07,1.489139635016674568e+01,1.899765407771772496e+00,2.333115332054561009e+00,6.547315106431303433e-02
6.000000000000000000e+00,5.134354185314701498e+07,1.526292442250719006e+01,2.414918414918423295e+00,2.342657342657343378e+00,6.547370614814726486e-02
7.000000000000000000e+00,5.134354062673687935e+07,1.566940817077815673e+01,3.213851162903849978e+00,2.363649765983464768e+00,6.547492733258257480e-02
8.000000000000000000e+00,5.134353912635196745e+07,1.607206807425043138e+01,4.302033609746606757e+00,2.373191776586247137e+00,6.547548241641681921e-02
9.000000000000000000e+00,5.134353742890458554e+07,1.643308759267036478e+01,5.668997668997686645e+00,2.342657342657343378e+00,6.547370614814726486e-02
1.000000000000000000e+01,5.134353560102474689e+07,1.671238679880393363e+01,7.300134830852393897e+00,2.260105251619077826e+00,6.546926547747339287e-02
1.100000000000000000e+01,5.134353366821305454e+07,1.686083221749567684e+01,9.164274892083293267e+00,2.180333567816460594e+00,6.546715615890330575e-02
1.200000000000000000e+01,5.134353164568780363e+07,1.682702698660975926e+01,1.122610722610725986e+01,2.174825174825175456e+00,6.547370614814726486e-02
1.300000000000000000e+01,5.134352954794432223e+07,1.660206004585148065e+01,1.343202236009956074e+01,2.291603923214923899e+00,6.549024764640744289e-02
1.400000000000000000e+01,5.134352738658626378e+07,1.634696354229064497e+01,1.565521543626900858e+01,2.484857531531492469e+00,6.549812983685357470e-02
1.500000000000000000e+01,5.134352517249433696e+07,1.626525542483819464e+01,1.775058275058280444e+01,2.685314685314687200e+00,6.547370614814726486e-02
1.600000000000000000e+01,5.134352298601268977e+07,1.646020022278064943e+01,1.958681501045555606e+01,2.840680989389832156e+00,6.541198082578042472e-02
1.700000000000000000e+01,5.134352118533924967e+07,1.663404878690687383e+01,2.108778056909149257e+01,2.966569725724329309e+00,6.538256138256601235e-02
1.800000000000000000e+01,5.134352019813534617e+07,1.638879854838132033e+01,2.219114219114225506e+01,3.095571095571098663e+00,6.547370614814726486e-02
1.900000000000000000e+01,5.134352022379622608e+07,1.553622233293914690e+01,2.286959958029387607e+01,3.243798684018991185e+00,6.570406593935444739e-02
2.000000000000000000e+01,5.134352054865267873e+07,1.472719454459837785e+01,2.323600019636996095e+01,3.361459611500584366e+00,6.581386152176596505e-02
2.100000000000000000e+01,5.134352023076938838e+07,1.482236498194774832e+01,2.343822843822850999e+01,3.382284382284386215e+00,6.547370614814726486e-02
2.200000000000000000e+01,5.134351900777854025e+07,1.608417242555469429e+01,2.351132124490391107e+01,3.271234694977976254e+00,6.461399230568537488e-02
2.300000000000000000e+01,5.134351933558234572e+07,1.638221158390144083e+01,2.303892571613613782e+01,3.118197025545218271e+00,6.420422941925370275e-02
2.400000000000000000e+01,5.134352434965050220e+07,1.298786614744891033e+01,2.149184149184155501e+01,3.044289044289047563e+00,6.547370614814726486e-02
2.500000000000000000e+01,5.134353511615158617e+07,5.146575275159316121e+00,1.847033515864394104e+01,3.136686001492591469e+00,6.937286908412168551e-02
2.600000000000000000e+01,5.134354442404954135e+07,0.000000000000000000e+00,1.409254108999670407e+01,3.346793467359745478e+00,7.573679654877506218e-02
2.700000000000000000e+01,5.134354299300715327e+07,6.663856823439600952e+00,8.606060606060658813e+00,3.592074592074596673e+00,8.412172479616608634e-02
2.800000000000000000e+01,5.134352269130419940e+07,3.083014993192811914e+01,4.514184360700263632e+00,3.794038911069293363e+00,1.094434936201039432e-01
2.900000000000000000e+01,5.134347998168844730e+07,6.449603425184109540e+01,1.334296034259453734e+01,3.890381500768221201e+00,2.280563569733997931e-01
3.000000000000000000e+01,5.134341247552463412e+07,9.623495239453541217e+01,4.887412587412613618e+01,3.822843822843827954e+00,5.316741723486152482e-01
3.100000000000000000e+01,5.134331718148329109e+07,1.187262741480745660e+02,1.213815866405484059e+02,3.588997256069165864e+00,1.060779568408525941e+00
3.200000000000000000e+01,5.134318869745799899e+07,1.410730780073483288e+02,2.271079217785974436e+02,3.409732847619716178e+00,1.650930258496763781e+00
3.300000000000000000e+01,5.134302101864817739e+07,1.764843696439529310e+02,3.587878787878800040e+02,3.561771561771566397e+00,2.086452727127174001e+00
3.400000000000000000e+01,5.134280590970826894e+07,2.346804248489436020e+02,5.149910671087078526e+02,4.143246691262032932e+00,2.214673977361536039e+00
3.500000000000000000e+01,5.134252621311313659e+07,3.114265998912111399e+02,7.176265439442128127e+02,4.537940842673343411e+00,2.134923086453361041e+00
3.600000000000000000e+01,5.134216254079269618e+07,3.989995211591051429e+02,9.944382284382318176e+02,3.951048951048956592e+00,2.009529650204097351e+00
3.700000000000000000e+01,5.134170315318021923e+07,4.884332939615862301e+02,1.366352668623155751e+03,2.019143493343581230e+00,1.980834599835422649e+00
3.800000000000000000e+01,5.134116690472219139e+07,5.657919392900596449e+02,1.827026928085593227e+03,1.043071141569376081e-01,2.111224208249951939e+00
3.900000000000000000e+01,5.134058029836845398e+07,6.158969570565415097e+02,2.363300699300706583e+03,0.000000000000000000e+00,2.443096083770532445e+00
4.000000000000000000e+01,5.133996967458465695e+07,6.284768181526349053e+02,2.957855531989303927e+03,2.949220171071165630e+00,2.982965921655091002e+00
4.100000000000000000e+01,5.133936072389990091e+07,6.128878773882902351e+02,3.576740404854777807e+03,7.993116982318539954e+00,3.593821764901871330e+00
4.200000000000000000e+01,5.133877897435912490e+07,5.833934605530449744e+02,4.181846153846166089e+03,1.362237762237765715e+01,4.102769743444195427e+00
4.300000000000000000e+01,5.133824547965706885e+07,5.513112267038407026e+02,4.742299018493497897e+03,1.847181144354079052e+01,4.377407181029713712e+00
4.400000000000000000e+01,5.133776339608764648e+07,5.161761679672358696e+02,5.256166852650759211e+03,2.175271645272719923e+01,4.447296176663381395e+00
4.500000000000000000e+01,5.133733140559455752e+07,4.745776097371938818e+02,5.728752913752930908e+03,2.282051282051288510e+01,4.382490023164476334e+00
4.600000000000000000e+01,5.133694930111587793e+07,4.241138721584388804e+02,6.162370564458960871e+03,2.190410212866733985e+01,4.249466273667020566e+00
4.700000000000000000e+01,5.133662131956706196e+07,3.664192543787415843e+02,6.547373588323680451e+03,2.272631160373405024e+01,4.100399522563984434e+00
4.800000000000000000e+01,5.133635280885796249e+07,3.041370502966340155e+02,6.871125874125895280e+03,2.988344988344999464e+01,3.983888624563077574e+00
4.900000000000000000e+01,5.133614754362791777e+07,2.408027158560054772e+02,7.123005480124194037e+03,4.665666478667509409e+01,3.930632207586739035e+00
5.000000000000000000e+01,5.133600300543437153e+07,1.835203551821746828e+02,7.300447142496317610e+03,7.106646085676096902e+01,3.899727992416325950e+00
5.100000000000000000e+01,5.133591510256426036e+07,1.402862344458176267e+02,7.402899766899789029e+03,9.981818181818213986e+01,3.832373473047925749e+00
5.200000000000000000e+01,5.133587915693834424e+07,1.166265483263242260e+02,7.432261404364946429e+03,1.301999647886928528e+02,3.694265072959584728e+00
5.300000000000000000e+01,5.133588814501255751e+07,1.081872055379404856e+02,7.400226687413361105e+03,1.618311204591657884e+02,3.549094933557186859e+00
5.400000000000000000e+01,5.133593445687661320e+07,1.081440433036263755e+02,7.320939393939415822e+03,1.949137529137534841e+02,3.485054125728578089e+00
5.500000000000000000e+01,5.133601181359763443e+07,1.107229238280295789e+02,7.207001738468989060e+03,2.288231963382762615e+02,3.577664629978769106e+00
5.600000000000000000e+01,5.133611926015221328e+07,1.143498092425486306e+02,7.064849682053945799e+03,2.596277053252267137e+02,3.851772065281433566e+00
5.700000000000000000e+01,5.133625717249432951e+07,1.185006866602697357e+02,6.899377622377644002e+03,2.825687645687654026e+02,4.319552960227413863e+00
5.800000000000000000e+01,5.133642450708699226e+07,1.224067949107611497e+02,6.715529880557466640e+03,2.945387615563844292e+02,4.956596879359197239e+00
5.900000000000000000e+01,5.133661454242929071e+07,1.243203796895190152e+02,6.518450471446873962e+03,2.990336949489018252e+02,5.592145531025858318e+00
6.000000000000000000e+01,5.133681913752929866e+07,1.222489384085214965e+02,6.313333333333352130e+03,3.012004662004670763e+02,6.018853659528117461e+00
6.100000000000000000e+01,5.133703137898256630e+07,1.153270718302662914e+02,6.103913272669135949e+03,3.052096189573858851e+02,6.110174877524863213e+00
6.200000000000000000e+01,5.133724926373431087e+07,1.071977941193292736e+02,5.888088568565480273e+03,3.113262656345886512e+02,6.062758271107663965e+00
6.300000000000000000e+01,5.133747201631717384e+07,1.026312227908058503e+02,5.662298368298384958e+03,3.188391608391618206e+02,6.154051794726254521e+00
6.400000000000000000e+01,5.133769888046293706e+07,1.049302360376570675e+02,5.425520991470058107e+03,3.260477820390969441e+02,6.559648411532899459e+00
6.500000000000000000e+01,5.133792917669987679e+07,1.115287547643065835e+02,5.186891446987504423e+03,3.272944981460049121e+02,7.047721119489975372e+00
6.600000000000000000e+01,5.133816224475540221e+07,1.183934605530436244e+02,4.958083916083931399e+03,3.159324009324018903e+02,7.284587925262387742e+00
6.700000000000000000e+01,5.133839450415669382e+07,1.222833076412607483e+02,4.749566346014314149e+03,2.885568631771759556e+02,7.028447364272856213e+00
6.800000000000000000e+01,5.133861069363011420e+07,1.231263408867635434e+02,4.566981748120702832e+03,2.547323816847039097e+02,6.405020086975369509e+00
6.900000000000000000e+01,5.133879263170178980e+07,1.216428778024608874e+02,4.414766899766913411e+03,2.272657342657349773e+02,5.631907272581730517e+00
7.000000000000000000e+01,5.133892948510924727e+07,1.184679778862428918e+02,4.293741812334294991e+03,2.153347108621502457e+02,4.909510558370863365e+00
7.100000000000000000e+01,5.133903981343568861e+07,1.138956685759245886e+02,4.190259433274312869e+03,2.136011499403590221e+02,4.369433413890180695e+00
7.200000000000000000e+01,5.133914952447567880e+07,1.081347192943023430e+02,4.087055944055957298e+03,2.130979020979027041e+02,4.126079766754219946e+00
7.300000000000000000e+01,5.133927820808786899e+07,1.013669876268062779e+02,3.971426691275538360e+03,2.066938642971315119e+02,4.243489822936515665e+00
7.400000000000000000e+01,5.133942018238718063e+07,9.366668380940207328e+01,3.848903682038624083e+03,1.946021189596309569e+02,4.584248901846612156e+00
7.500000000000000000e+01,5.133956344755260646e+07,8.508110624068922334e+01,3.729578088578099596e+03,1.788717948717953732e+02,4.960578601253056164e+00
7.600000000000000000e+01,5.133969803512588143e+07,7.582404065733251741e+01,3.621147986493523149e+03,1.617190644452263086e+02,5.212903423636404021e+00
7.700000000000000000e+01,5.133982210209981352e+07,6.677522214825776814e+01,3.521739064851154126e+03,1.460282745923540801e+02,5.294459490325271744e+00
7.800000000000000000e+01,5.133993583682999760e+07,5.898087314045604757e+01,3.427083916083926852e+03,1.348508158508162467e+02,5.186685827360283163e+00
7.900000000000000000e+01,5.134004042219433188e+07,5.322726859178022352e+01,3.333472513574919049e+03,1.299247410834959169e+02,4.892403314071429143e+00
8.000000000000000000e+01,5.134014101916011423e+07,4.926089358353041092e+01,3.239424354507786120e+03,1.277347524542584978e+02,4.499960242946141165e+00
8.100000000000000000e+01,5.134024378321693838e+07,4.656828572786859155e+01,3.144016317016326866e+03,1.234522144522148182e+02,4.119086759761213301e+00
8.200000000000000000e+01,5.134035225391004980e+07,4.464836831452731758e+01,3.047281392859630159e+03,1.139221248942793352e+02,3.833324779966069684e+00
8.300000000000000000e+01,5.134045950700705498e+07,4.304960734352166440e+01,2.953077028297940615e+03,1.026840149085802381e+02,3.621463297700650674e+00
8.400000000000000000e+01,5.134055600233116746e+07,4.133285449243733467e+01,2.866216783216792010e+03,9.495104895104925902e+01,3.436103076777528464e+00
8.500000000000000000e+01,5.134063562277249247e+07,3.915825508660459775e+01,2.789638813890183883e+03,9.428376356972638916e+01,3.235515871329316617e+00
8.600000000000000000e+01,5.134070594348863512e+07,3.658312904233202545e+01,2.718779662145971088e+03,9.763218368108496747e+01,3.000657396768800389e+00
8.700000000000000000e+01,5.134077796270412207e+07,3.376408992367274209e+01,2.647200466200474239e+03,1.002937062937065917e+02,2.718154358828808181e+00
8.800000000000000000e+01,5.134085989723528922e+07,3.087148378275707472e+01,2.569902451985452899e+03,9.888445943512219571e+01,2.383490404308706179e+00
8.900000000000000000e+01,5.134094883826582134e+07,2.813058662402401211e+01,2.487647196294431524e+03,9.529549520865987233e+01,2.027576944274010362e+00
9.000000000000000000e+01,5.134103909557124972e+07,2.578040693998974220e+01,2.402636363636370788e+03,9.273659673659703628e+01,1.690182330856776938e+00
9.100000000000000000e+01,5.134112626683344692e+07,2.402892741298163060e+01,2.316678685428689732e+03,9.355835206974001039e+01,1.406322531282569122e+00
9.200000000000000000e+01,5.134121110135973990e+07,2.296002748457180687e+01,2.230011160722623117e+03,9.667456897301082108e+01,1.192003973150988161e+00
9.300000000000000000e+01,5.134129563636378944e+07,2.262656078614357824e+01,2.142477855477862249e+03,1.001398601398604313e+02,1.058480699155143423e+00
9.400000000000000000e+01,5.134138158787938952e+07,2.299689717357047414e+01,2.054107316357673881e+03,1.022349769720975843e+02,1.012051002105889053e+00
9.500000000000000000e+01,5.134146938722077757e+07,2.370147140068683811e+01,1.965666012839635187e+03,1.021452257049620869e+02,1.039190175285052753e+00
9.600000000000000000e+01,5.134155914452230930e+07,2.428623444581724300e+01,1.878104895104901061e+03,9.928205128205158303e+01,1.121417762092206338e+00
9.700000000000000000e+01,5.134165028763283789e+07,2.441365928040863054e+01,1.792584788500059858e+03,9.341566562246367766e+01,1.237374662908410361e+00
9.800000000000000000e+01,5.134173951525925845e+07,2.421230684839753877e+01,1.711106019033437406e+03,8.575134854729623157e+01,1.354187206040680547e+00
9.900000000000000000e+01,5.134182284382300079e+07,2.392726008684287820e+01,1.635878787878792991e+03,7.785314685314709493e+01,1.436103076777521581e+00
1.000000000000000000e+02,5.134189717784680426e+07,2.370672535388474955e+01,1.568611977367234658e+03,7.098304775206992190e+01,1.459523611380401764e+00
1.010000000000000000e+02,5.134196297425887734e+07,2.331140269198792225e+01,1.509009194459264563e+03,6.519480011794125573e+01,1.449464750002642521e+00
1.020000000000000000e+02,5.134202157808873057e+07,2.240511556469835597e+01,1.456272727272731572e+03,6.024009324009342947e+01,1.443096083770528892e+00
1.030000000000000000e+02,5.134207456076675653e+07,2.086690036901018885e+01,1.408921199984927398e+03,5.612922184633647760e+01,1.461031938784365991e+00
1.040000000000000000e+02,5.134212439932665229e+07,1.943664523571036540e+01,1.362738581010909911e+03,5.390690241839142516e+01,1.457665581040539671e+00
1.050000000000000000e+02,5.134217379720295966e+07,1.906945122903401213e+01,1.312825174825178919e+03,5.487645687645705550e+01,1.370835011509456303e+00
1.060000000000000000e+02,5.134222467388121039e+07,2.051968348824819799e+01,1.256081363071221404e+03,5.950213686465728813e+01,1.162056276569780833e+00
1.070000000000000000e+02,5.134227581305084378e+07,2.373876345274775446e+01,1.196607836068474853e+03,6.489191292281681456e+01,8.875576042332130600e-01
1.080000000000000000e+02,5.134232521445237100e+07,2.847737663695944832e+01,1.140305361305364841e+03,6.731468531468550509e+01,6.272452679197110248e-01
1.090000000000000000e+02,5.134237086794319004e+07,3.428580153359630600e+01,1.092164294807824263e+03,6.416897333511144552e+01,4.521080270149142599e-01
1.100000000000000000e+02,5.134241072384859622e+07,3.991268854851635695e+01,1.053533346751817817e+03,5.737177240333559780e+01,3.974645847671866017e-01
1.110000000000000000e+02,5.134244272261087596e+07,4.390628106586391510e+01,1.024850815850819117e+03,4.996969696969712516e+01,4.897161303905730456e-01
1.120000000000000000e+02,5.134246568677379936e+07,4.518902452011101190e+01,1.005831517267562276e+03,4.450538514498001064e+01,7.264201563257611793e-01
1.130000000000000000e+02,5.134248196728733927e+07,4.418017254704068364e+01,9.932963319618286278e+02,4.150556968174736028e+01,9.897593679200089589e-01
1.140000000000000000e+02,5.134249479720295221e+07,4.167318083276367702e+01,9.833426573426603454e+02,4.099300699300711415e+01,1.133072773747217710e+00
1.150000000000000000e+02,5.134250727177940309e+07,3.847374585910217348e+01,9.722990689113781855e+02,4.283840778055775900e+01,1.056118938969625276e+00
1.160000000000000000e+02,5.134252193510451168e+07,3.543652729072400120e+01,9.574188545384154168e+02,4.630429990136013885e+01,8.443346551028162450e-01
1.170000000000000000e+02,5.134254119347335398e+07,3.342842558800841601e+01,9.361864801864829815e+02,5.050116550116564440e+01,6.295762702507133879e-01
1.180000000000000000e+02,5.134256695666290075e+07,3.296276071441265287e+01,9.069823944304629322e+02,5.451955577802846165e+01,5.177470671520463252e-01
1.190000000000000000e+02,5.134259914837774634e+07,3.313853064570598406e+01,8.717709762939201710e+02,5.737029813921370192e+01,5.109380670847754047e-01
1.200000000000000000e+02,5.134263719580435008e+07,3.270115286073568228e+01,8.334125874125900282e+02,5.804428904428920077e+01,5.852872259616687112e-01
1.210000000000000000e+02,5.134267955873990059e+07,3.098521055074344588e+01,7.948385207672871502e+02,5.584465720195071015e+01,7.119924755685308471e-01
1.220000000000000000e+02,5.134272082742445916e+07,2.968194975654864010e+01,7.592637947191411740e+02,5.132346031740544845e+01,8.424916511833141497e-01
1.230000000000000000e+02,5.134275462470878661e+07,3.107178223136505579e+01,7.299743589743611665e+02,4.534498834498847941e+01,9.232825639570074738e-01
1.240000000000000000e+02,5.134277587986250222e+07,3.662896390601066088e+01,7.096485004853814189e+02,3.886681584583666904e+01,9.149781553156132174e-01
1.250000000000000000e+02,5.134278474783058465e+07,4.460312742172016698e+01,6.985338551895395085e+02,3.321965580829392906e+01,8.346518877851870633e-01
1.260000000000000000e+02,5.134278268997684121e+07,5.243774959733246988e+01,6.962703962703983507e+02,2.982750582750591306e+01,7.134923541667972380e-01
1.270000000000000000e+02,5.134277157423266768e+07,5.799731261442308039e+01,7.022644469881697660e+02,2.951765724428111426e+01,5.854713712588104357e-01
1.280000000000000000e+02,5.134275489479984343e+07,6.083032010551402635e+01,7.149877309096600584e+02,3.073057638207938780e+01,4.956936518487845555e-01
1.290000000000000000e+02,5.134273655244770646e+07,6.090628106586396484e+01,7.326783216783239823e+02,3.131002331002339290e+01,4.920471327215752977e-01
1.300000000000000000e+02,5.134271966305923462e+07,5.853448541316074483e+01,7.534428957111365435e+02,2.970038648153734329e+01,5.982940588535016202e-01
1.310000000000000000e+02,5.134270420297183096e+07,5.538334675480898284e+01,7.748625405191531854e+02,2.674856788725157841e+01,7.416939079867347351e-01
1.320000000000000000e+02,5.134268936363652349e+07,5.346105962064250861e+01,7.943869463869488072e+02,2.390209790209796736e+01,8.253804660549092231e-01
1.330000000000000000e+02,5.134267425302714854e+07,5.415937765172990481e+01,8.104715243415187160e+02,2.227632475843122606e+01,7.788669948884416883e-01
1.340000000000000000e+02,5.134265764520880580e+07,5.640429093407880146e+01,8.255945683795365539e+02,2.165786811829744707e+01,6.371846599048776039e-01
1.350000000000000000e+02,5.134263823076938838e+07,5.850534866493156017e+01,8.432400932400958027e+02,2.150116550116556269e+01,4.617441024185447995e-01
1.360000000000000000e+02,5.134261508741620928e+07,5.922908500516467711e+01,8.658903801421765820e+02,2.142059437768470076e+01,3.116451643799248439e-01
1.370000000000000000e+02,5.134258884133418649e+07,5.916997397019098059e+01,8.920207762243062461e+02,2.167029202322473580e+01,2.367444902841152332e-01
1.380000000000000000e+02,5.134256050582766533e+07,5.937947453905744055e+01,9.191048951048978779e+02,2.266433566433572722e+01,2.845879252623673139e-01
1.390000000000000000e+02,5.134253127117583901e+07,6.055345624761604739e+01,9.450375758270778306e+02,2.460393262679857429e+01,4.729803567331883896e-01
1.400000000000000000e+02,5.134250303555742651e+07,6.196543085893902258e+01,9.693985591328206510e+02,2.683881063331750383e+01,7.007628412641103699e-01
1.410000000000000000e+02,5.134247787412603199e+07,6.253332069290360096e+01,9.921888111888142703e+02,2.850582750582758607e+01,8.370354777099208166e-01
1.420000000000000000e+02,5.134245722026677430e+07,6.150699257843778867e+01,1.013470410393956968e+03,2.894835956647254349e+01,7.930915827254835238e-01
1.430000000000000000e+02,5.134243994029095769e+07,5.946409138067249955e+01,1.033549884075992168e+03,2.833585713823072183e+01,6.489973441659655506e-01
1.440000000000000000e+02,5.134242425874141604e+07,5.731420647378936906e+01,1.052794871794875007e+03,2.704428904428911906e+01,5.270121676866103000e-01
1.450000000000000000e+02,5.134240852107233554e+07,5.587128184883862048e+01,1.071531184047515126e+03,2.549825200293462046e+01,5.173306524222085478e-01
1.460000000000000000e+02,5.134239155638337135e+07,5.556667996434474333e+01,1.089917315078640286e+03,2.431685431285357879e+01,5.818881714257405635e-01
1.470000000000000000e+02,5.134237231468546391e+07,5.673611789570079367e+01,1.108069930069933434e+03,2.416783216783223764e+01,6.505552912297339896e-01
1.480000000000000000e+02,5.134235003931079060e+07,5.939592470508311095e+01,1.126580714591864080e+03,2.525642228624596441e+01,6.667485141283785444e-01
1.490000000000000000e+02,5.134232514687614888e+07,6.228487740180120369e+01,1.147941435770047519e+03,2.593786348482661097e+01,6.280680854625108056e-01
1.500000000000000000e+02,5.134229834731949866e+07,6.382236498194789220e+01,1.175118881118884701e+03,2.410489510489517428e+01,5.456601863346288717e-01
1.510000000000000000e+02,5.134227025417266041e+07,6.290880431877801016e+01,1.209333819106243936e+03,1.900597338199647979e+01,4.363514224537311526e-01
1.520000000000000000e+02,5.134224109534285963e+07,6.036872379419455115e+01,1.244822942013857755e+03,1.531242212857076801e+01,3.396900979548165278e-01
1.530000000000000000e+02,5.134221100233115256e+07,5.750767966726256475e+01,1.274076923076926960e+03,1.905128205128212926e+01,3.009049415793835225e-01
1.540000000000000000e+02,5.134218151682171226e+07,5.541897642742068797e+01,1.290482092381266511e+03,3.417638797580569587e+01,3.448423970999515697e-01
1.550000000000000000e+02,5.134215982123102993e+07,5.434691148560205676e+01,1.291007407415155058e+03,5.634875120386068659e+01,4.148197684131219587e-01
1.560000000000000000e+02,5.134215450815866888e+07,5.432353048311337318e+01,1.273517482517486314e+03,7.915617715617737815e+01,4.337720744465165534e-01
1.570000000000000000e+02,5.134217202706943452e+07,5.534317752359079634e+01,1.237260301224536306e+03,9.695911271875290538e+01,3.494599983741240035e-01
1.580000000000000000e+02,5.134221025488895923e+07,5.724939055998821402e+01,1.187017323862107332e+03,1.072085706386518069e+02,2.089468803553997389e-01
1.590000000000000000e+02,5.134226492540808022e+07,5.984800600758890710e+01,1.128953379953383319e+03,1.081282051282054368e+02,8.412172479616608634e-02
1.600000000000000000e+02,5.134233041703221202e+07,6.290655413395412410e+01,1.069376210620118172e+03,9.920869270404905649e+01,3.063122676382058068e-02
1.610000000000000000e+02,5.134239568662495166e+07,6.603934061575682790e+01,1.015165203378343335e+03,8.500879910003325790e+01,3.915284397206240247e-02
1.620000000000000000e+02,5.134244833566448838e+07,6.882236498194791352e+01,9.733426573426603454e+02,7.135431235431256880e+01,8.412172479616608634e-02
1.630000000000000000e+02,5.134247912419315428e+07,7.088200208281965331e+01,9.491062194997073220e+02,6.267982793876396386e+01,1.468782241470379946e-01
1.640000000000000000e+02,5.134249144650993496e+07,7.204612805402975084e+01,9.403549283242704178e+02,5.785517106015470290e+01,2.363835230781113628e-01
1.650000000000000000e+02,5.134249185547801852e+07,7.219299435257728703e+01,9.431631701631731630e+02,5.435897435897452112e+01,3.685040091784512750e-01
1.660000000000000000e+02,5.134248621845893562e+07,7.128569321252051338e+01,9.535034956856551389e+02,5.038227785117858559e+01,5.491952213673552130e-01
1.670000000000000000e+02,5.134247766080771387e+07,6.962667997615454851e+01,9.669411128506222894e+02,4.696575105458343558e+01,7.447693038850502489e-01
1.680000000000000000e+02,5.134246862237778306e+07,6.760325076283368162e+01,9.789393939393969504e+02,4.586247086247099958e+01,9.116275523019957694e-01
1.690000000000000000e+02,5.134246139634314924e+07,6.554500159437237983e+01,9.858433650545907767e+02,4.814286934166466381e+01,1.011541756297729133e+00
1.700000000000000000e+02,5.134245768916027993e+07,6.355072810242567272e+01,9.875246675839722457e+02,5.214679925315365949e+01,1.027765681988099367e+00
1.710000000000000000e+02,5.134245906060621887e+07,6.166152582110872515e+01,9.847365967365997221e+02,5.553146853146868978e+01,9.489235895980331348e-01
1.720000000000000000e+02,5.134246625651647151e+07,5.999020315672352410e+01,9.783321436384328535e+02,5.657659097917651536e+01,7.836666431839445224e-01
1.730000000000000000e+02,5.134247676696031541e+07,5.893642000431928096e+01,9.695630830830392597e+02,5.605190387098809879e+01,6.207536221281996225e-01
1.740000000000000000e+02,5.134248726806542277e+07,5.897154913113203634e+01,9.597808857808887524e+02,5.534965034965051700e+01,5.689702096446526136e-01
1.750000000000000000e+02,5.134249542970272154e+07,6.028652986190837737e+01,9.500821396457751007e+02,5.544034629787647361e+01,7.004023616238430616e-01
1.760000000000000000e+02,5.134250289671605825e+07,6.195056775143716976e+01,9.405439014047897217e+02,5.560759855824151998e+01,9.403371246630560787e-01
1.770000000000000000e+02,5.134251230769246817e+07,6.275243491201781865e+01,9.309883449883478761e+02,5.471328671328687676e+01,1.177361818036262164e+00
1.780000000000000000e+02,5.134252533089818805e+07,6.192132407745373968e+01,9.212378560103757081e+02,5.213219563282368085e+01,1.316846989823756697e+00
1.790000000000000000e+02,5.134253975331617892e+07,6.044811046756428397e+01,9.111156668188416461e+02,4.929073133574286203e+01,1.331296103331129688e+00
1.800000000000000000e+02,5.134255239160855114e+07,5.976408992367282735e+01,9.004452214452242060e+02,4.812820512820528052e+01,1.209995850670295026e+00
1.810000000000000000e+02,5.134256046297068149e+07,6.100276776036803028e+01,8.896200666330358899e+02,4.989101103096957956e+01,9.623047865562361913e-01
1.820000000000000000e+02,5.134256278673089296e+07,6.410648718529991186e+01,8.813141599739226422e+02,5.305387392318573347e+01,6.778689161162118060e-01
1.830000000000000000e+02,5.134255858275073767e+07,6.871980087938381132e+01,8.787715617715643930e+02,5.539860139860155641e+01,4.664061070805496367e-01
1.840000000000000000e+02,5.134254787998441607e+07,7.413164023594030994e+01,8.841561759984621176e+02,5.536419363706565377e+01,4.071266145240450829e-01
1.850000000000000000e+02,5.134253394375669211e+07,7.820845149791098549e+01,8.953112813024047227e+02,5.401842116282996642e+01,4.572102428993608525e-01
1.860000000000000000e+02,5.134252084848500788e+07,7.846105962064257255e+01,9.090000000000027285e+02,5.308624708624724065e+01,5.433291840036265086e-01
1.870000000000000000e+02,5.134251247673173994e+07,7.331878676815045992e+01,9.216963499809187397e+02,5.384370194558957223e+01,6.035504604226111791e-01
1.880000000000000000e+02,5.134251194363912195e+07,6.488494393912426972e+01,9.287179314270241548e+02,5.577108599080654017e+01,6.215204178966395876e-01
1.890000000000000000e+02,5.134252217249432951e+07,5.618133934092223569e+01,9.250932400932429118e+02,5.789976689976705870e+01,5.922802329546755784e-01
1.900000000000000000e+02,5.134254452328554541e+07,4.964835570409842802e+01,9.079424782952670512e+02,5.930891362849202153e+01,5.160877252483470068e-01
1.910000000000000000e+02,5.134257410280491412e+07,4.540067385199050420e+01,8.827526745918631832e+02,5.926890024561016901e+01,4.140672869199376604e-01
1.920000000000000000e+02,5.134260445454560965e+07,4.297154913113198660e+01,8.571025641025667028e+02,5.709790209790226356e+01,3.125599532343951714e-01
1.930000000000000000e+02,5.134263034327560663e+07,4.194842423358694816e+01,8.366886189929114153e+02,5.272121334101311163e+01,2.375887214540712278e-01
1.940000000000000000e+02,5.134265141886224598e+07,4.213549123354152925e+01,8.196782596124280644e+02,4.849260336604405097e+01,2.139044368309322430e-01
1.950000000000000000e+02,5.134266855244770646e+07,4.339112955071240663e+01,8.023566433566458045e+02,4.737296037296052020e+01,2.659399066143484647e-01
1.960000000000000000e+02,5.134268313892333210e+07,4.542091218201575487e+01,7.818306292606857824e+02,5.114535067990746597e+01,4.033054360634003022e-01
1.970000000000000000e+02,5.134269866817714274e+07,4.731918643316574702e+01,7.584938829180356379e+02,5.688155307774798075e+01,5.763213224760085351e-01
1.980000000000000000e+02,5.134271915384630859e+07,4.802749318707604687e+01,7.335617715617738668e+02,6.047552447552465082e+01,7.204853611598041052e-01
1.990000000000000000e+02,5.134274708946330100e+07,4.694953124411805589e+01,7.080620747042368066e+02,5.905506329703730728e+01,7.829883454711257240e-01
2.000000000000000000e+02,5.134277888814175874e+07,4.533763107449402696e+01,6.822722209747893203e+02,5.468333402511467511e+01,7.577930609611429613e-01
2.010000000000000000e+02,5.134280944289059937e+07,4.490628106586392931e+01,6.562820512820533168e+02,5.065734265734280939e+01,6.505552912297339896e-01
2.020000000000000000e+02,5.134283328721816838e+07,4.758660227131529297e+01,6.312942049621796059e+02,4.929631446052931665e+01,4.747810361386083366e-01
2.030000000000000000e+02,5.134284351663048565e+07,5.617624640564582705e+01,6.129625150614349423e+02,4.900835177836850676e+01,2.753771605968030056e-01
2.040000000000000000e+02,5.134283286713302135e+07,7.368949784908082279e+01,6.080536130536149813e+02,4.722377622377635475e+01,1.051007457751871876e-01
2.050000000000000000e+02,5.134279393692180514e+07,1.018717814625066751e+02,6.238457985317497787e+02,4.227578004361414798e+01,8.839044972629946095e-03
2.060000000000000000e+02,5.134271877295528352e+07,1.373930840294543714e+02,6.696640435658076740e+02,3.610903802052456513e+01,0.000000000000000000e+00
2.070000000000000000e+02,5.134259928438244015e+07,1.756545328141160667e+02,7.553449883449907247e+02,3.157109557109566822e+01,8.412172479616608634e-02
2.080000000000000000e+02,5.134243055276711285e+07,2.125745254844100600e+02,8.877033312915639272e+02,3.085326328437942323e+01,2.552337267217967276e-01
2.090000000000000000e+02,5.134222034933228791e+07,2.461405413231594537e+02,1.061466003760041531e+03,3.352191243928352549e+01,4.613310868247596508e-01
2.100000000000000000e+02,5.134197961771577597e+07,2.748573300169135791e+02,1.268337995337999473e+03,3.848717948717960269e+01,6.389002795747222851e-01
2.110000000000000000e+02,5.134171905161356181e+07,2.976023449962482346e+02,1.500157072451542035e+03,4.439378790148987264e+01,7.343019895961088173e-01
2.120000000000000000e+02,5.134144834495436400e+07,3.147438546678458238e+02,1.749292108880882324e+03,4.882480924383901311e+01,7.333937421323706296e-01
2.130000000000000000e+02,5.134117694172509760e+07,3.270228311824149046e+02,2.008244755244761564e+03,4.909790209790223514e+01,6.319072725817155289e-01
2.140000000000000000e+02,5.134091074254943430e+07,3.353767715154421580e+02,2.271243532144117580e+03,4.411833465641132079e+01,4.579331426485852008e-01
2.150000000000000000e+02,5.134064147459807247e+07,3.415292719415246552e+02,2.539424440108675299e+03,3.914181354832416559e+01,3.689972192623564018e-01
2.160000000000000000e+02,5.134035732167847455e+07,3.474004535600373629e+02,2.815650349650358294e+03,4.101165501165516503e+01,5.549841956586388791e-01
2.170000000000000000e+02,5.134005186336617917e+07,3.541578331667498105e+02,3.100459923896488817e+03,5.433437567436786253e+01,1.123621973512742178e+00
2.180000000000000000e+02,5.133974026230910420e+07,3.599585103430109143e+02,3.385094996435994290e+03,7.476929372422239339e+01,1.854011288258771373e+00
2.190000000000000000e+02,5.133944307692323625e+07,3.622069803665642098e+02,3.658473193473204446e+03,9.573892773892804087e+01,2.443096083770531557e+00
2.200000000000000000e+02,5.133917786528349668e+07,3.585839463671119915e+02,3.910484932504810786e+03,1.123443007795899291e+02,2.660657753759239519e+00
2.210000000000000000e+02,5.133895018410048634e+07,3.478749428821907941e+02,4.134911796196962314e+03,1.264004538408966738e+02,2.567827491285763930e+00
2.220000000000000000e+02,5.133876258974374831e+07,3.291417123012960246e+02,4.326508158508171618e+03,1.414009324009327884e+02,2.298573939248387266e+00
2.230000000000000000e+02,5.133861661826173216e+07,3.024643992803230503e+02,4.481418182568841075e+03,1.594553037074902022e+02,1.982973604723579086e+00
2.240000000000000000e+02,5.133850972441862524e+07,2.719967575407677600e+02,4.601345188196932213e+03,1.771372220871908780e+02,1.735534451500563735e+00
2.250000000000000000e+02,5.133843834265749902e+07,2.429109430705265424e+02,4.689382284382298167e+03,1.896363636363641945e+02,1.666872307546753973e+00
2.260000000000000000e+02,5.133839859096343815e+07,2.193201522307935818e+02,4.747835516879748866e+03,1.943507582400590650e+02,1.841730105675406737e+00
2.270000000000000000e+02,5.133838532148937881e+07,2.011017428759553525e+02,4.775862678503947791e+03,1.975118509382025707e+02,2.141359198083158777e+00
2.280000000000000000e+02,5.133839306993022561e+07,1.870741132336965222e+02,4.771834498834513397e+03,2.075594405594412137e+02,2.401138041812490354e+00
2.290000000000000000e+02,5.133841849211492389e+07,1.762717164373945309e+02,4.734572910578738629e+03,2.300893452799589625e+02,2.513033679549184551e+00
2.300000000000000000e+02,5.133846672440853715e+07,1.685932252431985319e+02,4.664704658954588922e+03,2.593214606660891945e+02,2.595367496552229536e+00
2.310000000000000000e+02,5.133854502331018448e+07,1.641533673129505360e+02,4.563307692307706020e+03,2.866317016317024695e+02,2.823049463723913632e+00
2.320000000000000000e+02,5.133865834043106437e+07,1.626044403219195544e+02,4.432414669347213021e+03,3.052763206245693368e+02,3.303259550632256847e+00
2.330000000000000000e+02,5.133880240783072263e+07,1.617490219990824869e+02,4.277877090236182994e+03,3.160329202280593108e+02,3.872257721508193473e+00
2.340000000000000000e+02,5.133897065268081427e+07,1.589272600868432903e+02,4.106501165501177638e+03,3.215594405594414980e+02,4.298573939248392151e+00
2.350000000000000000e+02,5.133915690080223233e+07,1.524753087305464021e+02,3.924118666716078678e+03,3.240341557838858080e+02,4.410187431561143789e+00
2.360000000000000000e+02,5.133935657261282206e+07,1.447133476872983806e+02,3.732663609644051576e+03,3.237166762581637158e+02,4.272874485401241706e+00
2.370000000000000000e+02,5.133956548717963696e+07,1.389575631171462646e+02,3.533095571095581363e+03,3.203869463869473293e+02,4.011860652535105487e+00
2.380000000000000000e+02,5.133977958169980347e+07,1.373384688908714111e+02,3.327982717660595426e+03,3.132984436179472141e+02,3.737790915636745481e+00
2.390000000000000000e+02,5.133999526589056849e+07,1.372438897221921366e+02,3.126327575046781931e+03,2.995987775710277106e+02,3.502987981010534657e+00
2.400000000000000000e+02,5.134020906759922206e+07,1.348759780355611611e+02,2.938741258741267757e+03,2.759090909090917307e+02,3.345193985868437192e+00
2.410000000000000000e+02,5.134041551642087847e+07,1.277041595301440537e+02,2.774075732433535450e+03,2.413636263358873180e+02,3.279181723804739601e+00
2.420000000000000000e+02,5.134060114894194156e+07,1.182669530039581218e+02,2.634146352622474751e+03,2.051490267185437801e+02,3.227846613943020415e+00
2.430000000000000000e+02,5.134075050349666178e+07,1.103701505297335927e+02,2.519009324009331522e+03,1.789650349650355281e+02,3.091114731789182724e+00
2.440000000000000000e+02,5.134085433966762573e+07,1.068411566089812794e+02,2.427093528984491513e+03,1.708493993075227877e+02,2.815368369743851851e+00
2.450000000000000000e+02,5.134092830203077197e+07,1.065938254583343934e+02,2.350318560694912321e+03,1.741918892749082488e+02,2.532814687786546504e+00
2.460000000000000000e+02,5.134099425641040504e+07,1.075636237232067742e+02,2.278976689976696889e+03,1.787202797202802458e+02,2.422117062791512065e+00
2.470000000000000000e+02,5.134106949752460420e+07,1.078941529543681241e+02,2.205633981379040051e+03,1.763131958417776275e+02,2.600266115521209009e+00
2.480000000000000000e+02,5.134115303566660732e+07,1.065615543240117802e+02,2.131951674303520122e+03,1.674526642177412441e+02,2.937561442290967495e+00
2.490000000000000000e+02,5.134123931002347171e+07,1.027501039096869420e+02,2.061864801864808214e+03,1.547715617715622329e+02,3.242629883304334104e+00
2.500000000000000000e+02,5.134132318495474756e+07,9.618231113112406661e+01,1.998787190582700077e+03,1.404178035120224877e+02,3.366860928845105239e+00
2.510000000000000000e+02,5.134140122551006824e+07,8.873361877677827181e+01,1.944047840597479308e+03,1.245994567894660179e+02,3.332694669518077912e+00
2.520000000000000000e+02,5.134147042191158235e+07,8.281770297728596120e+01,1.898454545454551408e+03,1.070396270396273621e+02,3.205333846008296739e+00
2.530000000000000000e+02,5.134152721513082832e+07,8.025182668719124024e+01,1.862913707986648433e+03,8.852521628642767837e+01,3.033239114094017808e+00
2.540000000000000000e+02,5.134156584913686663e+07,8.046760015666939125e+01,1.838726168175804560e+03,7.409831290653455937e+01,2.797902789926335565e+00
2.550000000000000000e+02,5.134158001864817739e+07,8.230022045980344103e+01,1.827291375291380973e+03,6.986480186480210364e+01,2.464075104749553713e+00
2.560000000000000000e+02,5.134156829528092593e+07,8.466644026700036818e+01,1.827259350172114637e+03,7.969284822045206340e+01,2.025201317177559357e+00
2.570000000000000000e+02,5.134154875824212283e+07,8.680923463396278805e+01,1.826282399934249952e+03,9.849973741017656437e+01,1.589506795302568332e+00
2.580000000000000000e+02,5.134154436363652349e+07,8.805313421271719676e+01,1.809263403263408691e+03,1.189650349650353149e+02,1.293911934586379875e+00
2.590000000000000000e+02,5.134157247588665038e+07,8.800814146136772820e+01,1.765718752328121354e+03,1.345018022968438629e+02,1.234538163158310775e+00
2.600000000000000000e+02,5.134162809268622845e+07,8.742614606232882579e+01,1.703618893228556090e+03,1.414570843404412415e+02,1.344311039817749132e+00
2.610000000000000000e+02,5.134170062004677951e+07,8.734450950409248549e+01,1.635547785547790681e+03,1.369114219114222806e+02,1.515357156031601482e+00
2.620000000000000000e+02,5.134177861909624934e+07,8.858552479622419185e+01,1.572907425890550712e+03,1.201649171238157550e+02,1.662156833080007168e+00
2.630000000000000000e+02,5.134184727142831683e+07,9.111121103258309972e+01,1.522371958948154770e+03,9.939591728538601956e+01,1.788605311496040517e+00
2.640000000000000000e+02,5.134189091375306994e+07,9.466851882810183838e+01,1.489433566433570832e+03,8.500233100233128880e+01,1.920951561626008219e+00
2.650000000000000000e+02,5.134190014666738361e+07,9.868668601482680458e+01,1.476814023605518059e+03,8.422323092593020988e+01,2.068512966913464979e+00
2.660000000000000000e+02,5.134189062631524354e+07,1.013240992932595930e+02,1.476153479905727409e+03,9.166234588778269199e+01,2.172880563190949132e+00
2.670000000000000000e+02,5.134188427272742987e+07,1.004214325810156083e+02,1.476321678321682612e+03,9.876456876456906286e+01,2.158713799388246368e+00
2.680000000000000000e+02,5.134189703976739943e+07,9.494716838140389825e+01,1.468861343712266944e+03,9.910153066517003140e+01,1.989310735498916571e+00
2.690000000000000000e+02,5.134192101662942767e+07,8.838102354050835174e+01,1.456007128421967536e+03,9.475181562726808693e+01,1.782523875771617972e+00
2.700000000000000000e+02,5.134194232634048164e+07,8.533052349010648641e+01,1.442666666666671063e+03,8.992074592074618522e+01,1.694844335518781886e+00
2.710000000000000000e+02,5.134195037232662737e+07,8.900506189747707708e+01,1.432903253708092052e+03,8.782691853633016876e+01,1.831560125786916293e+00
2.720000000000000000e+02,5.134194767961034924e+07,9.702150537190385649e+01,1.427402828991251681e+03,8.774202934811766852e+01,2.093146840558832711e+00
2.730000000000000000e+02,5.134194005361321568e+07,1.055985887581717861e+02,1.426006993006997391e+03,8.795104895104920217e+01,2.328876969551417542e+00
2.740000000000000000e+02,5.134193199756088108e+07,1.116197135733153800e+02,1.428877881807631184e+03,8.702738329276559170e+01,2.416581337532675899e+00
2.750000000000000000e+02,5.134192280589534342e+07,1.146269480233673619e+02,1.437459773691270357e+03,8.469817973170881942e+01,2.348324109475083077e+00
2.760000000000000000e+02,5.134191047086262703e+07,1.148270269866100364e+02,1.453517482517486997e+03,8.097902097902121454e+01,2.144727785402232634e+00
2.770000000000000000e+02,5.134189340717954189e+07,1.128744297917722292e+02,1.477711611187802191e+03,7.610973667213063720e+01,1.836163702178243762e+00
2.780000000000000000e+02,5.134187171944586188e+07,1.112146135693692628e+02,1.506285918771535989e+03,7.122714415360752582e+01,1.491998544029341511e+00
2.790000000000000000e+02,5.134184593473209441e+07,1.127407799003629805e+02,1.534379953379957897e+03,6.769230769230790656e+01,1.191347832022277009e+00
2.800000000000000000e+02,5.134181641369426996e+07,1.191419751431685370e+02,1.558920497752677875e+03,6.646037294541613960e+01,1.002580794951301701e+00
2.810000000000000000e+02,5.134178285133036971e+07,1.272906247660143606e+02,1.583983273142667713e+03,6.686281112342986432e+01,9.510814925206699799e-01
2.820000000000000000e+02,5.134174477622393519e+07,1.328549990145821482e+02,1.615431235431240566e+03,6.782517482517503993e+01,1.051487692162136778e+00
2.830000000000000000e+02,5.134170222432596982e+07,1.327532771219929657e+02,1.656949486811271072e+03,6.871302087712207651e+01,1.299010107560208960e+00
2.840000000000000000e+02,5.134165726105764508e+07,1.289032742711254969e+02,1.703511714721882072e+03,7.065192301631931571e+01,1.611151237410399562e+00
2.850000000000000000e+02,5.134161245920760930e+07,1.244727146322977376e+02,1.747913752913758344e+03,7.520745920745943636e+01,1.885986526660973217e+00
2.860000000000000000e+02,5.134157033477674425e+07,1.220763522244607771e+02,1.784405875126589308e+03,8.307932460454455281e+01,2.042792193601287387e+00
2.870000000000000000e+02,5.134153317661470920e+07,1.221170604610979780e+02,1.813056115056082945e+03,9.150368311881392458e+01,2.085647549885066621e+00
2.880000000000000000e+02,5.134150321678337455e+07,1.244447426043257110e+02,1.835386946386951877e+03,9.685081585081611877e+01,2.039832680507127627e+00
2.890000000000000000e+02,5.134148116435869783e+07,1.286487059783878522e+02,1.853437890693282498e+03,9.675013481848861829e+01,1.938030703624240791e+00
2.900000000000000000e+02,5.134146163647305220e+07,1.332758741560381850e+02,1.871316661106655602e+03,9.386757570932441297e+01,1.842536870040989649e+00
2.910000000000000000e+02,5.134143772727288306e+07,1.366125747721578989e+02,1.893648018648024618e+03,9.212820512820540841e+01,1.823049463723910302e+00
2.920000000000000000e+02,5.134140449177452922e+07,1.377195448768741812e+02,1.923356850281269317e+03,9.444866931670249244e+01,1.922281886478658164e+00
2.930000000000000000e+02,5.134136482847388834e+07,1.387551591812976710e+02,1.956568546741969612e+03,9.971193306314245319e+01,2.075008011467363911e+00
2.940000000000000000e+02,5.134132359673675150e+07,1.426522018117849768e+02,1.987708624708630850e+03,1.057925407925410894e+02,2.189016829691277088e+00
2.950000000000000000e+02,5.134128362655152380e+07,1.516287496272494195e+02,2.013777115157416574e+03,1.107135838397657608e+02,2.193120748120138686e+00
2.960000000000000000e+02,5.134123963039720803e+07,1.650440504168313964e+02,2.042072106255123344e+03,1.130923411790900275e+02,2.100225837597657019e+00
2.970000000000000000e+02,5.134118429137545079e+07,1.815426447022279888e+02,2.082466200466206828e+03,1.116946386946390248e+02,1.944261584936031628e+00
2.980000000000000000e+02,5.134110990040588379e+07,2.003036351098058958e+02,2.143801200355613673e+03,1.061735558007968336e+02,1.760323753509435374e+00
2.990000000000000000e+02,5.134100717968007922e+07,2.226443726846098627e+02,2.230795708890255355e+03,9.973118603298318874e+01,1.588173212939931078e+00
3.000000000000000000e+02,5.134086645920761675e+07,2.504167705763540823e+02,2.347137529137536148e+03,9.645687645687675627e+01,1.468737109411554886e+00
3.010000000000000000e+02,5.134068312121725827e+07,2.837099104442277167e+02,2.494517090585843562e+03,9.915025218177471800e+01,1.440650423621649967e+00
3.020000000000000000e+02,5.134047275681453943e+07,3.155615479853190095e+02,2.666635328407500310e+03,1.054520504914482615e+02,1.533379474320791136e+00
3.030000000000000000e+02,5.134025600932416320e+07,3.372466074061911741e+02,2.855195804195813253e+03,1.117132867132870473e+02,1.774098414772861121e+00
3.040000000000000000e+02,5.134004736410009861e+07,3.436804925612211150e+02,3.053457036627657999e+03,1.152787895254602120e+02,2.158702077678166020e+00
3.050000000000000000e+02,5.133983667461325973e+07,3.443405258960401625e+02,3.260897372714187895e+03,1.174686410092547248e+02,2.557968013482704972e+00
3.060000000000000000e+02,5.133960763636378944e+07,3.523445095040933666e+02,3.478550116550126859e+03,1.205967365967369602e+02,2.811394452068901373e+00
3.070000000000000000e+02,5.133934754670338333e+07,3.770729731065778196e+02,3.708178288760439955e+03,1.263320169804803896e+02,2.809138660976433055e+00
3.080000000000000000e+02,5.133905811038990319e+07,4.129573569356986695e+02,3.954463776091067757e+03,1.337636038950867032e+02,2.643994058373997813e+00
3.090000000000000000e+02,5.133874463403278589e+07,4.506918288514129927e+02,4.222818181818194716e+03,1.413356643356647453e+02,2.459413100087548987e+00
3.100000000000000000e+02,5.133841347170664370e+07,4.818220310977207532e+02,4.516054016221524762e+03,1.482286773881553756e+02,2.362689547075731422e+00
3.110000000000000000e+02,5.133807516734696925e+07,5.012995034547931255e+02,4.826587417594841099e+03,1.565683705018278999e+02,2.316482380827958654e+00
3.120000000000000000e+02,5.133774131235447526e+07,5.049272600868443419e+02,5.144235431235447322e+03,1.692167832167837105e+02,2.247291887966335722e+00
3.130000000000000000e+02,5.133742114758123457e+07,4.921807070018487593e+02,5.459065285479850900e+03,1.874276238079177404e+02,2.117923372587553477e+00
3.140000000000000000e+02,5.133711451168479770e+07,4.772248175828224248e+02,5.762144940821378441e+03,2.060212754892992280e+02,2.036402208686646453e+00
3.150000000000000000e+02,5.133681889277404547e+07,4.778969570565412823e+02,6.044792540792559521e+03,2.182097902097908673e+02,2.147058787733235885e+00
3.160000000000000000e+02,5.133652871643780172e+07,5.058029542002028052e+02,6.304716698891028500e+03,2.201557078083906447e+02,2.547322188325968462e+00
3.170000000000000000e+02,5.133622615818449855e+07,5.476224919926885377e+02,6.565187908474839787e+03,2.198235196846376027e+02,3.147016237579597586e+00
3.180000000000000000e+02,5.133589033100248873e+07,5.838037169633014400e+02,6.855867132867152577e+03,2.281282051282058205e+02,3.809063449737901674e+00
3.190000000000000000e+02,5.133550952504368126e+07,6.006324888465250069e+02,7.194532392753953900e+03,2.528448225204677442e+02,4.404373096407157462e+00
3.200000000000000000e+02,5.133510873911433667e+07,6.077455201975684531e+02,7.551429938272555773e+03,2.891887466095887476e+02,4.835801478643638518e+00
3.210000000000000000e+02,5.133472214918430895e+07,6.206172367768214144e+02,7.884923076923100780e+03,3.292354312354322587e+02,5.014191654866110071e+00
3.220000000000000000e+02,5.133437415722939372e+07,6.507971708346177593e+02,8.166350311289863384e+03,3.657164913612324426e+02,4.917918019491375858e+00
3.230000000000000000e+02,5.133405006924926490e+07,6.941352805810652171e+02,8.418950924293654680e+03,3.939881864437055015e+02,4.795480310928370571e+00
3.240000000000000000e+02,5.133372541724957526e+07,7.425566307162156363e+02,8.678939393939421279e+03,4.100629370629382606e+02,4.962909603584060747e+00
3.250000000000000000e+02,5.133337735799688101e+07,7.896440545710727292e+02,8.977324499011547232e+03,4.119703827157796923e+02,5.642187721240301101e+00
3.260000000000000000e+02,5.133298954730142653e+07,8.356114600004490285e+02,9.324292221412173603e+03,4.058090385661271284e+02,6.679099485178493723e+00
3.270000000000000000e+02,5.133254726573441923e+07,8.823305234901089307e+02,9.724822843822874347e+03,3.996946386946399343e+02,7.825380466054930650e+00
3.280000000000000000e+02,5.133204077019006759e+07,9.305738371191614533e+02,1.018179700044275705e+04,3.998815599219047385e+02,8.916533342796428840e+00
3.290000000000000000e+02,5.133148022285475582e+07,9.767176553400928469e+02,1.068969673154104021e+04,4.051787500282172800e+02,1.012312922741190668e+01
3.300000000000000000e+02,5.133088076223792136e+07,1.016039148198734097e+03,1.124090442890446502e+04,4.125337995338007886e+02,1.169950634018081814e+01
3.310000000000000000e+02,5.133025843528332561e+07,1.044546371062235949e+03,1.182456338629350466e+04,4.206208773807752550e+02,1.377320283314472960e+01
3.320000000000000000e+02,5.132963292267215997e+07,1.061170920583029329e+03,1.241686050536352923e+04,4.350204661988493058e+02,1.596455658539370148e+01
3.330000000000000000e+02,5.132902481351996958e+07,1.065575278734864696e+03,1.299074358974362985e+04,4.630396270396284422e+02,1.776710540777990133e+01
3.340000000000000000e+02,5.132845229330503196e+07,1.058775749124480626e+03,1.352393063369795891e+04,5.081477510678226395e+02,1.879168196969819249e+01
3.350000000000000000e+02,5.132792393295670301e+07,1.047203921890564970e+03,1.401322039403089184e+04,5.584635499005585189e+02,1.911829837471416482e+01
3.360000000000000000e+02,5.132744589976705611e+07,1.038645208804794493e+03,1.446018181818186349e+04,5.982680652680670619e+02,1.894426158493608270e+01
3.370000000000000000e+02,5.132701847170121968e+07,1.038708287755012407e+03,1.486984565104648027e+04,6.164248273179856596e+02,1.848865356069373433e+01
3.380000000000000000e+02,5.132661836941633373e+07,1.044294901093734552e+03,1.526108982734506753e+04,6.201273198675786489e+02,1.805765625520296425e+01
3.390000000000000000e+02,5.132621642424257845e+07,1.050130057289643219e+03,1.565625407925412765e+04,6.211515151515171738e+02,1.797922661990111948e+01
3.400000000000000000e+02,5.132579309779831767e+07,1.051627715716266721e+03,1.606897166240129445e+04,6.297533022606086206e+02,1.848864219984559654e+01
3.410000000000000000e+02,5.132536737285467982e+07,1.046957639366511103e+03,1.647804992621874408e+04,6.501082377102055716e+02,1.945046291457395427e+01
3.420000000000000000e+02,5.132496786247101426e+07,1.034978542138127978e+03,1.685358974358979322e+04,6.848717948717970785e+02,2.063656927724377965e+01
3.430000000000000000e+02,5.132462167073331028e+07,1.015106906663493533e+03,1.717010332051758814e+04,7.332802576912198447e+02,2.177790270509593995e+01
3.440000000000000000e+02,5.132434986583425105e+07,9.889902905134849789e+02,1.741974819548464075e+04,7.808931524117016352e+02,2.244164823170437373e+01
3.450000000000000000e+02,5.132417200699315965e+07,9.588340199936056933e+02,1.759909324009329430e+04,8.098508158508182078e+02,2.215405179472629982e+01
3.460000000000000000e+02,5.132409685088463873e+07,9.270773280532782792e+02,1.771007616232310465e+04,8.072107917263169838e+02,2.072395414802483060e+01
3.470000000000000000e+02,5.132408994400434941e+07,8.970950742176055428e+02,1.777611001566240884e+04,7.796994513566335172e+02,1.909057531028672372e+01
3.480000000000000000e+02,5.132410603030318767e+07,8.724960246556100856e+02,1.782597668997674191e+04,7.389603729603752527e+02,1.847573011640461615e+01
3.490000000000000000e+02,5.132410699980311096e+07,8.547867269505195509e+02,1.788175977602472631e+04,6.986947572217079596e+02,1.969805758529529527e+01
3.500000000000000000e+02,5.132408332681025565e+07,8.370648543423810679e+02,1.793874966813730862e+04,6.808342946870308197e+02,2.196349347197203628e+01
3.510000000000000000e+02,5.132403263170178980e+07,8.103258614854466941e+02,1.798553846153851555e+04,7.093682983683007706e+02,2.407479771547222924e+01
3.520000000000000000e+02,5.132396767766004056e+07,7.683181729778978024e+02,1.800129637132328207e+04,7.995581376014897614e+02,2.508877895980446127e+01
3.530000000000000000e+02,5.132396179908794165e+07,7.158020931936332545e+02,1.792750609207012894e+04,9.317534070186281951e+02,2.507844066886205425e+01
3.540000000000000000e+02,5.132410347319363058e+07,6.602908964504812275e+02,1.769622843822849245e+04,1.077575757575760690e+03,2.437083501150952713e+01
3.550000000000000000e+02,5.132446137045210600e+07,6.089665434546950564e+02,1.726024208220315631e+04,1.208102132068455603e+03,2.325791106395176655e+01
3.560000000000000000e+02,5.132502493440602720e+07,5.676857404662296176e+02,1.665519712822033034e+04,1.292230640650371015e+03,2.189120553175517259e+01
3.570000000000000000e+02,5.132576380186495185e+07,5.419738801334646041e+02,1.593746153846158631e+04,1.298314685314688859e+03,2.038715202782653080e+01
3.580000000000000000e+02,5.132663034825931489e+07,5.343420903539337132e+02,1.516894534907445995e+04,1.209415618506992359e+03,1.888780363666239737e+01
3.590000000000000000e+02,5.132750790350298584e+07,5.352444400217842713e+02,1.443372689207034455e+04,1.067426594482471955e+03,1.763769132911842519e+01
3.600000000000000000e+02,5.132826253613068908e+07,5.321207332803176087e+02,1.382142657342661551e+04,9.289487179487208550e+02,1.690696554764004134e+01
3.610000000000000000e+02,5.132880073387836665e+07,5.155998893552042546e+02,1.339298282383892365e+04,8.357817117832458962e+02,1.684081755005547265e+01
3.620000000000000000e+02,5.132919066128681600e+07,4.890672878015942615e+02,1.309460617287608693e+04,7.705197715432157111e+02,1.708460185572414858e+01
3.630000000000000000e+02,5.132954090209805965e+07,4.590974232570074491e+02,1.284382517482521325e+04,7.009557109557132435e+02,1.715871379938829122e+01
3.640000000000000000e+02,5.132992972693347931e+07,4.316204105448132395e+02,1.257606007317347940e+04,6.078461210819599501e+02,1.668558261048578117e+01
3.650000000000000000e+02,5.133031415393203497e+07,4.099888452317803740e+02,1.229829786820832851e+04,5.238027023197296330e+02,1.569577309723712055e+01
3.660000000000000000e+02,5.133062088811203837e+07,3.969109430705270825e+02,1.203541724941728535e+04,4.944009324009340958e+02,1.432188396255844509e+01
3.670000000000000000e+02,5.133080319521845877e+07,3.946053131098921085e+02,1.180217134086185069e+04,5.492282612833844269e+02,1.273898717418349236e+01
3.680000000000000000e+02,5.133092058390281349e+07,4.033321375835951130e+02,1.157281100489946766e+04,6.539200278284864680e+02,1.129204775911629888e+01
3.690000000000000000e+02,5.133105912354327738e+07,4.228619920215760430e+02,1.131146153846157358e+04,7.581235431235454598e+02,1.036850400917848347e+01
3.700000000000000000e+02,5.133128745032188296e+07,4.509981990129844007e+02,1.099251572197383030e+04,8.207619423056228243e+02,1.021293572462749744e+01
3.710000000000000000e+02,5.133160446763622761e+07,4.776750693838081929e+02,1.063143626983883041e+04,8.378616567108073241e+02,1.049848873946409533e+01
3.720000000000000000e+02,5.133199164568780363e+07,4.908596610192451521e+02,1.025395337995341106e+04,8.147249417249441876e+02,1.075545039612486953e+01
3.730000000000000000e+02,5.133242377704240382e+07,4.823633620904792565e+02,9.885895875706473817e+03,7.592805610507300571e+02,1.062227965102975702e+01
3.740000000000000000e+02,5.133284894372294843e+07,4.593748819126402054e+02,9.553487082455236305e+03,6.899633116582650700e+02,1.017012191653212305e+01
3.750000000000000000e+02,5.133320855011671036e+07,4.329272600868441714e+02,9.283048951048980598e+03,6.278344988345007778e+02,9.578294218968688156e+00
3.760000000000000000e+02,5.133346190304793417e+07,4.122445212787719129e+02,9.091259231558911779e+03,5.875279692369598479e+02,9.004350888372190553e+00
3.770000000000000000e+02,5.133363991908907145e+07,3.993146304123629307e+02,8.956218870943879665e+03,5.579677350054503222e+02,8.518795469559446332e+00
3.780000000000000000e+02,5.133379141724957526e+07,3.943165374761214252e+02,8.846384615384642530e+03,5.216503496503512451e+02,8.170368811043276835e+00
3.790000000000000000e+02,5.133395163606250286e+07,3.964074711675224307e+02,8.738132120789636247e+03,4.677882578488039940e+02,7.975208587753408906e+00
3.800000000000000000e+02,5.133410149215517193e+07,4.006577750199240882e+02,8.639512681977999819e+03,4.124574689449980838e+02,7.819039780287138974e+00
3.810000000000000000e+02,5.133420832167847455e+07,4.011160712756552584e+02,8.566496503496529840e+03,3.784498834498846804e+02,7.554984195658659196e+00
3.820000000000000000e+02,5.133425185081229359e+07,3.940007318837800199e+02,8.528376836780584199e+03,3.806054536542870892e+02,7.105286281799149783e+00
3.830000000000000000e+02,5.133426136585243791e+07,3.842091276203027519e+02,8.507739120819676828e+03,4.019563389685155244e+02,6.668681050307755598e+00
3.840000000000000000e+02,5.133427854312369972e+07,3.788083789679628808e+02,8.480491841491868399e+03,4.175827505827518280e+02,6.513026153700614884e+00
3.850000000000000000e+02,5.133433236326199025e+07,3.826279956265888700e+02,8.430902101629757453e+03,4.092339403114011702e+02,6.811821337271822152e+00
3.860000000000000000e+02,5.133440102414766699e+07,3.915470441643649337e+02,8.376671471884093990e+03,3.853353224657611804e+02,7.361134717427310292e+00
3.870000000000000000e+02,5.133445002797218412e+07,3.992069803665643235e+02,8.343860139860165873e+03,3.609813519813530434e+02,7.862676503350968460e+00
3.880000000000000000e+02,5.133445214973646402e+07,4.019499223633382030e+02,8.349780275132732640e+03,3.499912896326199530e+02,8.067897300295935992e+00
3.890000000000000000e+02,5.133440925567923486e+07,4.069206376643497833e+02,8.376751975154425963e+03,3.610836195496947880e+02,7.927209297792336962e+00
3.900000000000000000e+02,5.133433048484864086e+07,4.239645561241402447e+02,8.398347319347345547e+03,4.017016317016329481e+02,7.440765081439544737e+00
3.910000000000000000e+02,5.133423018421456218e+07,4.587515190567665968e+02,8.393101463297465671e+03,4.732443959349540137e+02,6.657528046529805899e+00
3.920000000000000000e+02,5.133414353243359923e+07,5.002490136143487689e+02,8.359401867246262555e+03,5.529341016060355969e+02,5.821704827126858994e+00
3.930000000000000000e+02,5.133411091608406603e+07,5.332489384085228039e+02,8.300599067599092450e+03,6.119487179487197182e+02,5.226312866987324668e+00
3.940000000000000000e+02,5.133416092563103884e+07,5.455319338550333441e+02,8.221403356267046547e+03,6.290060036024493684e+02,5.072196127837225177e+00
3.950000000000000000e+02,5.133427496708665788e+07,5.368336075860604524e+02,8.131964047184166702e+03,6.129828748290728981e+02,5.191504643280230979e+00
3.960000000000000000e+02,5.133442265034981072e+07,5.098783090378933025e+02,8.043790209790235167e+03,5.802960372960391169e+02,5.324214964889421253e+00
3.970000000000000000e+02,5.133457741560184956e+07,4.692153429085370249e+02,7.964592890275613172e+03,5.454295090198447724e+02,5.285776851590780367e+00
3.980000000000000000e+02,5.133472802415381372e+07,4.266938349428609740e+02,7.886891041832986048e+03,5.151365574131750691e+02,5.193532891721917011e+00
3.990000000000000000e+02,5.133486706759922206e+07,3.959878661474501769e+02,7.799405594405619013e+03,4.942377622377637181e+02,5.240298880973337958e+00
4.000000000000000000e+02,5.133498941489787400e+07,3.865285387235011854e+02,7.695744896150465138e+03,4.847030517452736262e+02,5.547736406219663685e+00
4.010000000000000000e+02,5.133509904447479546e+07,3.907750396506543211e+02,7.589066968079222534e+03,4.770997481470889170e+02,5.952890219071940159e+00
4.020000000000000000e+02,5.133520221212136745e+07,3.969435771031610329e+02,7.497417249417272615e+03,4.591445221445234779e+02,6.221650862325320830e+00
4.030000000000000000e+02,5.133530107494142652e+07,3.962441637286237324e+02,7.434892775921252905e+03,4.235452131193318337e+02,6.182026692993144223e+00
4.040000000000000000e+02,5.133538139528885484e+07,3.918620300680491937e+02,7.399796969472817182e+03,3.829743351750295233e+02,5.910497324961495380e+00
4.050000000000000000e+02,5.133542483682999015e+07,3.899762111357950971e+02,7.386484848484871691e+03,3.550955710955722111e+02,5.545660186334643527e+00
4.060000000000000000e+02,5.133542105733077228e+07,3.949576157823169069e+02,7.389378034525361727e+03,3.513347783294223632e+02,5.211361486392502407e+00
4.070000000000000000e+02,5.133539169095537812e+07,4.039446482024606553e+02,7.403164561782387864e+03,3.581665129830686851e+02,4.972442559117567384e+00
4.080000000000000000e+02,5.133536636596752703e+07,4.122675864271703858e+02,7.422599067599090631e+03,3.558275058275069682e+02,4.878993519667975676e+00
4.090000000000000000e+02,5.133536210012216121e+07,4.167550132625858623e+02,7.445654397036749288e+03,3.324805185944974824e+02,4.949069848692738915e+00
4.100000000000000000e+02,5.133534546913890541e+07,4.202287306156318891e+02,7.483176226029210738e+03,3.079924368588597190e+02,5.072588488804357532e+00
4.110000000000000000e+02,5.133527043822859228e+07,4.270088451684292750e+02,7.549228438228460618e+03,3.101561771561782166e+02,5.107431748106204594e+00
4.120000000000000000e+02,5.133511135725536197e+07,4.399344197035989055e+02,7.646927626917693487e+03,3.587570469731609251e+02,4.962771933296092897e+00
4.130000000000000000e+02,5.133492411469662935e+07,4.559203414057615191e+02,7.735601223904928702e+03,4.415499176010105202e+02,4.752941345449598565e+00
4.140000000000000000e+02,5.133478498368313909e+07,4.704004535600377039e+02,7.763629370629392724e+03,5.382820512820529757e+02,4.643562284236740112e+00
4.150000000000000000e+02,5.133475693507211655e+07,4.794364904763723416e+02,7.691579841904024761e+03,6.292432575981638365e+02,4.744458806786015614e+00
4.160000000000000000e+02,5.133484973062680662e+07,4.816017505640069771e+02,7.528770946036611349e+03,6.968935354894164220e+02,4.942262000059853833e+00
4.170000000000000000e+02,5.133505982983698696e+07,4.760974232570074491e+02,7.296708624708646312e+03,7.242354312354333388e+02,5.067804708479164866e+00
4.180000000000000000e+02,5.133537062998885661e+07,4.634752535040518069e+02,7.022328676708674720e+03,7.005104475413861564e+02,4.994754285634694924e+00
4.190000000000000000e+02,5.133571327955439687e+07,4.496892083122675103e+02,6.754286329253427539e+03,6.399159128146412741e+02,4.768116121796524887e+00
4.200000000000000000e+02,5.133600586480201781e+07,4.420438102033942869e+02,6.546666666666686979e+03,5.628881118881135990e+02,4.475730116404570857e+00
4.210000000000000000e+02,5.133618555455640703e+07,4.451166715857681311e+02,6.439690705513325156e+03,4.873936192483033096e+02,4.183568135099356766e+00
4.220000000000000000e+02,5.133626584786725044e+07,4.525777644141093106e+02,6.418123191322591083e+03,4.215201679960509864e+02,3.870129908323840073e+00
4.230000000000000000e+02,5.133627932634048164e+07,4.553701505297345875e+02,6.452864801864821857e+03,3.708857808857820260e+02,3.492047132721584735e+00
4.240000000000000000e+02,5.133625461444722861e+07,4.474764941954811093e+02,6.515865334528310996e+03,3.409336371506378214e+02,3.049207796249220781e+00
4.250000000000000000e+02,5.133620450811937451e+07,4.350378693602683029e+02,6.583271065173156785e+03,3.364075419386228987e+02,2.714525052115639436e+00
4.260000000000000000e+02,5.133613784615400434e+07,4.272349523945364922e+02,6.632277389277409384e+03,3.618764568764580076e+02,2.704168344842794891e+00
4.270000000000000000e+02,5.133606680730511248e+07,4.307033053157658742e+02,6.644261234453493671e+03,4.170279229719100726e+02,3.139353043702830970e+00
4.280000000000000000e+02,5.133601693015433848e+07,4.418980327295967072e+02,6.617325656851343410e+03,4.820237987569321376e+02,3.761478216968642041e+00
4.290000000000000000e+02,5.133601709324024618e+07,4.547291248887090660e+02,6.553755244755264357e+03,5.321445221445237621e+02,4.216988857663310775e+00
4.300000000000000000e+02,5.133608506551051140e+07,4.645031466251556367e+02,6.459598490499928630e+03,5.485308602045855650e+02,4.241113054052521925e+00
4.310000000000000000e+02,5.133619417754928023e+07,4.721129610884780163e+02,6.355959502621451975e+03,5.357648966346238240e+02,3.924211275372366359e+00
4.320000000000000000e+02,5.133630665034981072e+07,4.798480060075901861e+02,6.267706293706312863e+03,5.042890442890457621e+02,3.445427086101537917e+00
4.330000000000000000e+02,5.133638845866897702e+07,4.894027925931345067e+02,6.216544665413435723e+03,4.645615775893647310e+02,2.971416326022049414e+00
4.340000000000000000e+02,5.133642059231805801e+07,5.000921259826662322e+02,6.211531575691540638e+03,4.271042172255174592e+02,2.618883936129193124e+00
4.350000000000000000e+02,5.133638779487195611e+07,5.106358847954691100e+02,6.258561771561790920e+03,4.024545454545466896e+02,2.492047132721582070e+00
4.360000000000000000e+02,5.133628351222927868e+07,5.201723722465011406e+02,6.358371427661688358e+03,3.972287001105012791e+02,2.654391600409277796e+00
4.370000000000000000e+02,5.133613599958363175e+07,5.295135899334177338e+02,6.491062429094068648e+03,4.023570413354545394e+02,3.006476897048144803e+00
4.380000000000000000e+02,5.133598221445237100e+07,5.398899640495484391e+02,6.631578088578108691e+03,4.048484848484860663e+02,3.408131048805500107e+00
4.390000000000000000e+02,5.133584753929390013e+07,5.525308490014975860e+02,6.761551856522162780e+03,3.965862136978960848e+02,3.730907769611372160e+00
4.400000000000000000e+02,5.133571105633098632e+07,5.686613120489668063e+02,6.889377734091327511e+03,3.889504802488679616e+02,3.893263524446645807e+00
4.410000000000000000e+02,5.133554027272742987e+07,5.895053486649331944e+02,7.030139860139881421e+03,3.981958041958054650e+02,3.825380466054918216e+00
4.420000000000000000e+02,5.133531608376879990e+07,6.148208441549611507e+02,7.192284048779353725e+03,4.352425549140315866e+02,3.507904251118873606e+00
4.430000000000000000e+02,5.133507293722753227e+07,6.385012431549695293e+02,7.357702815150260903e+03,4.896745005025442765e+02,3.123334552077531079e+00
4.440000000000000000e+02,5.133485866899782419e+07,6.529738801334648315e+02,7.501650349650371936e+03,5.457412587412603671e+02,2.904634545308996341e+00
4.450000000000000000e+02,5.133471136589775234e+07,6.536925275095848065e+02,7.604088949137555574e+03,5.897661083018607542e+02,3.025638191456143211e+00
4.460000000000000000e+02,5.133463011844106019e+07,6.482167095049903764e+02,7.663813336310092382e+03,6.163669714230841237e+02,3.423662588220926839e+00
4.470000000000000000e+02,5.133460426806542277e+07,6.471323882919730295e+02,7.684326340326364516e+03,6.222354312354331114e+02,3.976895617570070485e+00
4.480000000000000000e+02,5.133461853310386837e+07,6.573491063709346918e+02,7.674876514853590379e+03,6.066293841482408880e+02,4.551011655238601072e+00
4.490000000000000000e+02,5.133463913947100937e+07,6.710707275547191557e+02,7.667695311594319719e+03,5.790719796861621944e+02,4.961631052034765510e+00
4.500000000000000000e+02,5.133462768997684866e+07,6.768246959842807655e+02,7.700759906759930345e+03,5.516526806526824203e+02,5.011860652535107263e+00
4.510000000000000000e+02,5.133455611759033054e+07,6.674253111451157565e+02,7.799082622459188315e+03,5.347255064476712505e+02,4.588090516078163539e+00
4.520000000000000000e+02,5.133443767591618747e+07,6.528342939008883832e+02,7.935816364390389026e+03,5.317027028565371438e+02,3.909843561050426519e+00
4.530000000000000000e+02,5.133429594871810079e+07,6.473002204598052458e+02,8.071149184149209759e+03,5.442610722610739913e+02,3.279925920600371914e+00
4.540000000000000000e+02,5.133415218353394419e+07,6.606976177540796016e+02,8.174154387004527052e+03,5.719797702389321330e+02,2.923811951681133614e+00
4.550000000000000000e+02,5.133401828299830109e+07,6.854048156119544046e+02,8.249446292918002655e+03,6.060473651511891831e+02,2.757648906464449379e+00
4.560000000000000000e+02,5.133390381351996958e+07,7.094260945856793796e+02,8.310524475524500303e+03,6.355547785547804551e+02,2.620252260926709820e+00
4.570000000000000000e+02,5.133381577168844640e+07,7.227829851281751417e+02,8.368877141100168956e+03,6.521072040150695557e+02,2.400102204684533280e+00
4.580000000000000000e+02,5.133375087481620163e+07,7.235660172950433662e+02,8.427947026486313916e+03,6.573669231311370140e+02,2.184337781915445031e+00
4.590000000000000000e+02,5.133370327039642632e+07,7.118829710425558233e+02,8.489165501165527530e+03,6.555104895104915386e+02,2.109762750437198076e+00
4.600000000000000000e+02,5.133366815231528878e+07,6.895025423561623938e+02,8.551846847438082477e+03,6.501771859532399276e+02,2.260229858078053766e+00
4.610000000000000000e+02,5.133364490003082901e+07,6.648370913380238107e+02,8.606836998874963683e+03,6.428572120298779282e+02,2.507787812708306863e+00
4.620000000000000000e+02,5.133363393939408660e+07,6.479598941194789177e+02,8.642864801864827314e+03,6.345034965034984680e+02,2.671534312208760920e+00
4.630000000000000000e+02,5.133363501937939227e+07,6.451297256608976340e+02,8.652561938974125951e+03,6.265968122514092329e+02,2.631264612669523828e+00
4.640000000000000000e+02,5.133364518145436794e+07,6.473473562387754328e+02,8.644171437480450550e+03,6.227293086077764883e+02,2.509564203017919937e+00
4.650000000000000000e+02,5.133366079020994902e+07,6.417990549586396583e+02,8.629839160839186661e+03,6.270209790209810308e+02,2.489716130390579707e+00
4.660000000000000000e+02,5.133368090683386475e+07,6.203763553555562567e+02,8.616851265611439885e+03,6.410844470233500942e+02,2.720219040797895449e+00
4.670000000000000000e+02,5.133371537890097499e+07,5.937918486827477409e+02,8.593055080781217839e+03,6.565028564829975721e+02,3.210433975745309976e+00
4.680000000000000000e+02,5.133377675058290362e+07,5.774633906229752256e+02,8.541438228438255464e+03,6.623519813519834543e+02,3.934937575612028837e+00
4.690000000000000000e+02,5.133387205431344360e+07,5.815929217691209487e+02,8.451882174096117524e+03,6.515770115001477052e+02,4.832700079693121431e+00
4.700000000000000000e+02,5.133398627557498962e+07,5.955187223545484585e+02,8.341843756963686246e+03,6.326008004684476873e+02,5.700266122947114766e+00
4.710000000000000000e+02,5.133409888811204582e+07,6.033631575227420853e+02,8.235673659673684597e+03,6.177156177156197145e+02,6.298573939248397480e+00
4.720000000000000000e+02,5.133419320777893811e+07,5.944170893572661498e+02,8.151740559458106873e+03,6.161237808256784092e+02,6.449912318741358064e+00
4.730000000000000000e+02,5.133426791886908561e+07,5.786453677020051600e+02,8.084485111946075449e+03,6.246677998837492396e+02,6.221972276650380884e+00
4.740000000000000000e+02,5.133432554778570682e+07,5.711813393409238415e+02,8.022365967365991310e+03,6.371002331002350729e+02,5.743795384469843057e+00
4.750000000000000000e+02,5.133436825935289264e+07,5.830904191110201964e+02,7.957472949722300655e+03,6.479699959059479397e+02,5.146403268140813836e+00
4.760000000000000000e+02,5.133439677207832783e+07,6.091662940614252193e+02,7.896420578123608720e+03,6.550114326133336817e+02,4.568737771391114144e+00
4.770000000000000000e+02,5.133441144289059937e+07,6.401347192943039772e+02,7.849454545454569597e+03,6.567552447552467356e+02,4.151720792395246384e+00
4.780000000000000000e+02,5.133441310342480242e+07,6.673533866216464503e+02,7.826266027217891860e+03,6.512301991178385379e+02,3.986083141017322973e+00
4.790000000000000000e+02,5.133440448414203525e+07,6.847077346947465912e+02,7.834328129388520210e+03,6.344573235004485241e+02,3.961791273879868402e+00
4.800000000000000000e+02,5.133438879020994902e+07,6.867151388747237206e+02,7.880559440559463837e+03,6.019557109557127887e+02,3.918620559295012296e+00
4.810000000000000000e+02,5.133436555953109264e+07,6.707542336181015799e+02,7.967765885375887592e+03,5.541008332810015418e+02,3.758637527876644846e+00
4.820000000000000000e+02,5.133431966094782948e+07,6.456486897630196609e+02,8.082302732691609890e+03,5.106936772526206028e+02,3.633073359445694539e+00
4.830000000000000000e+02,5.133423229603745043e+07,6.230834372430218764e+02,8.206412587412611174e+03,4.963916083916099637e+02,3.755450396124849100e+00
4.840000000000000000e+02,5.133409734298945218e+07,6.118822664493768571e+02,8.321759441034377232e+03,5.267160317743965834e+02,4.238392183881584785e+00
4.850000000000000000e+02,5.133395938644209504e+07,6.094244096042530145e+02,8.407692831410404324e+03,5.806445106989556280e+02,4.790927084062534647e+00
4.860000000000000000e+02,5.133387568764584512e+07,6.102279593875440469e+02,8.442983682983707695e+03,6.280186480186499693e+02,5.021184661859116716e+00
4.870000000000000000e+02,5.133388607956270874e+07,6.100064114982766341e+02,8.415120204410608494e+03,6.460647383177882830e+02,4.668203961053960960e+00
4.880000000000000000e+02,5.133396068200094253e+07,6.092548737120113174e+02,8.346459741200715143e+03,6.415478431044643912e+02,3.994661939794528660e+00
4.890000000000000000e+02,5.133405218648034334e+07,6.096638568234413924e+02,8.268076923076949242e+03,6.286177156177176357e+02,3.394145034819486817e+00
4.900000000000000000e+02,5.133412371137569100e+07,6.115158742721441740e+02,8.204160414724014117e+03,6.193820899782034530e+02,3.169366229856883432e+00
4.910000000000000000e+02,5.133418008248160779e+07,6.094614500772307792e+02,8.151355020673709078e+03,6.177806238330390443e+02,3.259544696592277191e+00
4.920000000000000000e+02,5.133423655244770646e+07,5.967431109026954346e+02,8.099419580419605154e+03,6.257109557109577054e+02,3.513026153700605558e+00
4.930000000000000000e+02,5.133430728222200274e+07,5.704903712642670826e+02,8.037668422457104498e+03,6.427100184058600689e+02,3.788086763987528194e+00
4.940000000000000000e+02,5.133440206594628841e+07,5.433806970846109152e+02,7.953637831288922825e+03,6.588719217723181600e+02,3.982724466781600192e+00
4.950000000000000000e+02,5.133452960606076568e+07,5.319785421381266133e+02,7.834419580419604245e+03,6.619300699300719089e+02,4.004867645542097954e+00
4.960000000000000000e+02,5.133468782873489708e+07,5.476559154282359714e+02,7.678623462571947130e+03,6.440370956576275603e+02,3.793912340532009875e+00
4.970000000000000000e+02,5.133483155505508929e+07,5.810150468744511727e+02,7.530931347341771470e+03,6.150225463685575278e+02,3.415125219229153242e+00
4.980000000000000000e+02,5.133490482983698696e+07,6.174657216253061733e+02,7.447543123543146066e+03,5.891351981351999711e+02,2.965240605915056005e+00
4.990000000000000000e+02,5.133487124605786055e+07,6.443727771337725017e+02,7.466698989449841065e+03,5.770931659152080329e+02,2.528130543131145380e+00
5.000000000000000000e+02,5.133477258934149891e+07,6.569212600705695877e+02,7.554800381174401082e+03,5.754919202074909208e+02,2.136217946458449202e+00
5.010000000000000000e+02,5.133467019347335398e+07,6.522512694108540927e+02,7.660289044289066624e+03,5.773962703962721434e+02,1.809063449737896345e+00
5.020000000000000000e+02,5.133461298052508384e+07,6.299983374728763010e+02,7.739774829823073560e+03,5.776176947090053773e+02,1.567733805158420868e+00
5.030000000000000000e+02,5.133460022571332753e+07,5.997797299472618988e+02,7.782540010633641032e+03,5.779543467460638340e+02,1.439320238300980659e+00
5.040000000000000000e+02,5.133461879254095256e+07,5.737081458677304227e+02,7.786034965034989000e+03,5.819510489510507796e+02,1.452420093094538789e+00
5.050000000000000000e+02,5.133465789624747634e+07,5.602227291877529751e+02,7.750532348255326724e+03,5.916703641497567787e+02,1.617431830112776803e+00
5.060000000000000000e+02,5.133471615901909769e+07,5.530684035398069227e+02,7.687593923178850673e+03,6.032458166967218176e+02,1.871958376508247701e+00
5.070000000000000000e+02,5.133479455477871001e+07,5.423165374761218800e+02,7.611603729603752072e+03,6.113286713286731811e+02,2.135403776078223625e+00
5.080000000000000000e+02,5.133489349750935286e+07,5.214786747682148871e+02,7.532136526529841831e+03,6.124863964775262275e+02,2.340013762578704970e+00
5.090000000000000000e+02,5.133501116143488139e+07,4.978270600647546189e+02,7.439529949763413242e+03,6.109512753559486100e+02,2.469400829600615577e+00
5.100000000000000000e+02,5.133514516083931923e+07,4.820741132336974601e+02,7.319312354312376556e+03,6.128717948717968511e+02,2.520019160693609095e+00
5.110000000000000000e+02,5.133529412744305283e+07,4.813100138110023067e+02,7.162391113095005494e+03,6.216157688385355868e+02,2.494782102554738756e+00
5.120000000000000000e+02,5.133546076271188259e+07,4.881359800046374176e+02,6.981189670671022213e+03,6.294283186920650905e+02,2.422439654470659676e+00
5.130000000000000000e+02,5.133564878554794192e+07,4.915309896905739606e+02,6.793510489510510524e+03,6.257738927738947723e+02,2.338200978875426994e+00
5.140000000000000000e+02,5.133585607387279719e+07,4.842897929538045787e+02,6.615544467002377132e+03,6.037613112124599866e+02,2.269676926734795597e+00
5.150000000000000000e+02,5.133605714168557525e+07,4.744702287154099167e+02,6.457036240210830329e+03,5.710768812839006614e+02,2.214085103141318456e+00
5.160000000000000000e+02,5.133622066200481355e+07,4.739459081054923217e+02,6.326118881118900390e+03,5.390512820512838061e+02,2.161044801719249175e+00
5.170000000000000000e+02,5.133632145119255781e+07,4.911959029963735475e+02,6.230337606135527494e+03,5.168558644951812084e+02,2.098554706597282049e+00
5.180000000000000000e+02,5.133635889898496121e+07,5.211211282292516671e+02,6.174886209373284146e+03,5.050246672661873504e+02,2.008131063921882564e+00
5.190000000000000000e+02,5.133633853846170008e+07,5.552279593875438195e+02,6.164370629370648203e+03,5.019324009324024587e+02,1.869669510343956897e+00
5.200000000000000000e+02,5.133626815502792597e+07,5.863778358027810782e+02,6.200931232948419165e+03,5.047916617832564725e+02,1.683362438180949106e+00
5.210000000000000000e+02,5.133616454339078814e+07,6.128524517989495735e+02,6.276846100056659452e+03,5.061665889934989195e+02,1.530589262416452989e+00
5.220000000000000000e+02,5.133604675058290362e+07,6.342885654481501660e+02,6.381927738927758583e+03,4.974592074592089261e+02,1.513026153700599119e+00
5.230000000000000000e+02,5.133592540560249239e+07,6.509833107738999161e+02,6.509954383421169041e+03,4.739037596314064444e+02,1.692064575461299514e+00
5.240000000000000000e+02,5.133577746531003714e+07,6.658753256053848872e+02,6.670567169904637922e+03,4.460633581808739336e+02,1.967957162237590429e+00
5.250000000000000000e+02,5.133557146853162348e+07,6.825636237232085932e+02,6.877372960372980742e+03,4.283333333333346786e+02,2.200671841346288904e+00
5.260000000000000000e+02,5.133528898316047341e+07,7.033471893840628582e+02,7.135911166026957289e+03,4.314132945111211370e+02,2.284310506618443259e+00
5.270000000000000000e+02,5.133496369335842133e+07,7.253248887489955905e+02,7.419451394891086238e+03,4.512199679230031961e+02,2.249510917942028065e+00
5.280000000000000000e+02,5.133464231235447526e+07,7.442955584551434640e+02,7.693195804195827805e+03,4.799743589743604275e+02,2.161044801719249175e+00
5.290000000000000000e+02,5.133435641441133618e+07,7.601889885417484720e+02,7.932629131699311984e+03,5.106294561771780423e+02,2.077133148551362662e+00
5.300000000000000000e+02,5.133407701792649180e+07,7.894587826564726356e+02,8.154366437270340612e+03,5.390661804698654578e+02,2.029794005835821924e+00
5.310000000000000000e+02,5.133376000233116001e+07,8.526894978490832955e+02,8.385305361305387123e+03,5.618974358974376173e+02,2.044494685169132353e+00
5.320000000000000000e+02,5.133336848230661452e+07,9.611314866410847344e+02,8.653901237504873279e+03,5.762915346694962864e+02,2.132555468621360806e+00
5.330000000000000000e+02,5.133289451353449374e+07,1.088698283440928435e+03,8.994840172785021423e+03,5.816384216539894396e+02,2.248708520156828428e+00
5.340000000000000000e+02,5.133233738694654405e+07,1.199969218128804414e+03,9.444365967365996767e+03,5.778834498834517035e+02,2.333538974213422268e+00
5.350000000000000000e+02,5.133169877671194077e+07,1.268902497468860247e+03,1.002481970400180580e+04,5.670948480352900560e+02,2.345359440391010963e+00
5.360000000000000000e+02,5.133098988994974643e+07,1.306971835761080911e+03,1.070293159558180560e+04,5.598323473664019048e+02,2.313392428937397938e+00
5.370000000000000000e+02,5.133022431701646745e+07,1.335029824189410874e+03,1.143152913752917448e+04,5.687785547785565541e+02,2.284587925262373087e+00
5.380000000000000000e+02,5.132941753067731857e+07,1.369224052406521650e+03,1.217033518433666177e+04,6.025561300830778464e+02,2.293076754264601558e+00
5.390000000000000000e+02,5.132859253333235532e+07,1.406882103939997023e+03,1.290665402677521888e+04,6.535479447295033424e+02,2.321713098798266817e+00
5.400000000000000000e+02,5.132777420979037136e+07,1.440626560786147820e+03,1.363468531468535730e+04,7.100769230769252545e+02,2.340531981206429357e+00
5.410000000000000000e+02,5.132698744486011565e+07,1.463080004941285324e+03,1.434862869790758668e+04,7.604659894844347718e+02,2.319568423832151449e+00
5.420000000000000000e+02,5.132625712335037440e+07,1.466865018401720590e+03,1.504268382628241307e+04,7.930380683111237659e+02,2.228857449018494918e+00
5.430000000000000000e+02,5.132560813006992638e+07,1.444604183163765583e+03,1.571105034965034793e+04,7.961160839160838805e+02,2.038434079108520258e+00
5.440000000000000000e+02,5.132506534982752055e+07,1.388920081223730222e+03,1.634792791785189911e+04,7.580229606584066460e+02,1.718333336445289294e+00
5.450000000000000000e+02,5.132465366743193567e+07,1.292435294577926243e+03,1.694751618072757992e+04,6.670816228971839337e+02,1.238590243371864075e+00
