8.429967116783219576e+07,1.722474880304369904e+00,2.356162243552669899e+00,5.306591017567819923e-01,6.230521244184430429e+00
8.429967068769031763e+07,1.250400169548911400e+01,1.869755257363366496e+01,1.014935272039817926e+00,6.227820501409970788e+00
8.429966882385747135e+07,2.770106478164282393e+01,3.944722435872768784e+01,4.455106736430069603e+00,6.265553969452933636e+00
8.429966962377619743e+07,2.377020334849819783e+00,3.245672733063159843e+00,5.306591017567819923e-01,6.230521244184430429e+00
8.429966972559875250e+07,1.719682961074006644e-02,3.862741701152736518e+00,2.243107460467100189e+00,6.183401422340631726e+00
8.429967059362566471e+07,1.250439342931868536e+00,3.365867737959555406e+00,3.205150316628150531e+00,6.166688856584750411e+00
8.429966610489539802e+07,3.232964390793879872e+00,5.908609796000230396e+00,5.306591017567819923e-01,6.230521244184430429e+00
8.429966539611227810e+07,3.755726388109394520e+00,1.397829051197913053e+01,2.468105401072134553e-01,6.333605032099938192e+00
8.429966420983372629e+07,1.195086205454002659e+01,2.438156966650607771e+01,2.094922778011078179e+00,6.723149269306789577e+00
8.429966172494199872e+07,2.941589099418589814e+00,1.057993846732889942e+01,5.306591017567819923e-01,6.230521244184430429e+00
8.429966115100778639e+07,1.336159700160051678e+01,1.000225203400390672e+00,2.024247114383011859e+00,nan
0.000000000000000000e+00,0.000000000000000000e+00,8.487983164849220552e-314,0.000000000000000000e+00,0.000000000000000000e+00
8.429965856410279870e+07,2.410120567950059911e+00,1.427224615963659993e+01,5.306591017567819923e-01,6.230521244184430429e+00
8.429965917176833749e+07,6.915462225078267799e+00,5.054942574672469213e+00,4.712797344658260279e+00,6.238119515010493110e+00
8.429966037550021708e+07,8.791068998161632564e+00,2.849114119880976403e+00,3.866539207708636461e+00,6.270063233835376337e+00
8.429965780885809660e+07,2.151379309208799828e+00,1.537014825753870007e+01,4.467430178406979757e-01,6.230521244184430429e+00
8.429965702694801986e+07,9.832104755065358415e-01,1.553681125186814782e+01,1.895690201265076480e+00,6.249802192794091660e+00
8.429965664354860783e+07,8.170113784709776006e-02,1.560711829411304308e+01,2.931766214100815393e+00,6.299639729819140221e+00
8.429965562703989446e+07,2.319211477040969971e+00,1.713937902676950031e+01,6.914982625959430473e-01,6.230521244184430429e+00
8.429965458015593886e+07,4.080192122150426925e+00,1.555026036958279434e+01,1.039750881588728637e+00,6.214432970885113150e+00
8.429965357399766147e+07,5.835011853795049497e+00,1.413236899059401885e+01,1.242132513087513823e+00,6.135581961978808785e+00
8.429965412820540369e+07,1.843687001516489898e+00,1.884800373539420093e+01,9.572325283302099974e-01,6.230521244184430429e+00
8.429965328111101687e+07,9.313162084730706169e+00,9.389891073582132819e+00,3.334299275600844492e+00,6.263518026489225399e+00
8.429965278602939844e+07,1.449847345669505927e+01,4.145333279775625712e+00,3.685907158632132141e+00,6.210626166315016405e+00
8.429965588345019519e+07,1.722474880304369904e+00,1.542376131115180016e+01,2.747442318540000095e+00,6.230521244184430429e+00
8.429965521088674664e+07,5.033185900708745386e+00,1.254527306156475852e+01,1.825835520776358578e+00,6.296564813522965487e+00
8.429965446856682003e+07,7.606584208772670941e+00,9.175401455264857731e+00,2.490121837503847857e+00,6.204486590066589535e+00
8.429966303496530652e+07,1.722474880304369904e+00,8.328190215580660194e+00,2.691498262595950042e+00,6.230521244184430429e+00
8.429966284394787252e+07,4.871508790199334249e-01,1.013679417068398259e+01,1.900163145270292286e+00,6.294532169751311912e+00
8.429966241091570258e+07,7.854940968651148436e-01,1.201631688722227942e+01,1.226828467408428658e+00,6.412226595411445906e+00
8.429967223543150723e+07,7.445623228571850161e-02,3.414437301827740079e+00,5.280362390130380335e-02,6.230521244184430429e+00
8.429967176671628654e+07,3.611513234234383862e+00,7.450347266802467061e+00,2.234649583427879282e-02,6.378207215935920438e+00
8.429967124321958423e+07,7.630639577246931538e+00,1.173561715703734443e+01,1.276455011429128428e-01,6.744803562125715857e+00
8.429966458041979373e+07,7.715481873311380134e+00,2.715136602527049803e+00,7.660903371880180002e-01,6.230521244184430429e+00
8.429966397601079941e+07,2.243141604345406215e+00,8.823254920880106766e+00,6.067464869087427770e-01,6.184735133419494879e+00
8.429966327803283930e+07,3.956491491538925764e+00,1.562967450514389611e+01,3.914294930893147950e-01,6.263628290961764655e+00
8.429961503263430297e+07,2.215837231620189840e+01,3.779205967945019751e+01,7.940623651600460242e-01,6.230521244184430429e+00
8.429961186345884204e+07,2.686546462533292612e+01,3.311180523081290517e+01,1.857618575985535259e+00,5.471195396859908300e+00
8.429960899622619152e+07,3.126187355344686836e+01,2.817905331016253712e+01,3.518512312256712349e+00,4.675775900308993371e+00
8.429949283916109800e+07,6.190662406445380128e+01,1.204610573484479943e+02,5.702861413838220539e-01,6.230521244184430429e+00
8.429948168141749501e+07,7.529770148574083066e+01,1.293373070243793848e+02,1.083576953549259514e+01,5.468361919353981193e+00
8.429946530261440575e+07,9.554309408490037470e+01,1.341252576977042850e+02,1.977853181137171035e+01,4.648470886359571175e+00
8.429917729836860299e+07,1.340045261623560009e+02,3.640065118939040190e+02,3.465099176075979726e-01,6.351733365396549758e+00
8.429914047015877068e+07,1.888673656731617996e+02,3.992722732071678706e+02,5.194542389459797960e+01,4.634383454290921911e+00
8.429907916235208511e+07,2.742801478736677723e+02,4.130448000463696303e+02,8.863219985116916178e+01,2.950782965334759034e+00
8.429864256876480579e+07,2.445383256961559937e+02,7.857804046677980523e+02,2.360495931593619812e+00,6.759658773321960190e+00
8.429858922641280293e+07,3.447919858188449780e+02,7.553658730083326418e+02,2.403938907560212357e+01,3.397441464591219873e+00
8.429852459195810556e+07,4.735248564084045029e+02,7.010806717401682135e+02,4.290593639396691117e+01,1.328528641112402209e+00
8.429737846386970580e+07,5.579648991227300030e+02,1.731269915157309924e+03,6.369819940917640366e+00,7.939145952809139928e+00
8.429725611613121629e+07,8.024033840423537640e+02,1.670250705664529050e+03,7.518231356709551960e+01,6.822657777433366322e-01
8.429709931349530816e+07,1.125365523899219625e+03,1.543999351680330847e+03,1.332856284516379901e+02,4.453921260453493763e-02
8.429508027972050011e+07,8.768739900318220180e+02,3.711125393012800032e+03,6.609913181010890426e+00,7.118633132296319665e+00
8.429471641498401761e+07,1.385425637070301264e+03,4.157143270524825311e+03,5.657539529128379172e+02,1.311783067623561783e+00
8.429408393634615839e+07,2.153755499196669462e+03,4.438855169376142840e+03,9.624448423992084827e+02,8.361306357219550067e-02
8.429074713053640723e+07,1.696563966721799943e+03,7.200565952453360296e+03,2.850035607145380112e+01,9.246838260501460738e+00
8.429014642496739328e+07,2.697885619085767303e+03,7.620052256624676374e+03,8.039549485078416637e+02,4.437600956571946531e-02
8.428918203752064705e+07,4.168800891566258542e+03,7.658743366181184683e+03,1.359072590509349311e+03,2.152647954089552743e-03
8.428333943589769304e+07,2.818995202153039827e+03,1.333670581259319988e+04,1.678336894047880037e+02,1.903704805071129869e+01
8.428218834684149921e+07,3.957664481119122684e+03,1.535362691375640679e+04,1.637790753838756928e+03,4.555837080621399693e+00
8.428013999497352540e+07,5.562634482781750194e+03,1.728749961373595215e+04,2.901403088921095787e+03,5.708258303215598684e-01
8.427278674125899374e+07,4.198426437584280393e+03,2.155063355152100121e+04,1.109094761665860005e+03,3.711164012530340273e+01
8.427214953616617620e+07,4.729988088854786838e+03,1.901436342369135673e+04,3.103760246273479879e+03,9.782983518116809137e+03
8.427204396098859608e+07,5.153527080588812169e+03,1.695610401633277434e+04,4.268780381936782760e+03,4.673972855362272821e+06
8.426083422610749304e+07,5.240174689332539856e+03,3.182730721119470036e+04,1.723241614812719945e+03,5.705802707169039678e+01
8.425914619318802655e+07,8.132864946178745413e+03,3.361690081787756935e+04,9.523956418058317013e+02,4.205431571472856511e+00
8.425629339006410539e+07,1.193846732262721707e+04,3.474527134658091381e+04,2.699344139396257106e+03,6.214212712143357686e-02
8.425048446853169799e+07,5.158454409612259951e+03,4.128762888951640343e+04,2.649092430663540199e+03,1.023633883770520043e+02
8.424821540814985335e+07,9.908163481184583361e+03,4.326040214868364274e+04,2.613904357842927311e+03,2.646267334784972204e-03
8.424395488263246417e+07,1.691861900962899017e+04,4.367618089860510372e+04,6.566224327452172474e+03,1.545870417213552738e-03
8.424315375990700722e+07,5.682475388633240073e+03,4.836729089417839714e+04,2.334020169591270133e+03,1.444612904749540121e+02
8.424186014820370078e+07,8.419859538147480635e+03,4.557326017227622651e+04,3.467672302514653893e+03,2.181680159339491332e-03
8.424091454145553708e+07,1.141523617302459934e+04,4.262099643338887108e+04,4.176656955993038537e+03,1.589986781400540457e-03
8.423219805128230155e+07,5.180470726628570446e+03,5.851130721119479858e+04,3.635372150943259840e+03,1.568062788199420083e+02
8.423482971298652887e+07,5.601484486262186692e+03,3.542200607905874494e+04,2.332988781031929102e+04,3.923023425094622192e+11
8.424273488007313013e+07,5.494660542673556847e+03,2.281785877263454677e+04,2.791397708473240709e+04,1.806737137860148462e+21
8.422975765501190722e+07,4.492878652036500171e+03,6.003196688485449704e+04,5.181626230197340192e+03,2.178808708945350077e+02
8.422862914554522932e+07,7.159928858027007664e+03,5.063868061115714954e+04,1.116602924158920905e+04,2.178326417975960067e+05
8.422901733526450396e+07,9.241700060561706778e+03,4.342543175476683246e+04,1.431525247852632674e+04,3.538791390469954014e+09
8.423424930769260228e+07,3.869470726628569992e+03,5.682712539301299694e+04,4.538281241852349922e+03,1.978225958362600068e+02
8.422938714088150859e+07,7.819292056044396304e+03,7.279532043499984138e+04,7.599304374033018576e+03,8.397473439026970863e+08
8.421827310015308857e+07,1.228862416909593412e+04,9.314109539744278300e+04,1.757122269816230983e+04,2.066481608946052628e+20
8.423735943822869658e+07,2.666153710311550185e+03,5.547813471702230163e+04,3.962115740686850131e+03,2.161652531789169984e+02
8.423672983313436806e+07,3.830136846540546230e+03,4.261755715814480209e+04,1.289996109709417397e+04,5.328079527843530144e-02
8.423824372892276943e+07,4.297815680569752658e+03,3.344485981568157149e+04,1.746683394957526980e+04,4.516653712842125939e-02
8.424225905361330509e+07,2.827769094926929938e+03,5.031273611562370206e+04,4.028665857236970169e+03,2.537829687966330141e+02
8.423957260732877254e+07,7.134956601008684629e+03,5.525032094292630063e+04,4.169305254460893593e+03,5.624224336139102380e-03
8.423411263844054937e+07,1.347590681275087991e+04,5.875977939541047090e+04,1.029023817750105809e+04,2.973793318516205347e-03
8.424654495571120083e+07,2.457013850171690137e+03,4.657777807366559864e+04,3.889924598495710143e+03,2.123354163490799920e+02
8.424594223097153008e+07,3.613000657344123738e+03,3.982758326480719552e+04,7.480163505277570948e+03,5.661834584795474052e+09
8.424622282723701000e+07,4.307056056026445731e+03,3.445449937402378418e+04,9.629288078721685451e+03,2.426816159320034509e+19
8.425214080186510086e+07,2.037172358330190036e+03,4.153966385455139971e+04,3.756250938822050102e+03,2.081186331322969920e+02
8.425160128841486573e+07,4.343122642919034661e+03,3.664838013311326358e+04,6.549131545763470058e+03,6.927485533299048257e+04
8.425182516598255932e+07,6.523975743274565502e+03,3.229290185574126372e+04,8.202396905882740612e+03,1.378075783048602343e+09
8.425843020979049802e+07,1.689249281407119952e+03,3.666476641865389684e+04,2.723374481945590105e+03,1.744076774213409919e+02
8.425749931919321418e+07,4.092209572065567954e+03,3.487221618233367190e+04,3.196078626894799527e+03,2.923533157568916213e+06
8.425668323494049907e+07,6.669421360560330868e+03,3.296563852491739817e+04,3.476952613147006559e+03,2.247560407048715625e+14
8.426287553379979730e+07,1.294731798889629999e+03,3.284283168671919702e+04,2.499598258169360179e+03,1.693121063257700030e+02
8.426288706682042778e+07,2.099352167533893862e+03,2.487059849657760788e+04,8.065334749727318012e+03,1.703119522065041661e+08
8.426400448500305414e+07,2.570929227161716881e+03,1.911383732236768265e+04,1.101207284229239121e+04,2.731174337045905200e+16
8.426780642890469730e+07,1.075589607747439914e+03,2.805880837669589891e+04,2.606125064696169829e+03,1.350556960693600104e+02
8.426810033060096204e+07,2.307508882857743629e+03,2.071229178176768983e+04,7.990348905013818694e+03,1.005154839667032065e+05
8.426980602715009451e+07,3.107339078439452805e+03,1.574873127965625099e+04,1.011622052085508039e+04,3.561246216005873680e+09
8.427357453613080084e+07,8.978250389828709785e+02,2.272377108065849825e+04,2.364167022738130072e+03,1.217083767220400006e+02
8.427227396080785990e+07,2.776674559798486825e+03,2.649438693250847791e+04,1.838402891008182223e+03,3.575413005891975304e-01
8.426910427888514102e+07,5.490164669061357927e+03,3.033992444459121907e+04,5.052208891331759332e+03,3.413695531913512812e-03
8.427807370862500370e+07,1.015678185836020020e+03,1.867244240932989851e+04,1.803316206887310045e+03,1.168622228758860047e+02
8.427702286743453145e+07,2.464308106837426294e+03,2.079356487117750657e+04,1.053990055281761471e+02,3.642421197575094993e+03
8.427499923219507933e+07,4.004934346656323669e+03,2.314333299879389233e+04,1.295398711915776857e+03,2.180159189370683860e+06
8.428089640326370299e+07,8.529182790761110482e+02,1.683193891282640107e+04,1.019062127633230034e+03,8.168506669873009685e+01
8.428091986302685738e+07,1.092081717400302978e+03,1.325887533999890184e+04,3.432696721246239122e+03,2.136720521310998499e+07
8.428144346298933029e+07,1.205253548400912450e+03,1.053687073564200728e+04,4.803677062800632484e+03,5.086566795092470312e+13
8.428231218414939940e+07,7.496362277940600052e+02,1.511386198974940089e+04,1.422311544882649969e+03,8.401373802740140206e+01
8.428224811719106138e+07,1.408091059291355123e+03,1.193905177801147511e+04,3.648143081376815644e+03,1.069916627816556684e+04
8.428273886791823804e+07,1.877391222388097503e+03,9.643450220403743515e+03,4.697166295953983536e+03,1.638275134195199050e+07
8.428478332867160439e+07,6.333028944607259518e+02,1.306131653520399959e+04,1.138929260500359987e+03,6.513028814395150334e+01
8.428433037420067191e+07,1.366574333825236181e+03,1.431277851413604003e+04,7.917953862852318991e+01,1.226976730787927636e+03
8.428333868075124919e+07,2.236585142113067832e+03,1.550354009828674862e+04,8.086231756089792952e+02,2.427481751411531586e+05
8.428664923776249588e+07,5.887947359525669526e+02,1.139398087086829946e+04,9.933418479129489924e+02,5.665243266609599715e+01
8.428640203190389276e+07,1.301984742885998003e+03,1.098414722095870638e+04,8.045637896476306423e+02,6.524604671984822746e-01
8.428607383086839318e+07,2.128069689600087258e+03,1.050359892887463866e+04,6.637222762947486672e+02,1.181486607903343804e-02
8.428798148251770437e+07,5.609369270947579480e+02,1.021803914592659930e+04,8.758127103838110088e+02,4.573634875001209821e+01
8.428670715711161494e+07,6.364210399680479213e+02,1.578647803715968075e+04,2.759279269853750975e+03,5.928280566140635699e+00
8.428291675077724457e+07,8.098198658786926671e+02,2.446526596278969373e+04,6.684855041765543319e+03,3.292470868556175989e-01
8.428939203729629517e+07,4.249625681203989984e+02,9.074262922150339364e+03,7.450737826448829537e+02,4.567108068474399829e+01
8.428865108825787902e+07,1.214811205671448306e+03,1.134591202887311920e+04,1.477562878567148346e+03,1.389962983951710029e+00
8.428683461438417435e+07,2.459629713954112049e+03,1.389874721067713290e+04,3.334036593443682705e+03,8.190163754123680473e-03
8.429037623776249588e+07,4.974217755796070151e+02,8.106475043362460383e+03,6.572975588686590527e+02,4.457550958917290274e+01
8.428990543626563251e+07,1.219574435789570543e+03,9.130687494049208908e+03,6.669688940512564841e+02,1.465114903616002939e+00
8.428890597301918268e+07,2.289735440024749551e+03,1.002786316104101934e+04,1.685795540622332055e+03,7.623672982228437214e-03
8.429112258275079727e+07,4.121397242975550057e+02,7.492796721684129807e+03,6.283954609665610178e+02,2.609299210665540159e+01
8.429100107572996616e+07,7.274876297009803920e+02,6.368774417441233709e+03,1.268410942715286410e+03,8.666052720182929647e+01
8.429104428678505123e+07,9.608206159729188585e+02,5.494530656044958050e+03,1.616949726184907149e+03,5.032053004687456337e+02
8.429206996969720721e+07,3.336338967917270111e+02,6.674789728677140374e+03,5.747754143465140260e+02,2.883891285257610093e+01
8.429179835416615009e+07,8.103828346821871946e+02,6.943641766794903560e+03,2.263904811679316254e+02,1.758163924006537400e+02
8.429136333748266101e+07,1.335722410085201773e+03,7.192409548983165223e+03,1.615502282845874049e+01,5.285499806041639204e+03
8.429287291142219305e+07,3.759206100784409728e+02,6.008197654085060094e+03,3.909665565376560039e+02,3.401140702507029800e+01
8.429265437881489098e+07,6.988096933062478229e+02,5.855311951634660545e+03,4.760922739879158598e+02,8.506702963938968765e+01
8.429247120404700935e+07,9.774924675172558182e+02,5.674945457182087921e+03,5.959791319320133880e+02,3.553164055628803339e+02
8.429313814685340226e+07,3.424404235982539717e+02,5.761868982756390324e+03,4.130994236705229810e+02,2.645196646562969889e+01
8.429313633000589907e+07,3.337178146077121710e+02,4.651531255080445590e+03,1.143428947469293007e+03,8.828673135846254354e+02
8.429329592794957757e+07,3.190163240732219379e+02,3.767069870685455044e+03,1.566672904205173154e+03,2.593005434097587204e+04
8.429348988345010579e+07,3.122819154397460011e+02,5.438130055017460109e+03,4.226914982625970083e+02,1.902073103439429858e+01
8.429361287414194643e+07,5.222900934406083024e+02,4.201805090960003326e+03,1.319427970823916894e+03,5.999462731772702284e+00
8.429402651957714558e+07,6.762273830244112105e+02,3.297700833498907286e+03,1.651575045453074154e+03,1.154889233576706031e+00
8.429381694405619800e+07,3.467667639245950113e+02,5.095563621451029576e+03,4.010434796145789846e+02,2.168972870339189996e+01
8.429362915886820853e+07,5.246989032658610768e+02,5.621140402323117087e+03,1.906010851964612698e+02,3.593732358354527605e+02
8.429333263887670636e+07,6.901725331764422435e+02,6.188119880499501051e+03,9.026664093002419520e+01,1.782723753035211848e+04
8.429342198601420224e+07,5.971373932952250243e+02,5.275831686719089703e+03,3.661670227381220002e+02,2.088553289919610023e+01
8.429339438854035735e+07,6.908410208580567087e+02,3.887504827152298731e+03,1.475529091564436385e+03,9.314435516278040268e+02
8.429359792973494530e+07,7.368937721706695356e+02,2.934482137232232617e+03,2.018967475762471850e+03,6.212408648045871087e+04
8.429270468997690082e+07,6.163751555329870371e+02,5.938074110961520091e+03,4.084887010598000074e+02,1.437970539336859943e+01
8.429245638467425108e+07,1.014202679990224169e+03,5.896118020424617498e+03,2.204000791788641322e+02,4.565548263200139623e+00
8.429215316854383051e+07,1.428939260915722343e+03,5.726100941203495495e+03,2.004060679749267706e+02,8.520116797444136081e-01
8.429240333333359659e+07,5.411746893325199608e+02,6.307053131940539970e+03,4.123651579362569919e+02,1.808133709500030051e+01
8.429218445518586040e+07,7.316258448909385379e+02,5.643550585016209880e+03,6.900427141482261959e+02,6.394442587518114340e-01
8.429203443055252731e+07,8.629170077014297249e+02,5.093508763303401793e+03,8.878144171780968463e+02,1.324985819905488693e-01
8.429216966899789870e+07,4.531094212672520030e+02,6.739146372033779699e+03,3.044071159782150175e+02,1.567574268940590088e+01
8.429197991479232907e+07,7.264397689348430731e+02,6.191803244919541612e+03,7.687634976253206105e+02,7.195433440190150520e+01
8.429195095966282487e+07,9.348490966376633651e+02,5.657844591616624712e+03,1.123061458239408012e+03,6.133847920613360429e+02
8.429176438927769661e+07,4.388320319898630260e+02,6.916943574830989746e+03,5.478243653954649517e+02,1.401840003206319984e+01
8.429163419728454947e+07,6.177464159139790354e+02,5.764122587650505011e+03,1.216741179934345155e+03,5.028077465357730702e+00
8.429167185010331869e+07,7.175757055877392077e+02,4.872334957937576291e+03,1.606297394786164205e+03,1.580330697656246342e+00
8.429231907925429940e+07,3.870161811740119902e+02,6.281358493245899808e+03,6.814141089852090545e+02,1.313961215327540089e+01
8.429208793529571593e+07,8.341693471674537932e+02,6.182432603163197200e+03,2.563075683073875553e+02,4.544108152743030482e-01
8.429172664954406023e+07,1.341827084477478138e+03,5.999264902059250744e+03,5.079085984189810610e+00,5.821558002610484339e-02
8.429330953846180439e+07,3.508390249968559829e+02,5.465549635437039797e+03,5.421646917357910525e+02,1.391583592949909942e+01
8.429314840152275562e+07,6.794524848332313240e+02,5.469159222956207486e+03,4.633373894921418241e+02,5.237356225385211417e+01
8.429295560128739476e+07,9.712007665460322414e+02,5.467256712874243021e+03,4.577658428793140502e+02,4.402317077793491080e+02
8.429387644522170722e+07,3.680045261623570241e+02,5.103444740332150104e+03,3.200294936005919908e+02,1.408366809733129976e+01
8.429368413601186872e+07,6.317455281571939167e+02,4.676677650439751233e+03,5.475432496986885553e+02,1.341527381225684756e+01
8.429354228991122544e+07,8.648298310716219248e+02,4.330159115723411560e+03,6.851316728117353705e+02,1.238765106016179907e+01
8.429389050116570294e+07,3.202702604280909782e+02,5.078654530541940403e+03,3.827474423185410046e+02,9.834250847914040250e+00
8.429371485239477456e+07,6.587006786294301719e+02,4.924125510138575009e+03,2.682597109856897646e+02,2.963373920925380212e+00
8.429349420385316014e+07,1.047282449841828338e+03,4.736861364773285459e+03,1.859390564946179154e+02,4.129885034241275732e-01
8.429382935431259871e+07,4.186641998220309802e+02,4.943379472266879930e+03,4.812812418523409974e+02,9.328423342086530567e+00
8.429370811771152914e+07,7.002488321209136757e+02,4.700851355471733768e+03,5.169927659492483372e+02,2.646179897374626933e+01
8.429360523236744106e+07,9.615664570003971221e+02,4.414439774860959915e+03,6.004934996324353733e+02,1.237480569466329570e+02
8.429397667599089444e+07,3.913611695189999864e+02,4.903020497907899880e+03,4.023931299642289900e+02,8.556861570524759486e+00
8.429387400047041476e+07,5.890839865807976139e+02,5.077237507939978059e+03,4.127488433264861669e+02,1.424629124663470520e+03
8.429377631352615356e+07,7.771727657722685763e+02,5.252232785167853763e+03,4.349386351589483297e+02,1.766602516312534921e+06
8.429376330303059518e+07,5.215266706845020508e+02,4.984703481590890078e+03,4.008127103838090193e+02,1.166175667541990002e+01
8.429393127828985453e+07,1.836423596358982593e+02,2.900415678764048153e+03,2.367262361496113044e+03,6.179380943888589854e+02
8.429441129203943908e+07,1.256844857713944066e+02,1.660564425821439045e+03,3.019635453290631176e+03,4.267232055932357980e+03
8.429328952680680156e+07,5.694520786099100178e+02,5.487167351054759820e+03,3.247940623651609826e+02,1.106735108101429965e+01
8.429305467983871698e+07,1.027095100172161210e+03,5.456347487031777746e+03,3.348042775875665455e+01,4.211619382981234838e-01
8.429270681865018606e+07,1.616449450127122191e+03,5.324440201934931792e+03,1.717396033452495203e+02,2.639852506799716947e-02
8.429246843356670439e+07,6.662586054164370353e+02,6.198307211194620322e+03,3.379315915026900257e+02,1.107667509033830022e+01
8.429239393481022120e+07,1.002712528097003087e+03,5.322332336511253743e+03,8.908727211725844199e+02,1.552919648271758657e+00
8.429248940984588861e+07,1.343506622417781955e+03,4.578528679873059446e+03,1.147004045336140507e+03,1.239681379059795058e-01
8.429133117016339302e+07,7.493611695190010096e+02,7.100540311427719644e+03,4.905796101507090157e+02,1.035639537005859978e+01
8.429101891333800554e+07,1.391488276769828644e+03,7.066879839896333579e+03,1.292331737528518154e+01,2.720881478242764273e-01
8.429055317466446757e+07,2.220628467782431926e+03,6.814642787288902582e+03,2.734300472286932973e+02,3.060598402037253279e-02
8.429070372727300227e+07,6.870511462089780252e+02,7.764973877861290021e+03,5.151017546728539855e+02,1.115359816726139996e+01
8.428984415168192983e+07,1.301200879363931790e+03,1.057103360899295330e+04,1.867580505064901217e+03,2.130313043538917483e+00
8.428765115816020966e+07,2.224967499116145518e+03,1.417136583550676733e+04,3.957708328280076330e+03,6.760360644600807434e-02
8.428990382983709872e+07,8.721420552998870335e+02,8.368050800938219254e+03,5.233977919688910561e+02,1.458716460082779953e+01
8.428960216064636409e+07,1.450013343489678391e+03,8.225623547797225910e+03,2.576788028164046409e+02,9.649201760986746146e-02
8.428920434726279974e+07,2.135989693076889125e+03,7.999234441737653469e+03,6.988467344107296242e+01,1.574533025023962252e-02
8.428890680419610441e+07,8.452049923628250099e+02,9.325458726346150797e+03,5.938033863744859673e+02,1.073634875001189926e+01
8.428769728639824688e+07,1.913126618853489163e+03,1.286469880063615165e+04,2.701552458495275005e+03,6.078061229489375883e+00
8.428462693154913187e+07,3.719657396743181835e+03,1.726720668458718865e+04,5.700722196270162385e+03,1.889819130817058657e+00
8.428776813053640723e+07,1.126706157863990029e+03,1.016558460047200060e+04,6.099176054887050213e+02,1.166874968241289956e+01
8.428762838808755577e+07,1.268055374933546318e+03,7.962513548257750699e+03,2.327588477649709148e+03,1.741055916358033937e+04
8.428787195403973758e+07,1.335621716194608098e+03,6.345840616755910560e+03,3.248880283281023367e+03,4.850079109603666514e+07
8.428610709090930223e+07,1.164438092595929902e+03,1.169444707133449992e+04,7.046775122486119471e+02,1.135406436772760053e+01
8.428555846158665419e+07,2.083628418862874696e+03,1.187590148105092157e+04,3.359841056854448880e+02,3.210262049366905103e+03
8.428482323548780382e+07,3.125012053465187819e+03,1.197659963080893613e+04,1.113065053473178239e+02,2.787008526679082587e+07
8.428461544289070368e+07,1.248354176512010099e+03,1.282054264243010039e+04,9.861623607334610142e+02,1.150557951924269950e+01
8.428457948833541572e+07,1.243484672386638067e+03,1.063599154913767052e+04,2.473692777736608605e+03,1.181234772026266716e+07
8.428488734442135692e+07,1.204281150144037383e+03,8.877047621265377529e+03,3.347979117566309924e+03,9.414384176574570312e+12
8.428340889044310153e+07,1.468281915439750037e+03,1.385065919254660002e+04,9.411250646961650546e+02,1.305103406469729954e+01
8.428257484332996607e+07,3.000873369482581893e+03,1.526362239215594491e+04,1.317747612974299727e+03,6.435334293928904326e-02
8.428082867351938784e+07,5.383419820889623225e+03,1.616015388713164066e+04,3.005558015975231683e+03,7.719964154400489956e-03
8.428207383683009446e+07,1.252079118236950080e+03,1.524409975198719985e+04,1.101327861898960009e+03,1.066408767775089927e+01
8.428120518808642030e+07,2.666235416940920913e+03,1.648654461170874492e+04,1.263330801194633750e+03,1.565714911739076246e-02
8.427955635369130969e+07,4.650367553707213119e+03,1.719154274326974337e+04,2.902578173099270771e+03,8.879767854036178798e-03
8.428147375058299303e+07,1.283736460894290076e+03,1.583440045128790007e+04,1.080607582178680104e+03,9.512572526235720360e+00
8.428023930079287291e+07,2.856692148920914860e+03,1.902901254277193584e+04,2.504230792411863149e+03,3.033473019576840013e+00
8.427735137471184134e+07,5.383178156748427682e+03,2.211388515909802300e+04,5.287873646996799835e+03,3.172982437944608658e-01
8.428102783916109800e+07,1.136969561127390079e+03,1.643206711795460069e+04,1.074379143950239950e+03,1.075266576632900062e+01
8.428025895718485117e+07,1.225026693834198568e+03,1.685919197241937218e+04,2.165376054671503709e+02,5.317564238444330840e+04
8.427904225316558778e+07,1.273402429438122908e+03,1.730315801465932964e+04,1.077493471534929540e+03,4.128895520952823758e+08
8.428111400932429731e+07,1.162752777910609893e+03,1.607694590583329955e+04,1.316183339754440112e+03,1.211630212996529998e+01
8.428035556481996179e+07,2.384001974483446247e+03,1.596963230911357823e+04,1.488568149081960428e+02,4.219916644674840539e-02
8.427923470429933071e+07,3.797163985612794477e+03,1.552221750777212219e+04,4.869319338098431444e+02,2.502915920670674074e-02
8.428155414452239871e+07,1.230172358330190036e+03,1.571537247925990050e+04,1.172686836257940058e+03,9.631453645116840434e+00
8.428118459839460254e+07,2.278028121776069383e+03,1.527475397990416604e+04,8.134920733935797443e+02,2.080853571865888541e-02
8.428068019865669310e+07,3.546377172098228129e+03,1.464160571227346372e+04,5.700911168644061036e+02,5.932316359245001780e-03
8.428132083683009446e+07,1.334221309379139939e+03,1.571617434406179927e+04,1.301714808285910067e+03,9.060358074021269914e+00
8.429961186345884204e+07,2.686546462533292612e+01,3.311180523081290517e+01,1.857618575985535259e+00,5.471195396859908300e+00
0.000000000000000000e+00,0.000000000000000000e+00,8.487983164849220552e-314,0.000000000000000000e+00,0.000000000000000000e+00
8.428110317482540011e+07,1.393818045975880068e+03,1.602458693147439953e+04,1.150477046048149987e+03,9.950800964464159293e+00
8.428082734440438449e+07,1.658484049219430290e+03,1.315790463457949772e+04,3.102315983592972316e+03,6.525156222343788386e+02
8.428102441873572767e+07,1.794860249739184837e+03,1.095509485096013486e+04,4.204904265034077071e+03,7.209642267315766367e+04
8.428018621445250511e+07,1.388757439915269970e+03,1.695764287553029862e+04,1.139083106654210042e+03,1.030977532343849923e+01
8.427895462161880732e+07,3.061552360934639637e+03,1.984919070350469701e+04,2.232158624141513883e+03,2.291833581368645678e+00
8.427620765734070539e+07,5.665016246049347501e+03,2.252219003695414722e+04,4.804807367297560631e+03,1.240541226880960413e-01
8.427867928438259661e+07,1.782682847840680097e+03,1.794108343497090027e+04,1.267572617143719981e+03,1.138436739803059972e+01
8.427821044958637655e+07,2.797848680096247790e+03,1.639334209812724657e+04,2.082945839644757598e+03,8.996831533850032429e+03
8.427801223938952386e+07,3.727677297691648619e+03,1.477969105346433025e+04,2.792628546472818925e+03,1.214120076635772288e+08
8.427709382284410298e+07,1.704664199822030014e+03,1.959775010163760089e+04,1.275316206887310045e+03,1.045429746796069992e+01
8.427588518483819067e+07,2.921410959362842732e+03,2.166977619299778235e+04,2.035594709777008688e+02,1.170828712765583290e+01
8.427397565121836960e+07,4.080989441242898010e+03,2.390113881237968235e+04,1.021075708678074648e+03,1.413322299144790151e+01
8.427581839393970370e+07,1.851501029658860034e+03,2.057649369138109978e+04,1.418080775651880003e+03,1.753821355187680098e+01
8.427546116750477254e+07,2.249325668554957701e+03,1.727979964517818735e+04,3.614065561935313781e+03,6.106110725315406307e+04
8.427563549720355868e+07,2.484507213830882847e+03,1.469280566861172520e+04,4.893353932890925535e+03,7.319582201839456558e+08
8.427431701864829659e+07,1.940074456232290004e+03,2.196099019487770056e+04,1.446351171922269941e+03,1.757317858684179868e+01
8.427451665459150076e+07,2.368718771824771466e+03,1.666688642022247222e+04,5.707616701784562792e+03,9.364555384007188721e+11
8.427575861422370374e+07,2.620910174973294943e+03,1.293764519034956902e+04,7.622785785462889180e+03,2.398692666329577176e+24
8.427316563869489729e+07,1.909065132222970078e+03,2.300573145361890056e+04,1.585714808285910067e+03,1.585756087122410030e+01
8.427129882397806644e+07,3.403739094169812688e+03,2.900528575763323533e+04,3.598087216809765778e+03,2.842783482035493137e+01
8.426675425812461972e+07,5.450184084420159706e+03,3.606862266160142462e+04,7.608246093012072379e+03,7.580079777653243411e+01
8.427120671328699589e+07,2.284680516838349831e+03,2.443845173333919956e+04,1.734952570523669920e+03,1.720954222320539984e+01
8.427079389820009470e+07,3.578883548508002150e+03,2.194902231627640504e+04,3.303559958213952086e+03,3.095937465228369434e-01
8.427086015080957115e+07,4.828284507880019191e+03,1.976032446597369562e+04,4.143300387282875818e+03,3.872383011166235112e-03
8.426925583216810226e+07,2.409041822199660146e+03,2.590269182657929923e+04,2.098544645115749972e+03,1.589718791085110006e+01
8.426841408142100275e+07,4.365674306769869872e+03,2.515278853551395150e+04,1.448339974693578824e+03,1.197722031001611676e+00
8.426734081750969589e+07,6.615470655761214402e+03,2.402468321731561446e+04,1.126848953378367014e+03,4.060644447935243817e-02
8.426619902097930014e+07,3.502915948073789878e+03,2.787494590583339959e+04,2.086822034393139802e+03,1.830278231644550146e+01
8.426716948300483823e+07,1.619429246719208550e+03,1.665097073375523541e+04,1.265825446049553830e+04,4.903214144069744110e+10
8.427011809567163885e+07,1.057438975421909390e+03,9.872426201368480179e+03,1.612167781086187824e+04,6.742228997078304000e+15
8.426072833100259304e+07,3.825328535486380133e+03,3.331847038135790353e+04,1.789334854905959901e+03,2.054287555653879949e+01
8.425721877430471778e+07,6.006149039034827183e+03,4.454234861882933183e+04,7.308608222842653049e+03,2.800283126836469738e-01
8.424859175176262856e+07,9.104832432846267693e+03,5.900505128617485752e+04,1.518150425838440606e+04,3.010180778486816824e-02
8.425209819347350299e+07,5.384298232456079859e+03,3.984078040466790117e+04,2.326644878215980043e+03,3.209066110432439700e+01
8.425099404621477425e+07,6.119438572953329640e+03,3.500455357790929702e+04,5.704465265571246164e+03,2.854950112529523205e+06
8.425075640120717883e+07,6.608978942782721788e+03,3.107589473222479864e+04,7.764868037029435072e+03,8.471821091709301758e+11
8.424095395338019729e+07,6.241792404950249875e+03,4.980939812028570304e+04,2.642591265162369837e+03,3.427247928614259820e+01
8.423718467051340640e+07,7.208177966960630329e+03,6.351167012876822992e+04,6.312579762951681005e+03,3.187046025428961471e+01
8.422823472703233361e+07,8.703695867027689019e+03,8.128146889403270325e+04,1.414371190768275846e+04,2.927565180475719231e+01
8.422867148251770437e+07,7.398305225463080205e+03,6.013729555618309678e+04,3.437784738355850095e+03,3.713961215327540089e+01
8.422357919358846545e+07,1.286084273722259240e+04,7.342910750426571758e+04,9.458210193635701216e+03,3.084074396701277313e-03
8.421206691381411254e+07,2.087527765582989741e+04,8.757317177121347049e+04,1.917619607289259147e+04,7.676481751772459144e-03
8.421044310955740511e+07,1.064489963105750030e+04,7.483152865641629614e+04,3.719225297796409905e+03,4.324450725817060004e+01
8.420839379221482575e+07,1.175903809639004794e+04,6.458857151062024059e+04,1.153827908458654747e+04,5.648479894988855968e+21
8.420833061266291142e+07,1.245593506659583363e+04,5.639235580535959161e+04,1.617525120454672469e+04,3.074067057471731937e+43
8.418618536596760154e+07,1.226456396672180017e+04,9.645801583590349765e+04,4.722915274486390445e+03,5.114660516026849990e+01
8.417681591471853852e+07,1.263020531205191037e+04,1.324457682045176916e+05,1.757050771224847631e+04,3.839688041206593822e-02
8.415304355837818980e+07,1.439459911006142829e+04,1.837432930238153785e+05,4.038474402159494639e+04,3.505964152225950897e-02
8.415634258275079727e+07,1.527996723012509938e+04,1.209268596587469947e+05,7.060894295465410323e+03,7.170371471737810509e+01
8.415319997856894135e+07,1.380046406890945036e+04,1.054263290002904541e+05,1.774887024803008171e+04,9.375030053339750494e-03
8.415294780370177329e+07,1.283448401521974301e+04,9.208312374809797620e+04,2.408317526810673371e+04,9.964147905256929769e-03
8.412870020745949447e+07,1.597433785949569938e+04,1.480995286564159906e+05,6.821050472621590416e+03,8.688320189686530171e+01
8.412261028285795450e+07,2.338196362832574232e+04,1.333149593219644157e+05,1.517304194139586252e+04,9.969940186069783294e+01
8.411846689321403205e+07,3.008182323369060759e+04,1.210858273205512960e+05,2.022133377783180913e+04,1.198909246332778764e+02
8.410073751981380582e+07,1.779851734667519850e+04,1.743970647869530076e+05,6.619971218542339557e+03,1.289344839481470046e+02
8.410220851126343012e+07,2.251732393288631283e+04,1.290328423571132007e+05,4.459672097036457853e+04,9.106651337385135321e+02
8.411515372442108393e+07,2.558061785447892544e+04,9.787881422508845571e+04,5.884499751941901923e+04,9.362364137500886500e+03
8.406683404662029445e+07,1.876560825576609932e+04,2.035648549967430008e+05,1.039299452856569951e+04,1.245032485169119951e+02
8.405025305777108669e+07,3.663177921264537144e+04,2.313708516261792975e+05,1.276754625043906708e+04,5.758984476100482005e+25
8.402126322459542751e+07,5.814670167707465589e+04,2.616545283102820686e+05,2.888452030362154255e+04,1.947749885293509409e+66
8.404480279021009803e+07,1.814915837231629848e+04,2.241774237613120058e+05,1.238227424884540051e+04,1.703610573747210140e+02
8.402423220666192472e+07,3.500913335894697957e+04,2.835351212923969724e+05,4.120291792977049772e+04,4.241552763234395534e+06
8.397568901473437250e+07,5.951288200088105805e+04,3.517788269660833175e+05,8.283021538440688164e+04,2.736636102271098750e+14
8.402411138228459656e+07,1.971208611124399977e+04,2.439160927589809871e+05,1.175665420222529974e+04,1.857922928059570040e+02
8.400960888909195364e+07,4.534766142052799114e+04,2.627428055233089835e+05,2.295211852013413227e+04,1.500537085985082474e-03
8.398229509219768643e+07,8.659380316027846129e+04,2.705477389019268448e+05,4.958939148789596220e+04,7.857030548187296428e-04
8.400565702797229588e+07,1.703582970098760052e+04,2.631305519664399908e+05,1.367373811830930026e+04,1.848598918735559948e+02
8.399479568261946738e+07,3.071017418576276032e+04,2.603177835987353465e+05,1.967159690911313373e+04,2.054055051603474819e+24
8.398641235129916668e+07,4.138024712146570528e+04,2.576991175620491267e+05,2.591330863412427789e+04,3.039226634453870580e+57
8.399287060139890015e+07,1.905953832569620135e+04,2.720686568615449942e+05,1.544166818823930043e+04,2.415428755565390020e+02
8.398289657250954211e+07,3.868370911172875640e+04,2.594101639604739612e+05,1.291271570831748977e+04,3.233110609165332789e+03
8.397206491359557211e+07,6.181655277104424022e+04,2.414265248972728441e+05,1.337311548483215483e+04,3.006877129483642057e+05
8.398398278321699798e+07,1.781628657744450175e+04,2.821670950899830204e+05,1.550755863112979932e+04,2.082841342977980048e+02
8.397212829429866374e+07,3.645685187409074570e+04,2.756549259422626346e+05,7.808263222063231296e+03,2.117198030637385681e-03
8.395748278230138123e+07,5.777729740313482762e+04,2.668757341016937862e+05,2.780991697465754442e+03,1.329975230838156266e-03
8.397985444988369942e+07,1.800303249819040138e+04,2.842727547636430245e+05,1.722320431877550072e+04,3.285661855798500142e+02
8.398122296679677069e+07,1.048929828865173658e+04,2.074154528021723672e+05,8.043759396036568796e+04,1.400399407847240376e+88
8.399355229157406092e+07,8.096772002112836162e+03,1.510919020095542946e+05,1.124158497776271397e+05,7.655698429018276859e+145
8.397764939860169590e+07,1.839827259143050105e+04,2.869605333184219780e+05,1.634238613695730055e+04,3.314170014306660050e+02
8.397572337382981181e+07,3.375951749175112491e+04,2.565092726723049127e+05,4.238510439045409294e+04,1.558061868260861989e+68
8.398338135249453783e+07,4.845431256463441969e+04,2.296924990724185191e+05,5.482180930126931344e+04,4.140128459297721935e+171
8.397699500233130157e+07,1.652656396672179835e+04,2.872062862321740249e+05,1.859693625350739967e+04,3.572188662325310133e+02
8.396563142741835117e+07,3.751983040838319721e+04,2.879507450268893153e+05,2.852670257298954311e+03,1.891405026260653890e-03
8.394872033595879376e+07,6.445688528369524283e+04,2.835942861844152212e+05,8.074430673587126876e+03,1.096500088548370061e-03
8.397784459906789660e+07,1.960066186881979957e+04,2.812191463720349711e+05,2.061044208101319964e+04,4.071582601719250079e+02
8.395932919674022496e+07,4.488593967385609722e+04,2.965549934274369152e+05,1.751278369721832496e+04,3.664931668283678574e-03
8.392814417918641865e+07,7.690963044448292931e+04,3.006567939630356268e+05,3.890908425393509970e+04,2.137231354647274074e-03
8.398403893473219872e+07,1.797636583152370076e+04,2.768844587263470166e+05,2.041064487821600051e+04,3.716034816171459738e+02
8.397162898678408563e+07,4.156430618007551675e+04,2.856476624954590225e+05,4.874304340561097888e+03,1.155861361530516893e-03
8.395029917769885063e+07,7.394548045987746445e+04,2.864141702797864564e+05,2.199202810473549471e+04,6.486926458620855766e-04
8.398363976923100650e+07,2.255861757977549860e+04,2.757541370480249752e+05,1.727674044931160097e+04,4.527433417570060215e+02
8.398792622193667293e+07,1.668412873574676269e+04,1.768186156767367793e+05,1.010454651842446037e+05,1.698436824264406399e+26
8.401039391638220847e+07,1.395341097595845167e+04,1.153398233658283280e+05,1.319607351881091890e+05,8.710365864145604750e+44
8.396659615617740154e+07,2.235094625110409834e+04,2.929385752764639910e+05,1.734690361947480051e+04,4.494263254399900234e+02
8.395712930550658703e+07,3.673110664904297300e+04,2.805432242087880732e+05,3.184840930770844352e+04,1.708271388282328535e+38
8.395370705754634738e+07,4.716144796057048370e+04,2.694781598042881815e+05,4.260083557561794441e+04,3.806525181733556410e+88
8.395216087878809869e+07,2.436870615786410053e+04,3.031320088428970193e+05,1.936634650991770104e+04,6.540673510810159996e+02
8.394969910216753185e+07,2.266776913164779035e+04,2.531115618609261583e+05,5.383064732000383810e+04,3.362880574129211072e+68
8.395515525951167941e+07,2.129779262493388160e+04,2.122124218336704944e+05,7.413169895442327834e+04,1.101170709011665018e+130
8.393412275990700722e+07,2.616849636765430114e+04,3.201228200317079900e+05,1.860796655653769994e+04,6.599647869784520253e+02
8.390993050313645601e+07,6.072772953836715169e+04,3.740264724525544443e+05,4.721985964739154588e+04,1.689575498311816850e-04
8.385781983848111331e+07,1.163498148313330312e+05,4.230527363252487266e+05,1.012979701815200970e+05,8.894595245245755710e-05
8.391694444755269587e+07,2.442398354714149900e+04,3.366131230620109709e+05,2.106727891085009833e+04,6.331745771882419831e+02
8.389766109585268795e+07,5.023366621471246617e+04,3.609859195847173687e+05,7.228490414964480806e+03,1.345345214000320247e-03
8.386671139325624704e+07,7.943711968492665619e+04,3.803157620274933870e+05,2.200985541718097738e+04,8.504911316428846214e-04
8.391803868065290153e+07,2.057725394341180072e+04,3.400448107076989836e+05,2.050932553089669818e+04,5.119368149504800272e+02
8.391289343037058413e+07,2.950888673256832044e+04,2.789614373641792336e+05,6.056751309550760197e+04,2.307935428314120244e+51
8.391747196947349608e+07,3.502246374918317451e+04,2.321237000579354353e+05,8.302217694012844004e+04,6.130655107199251986e+113
8.392744497435919940e+07,1.740640545856329845e+04,3.337766755095639965e+05,2.045817401574520045e+04,5.957783067919719997e+02
8.391317521766400337e+07,3.904945338399425964e+04,3.287942893914891756e+05,4.029781732170283249e+03,2.361645702148668959e-03
8.389380694275636971e+07,6.420492435485851456e+04,3.196854009170067147e+05,6.248243900345643851e+03,1.431041681001632773e-03
8.393466140326370299e+07,2.022318634434420164e+04,3.228796755095639965e+05,2.120896189453309853e+04,7.087806377943029474e+02
8.391544316709245741e+07,4.767881070490400452e+04,3.572467264300562092e+05,1.844548649199757710e+04,2.889014009118174176e-03
8.387839145172457397e+07,8.534090628880551958e+04,3.884506206589443609e+05,4.700004881125672546e+04,1.608151673090001859e-03
8.394880626573449373e+07,1.494223995739780003e+04,3.131417757426640019e+05,2.227674044931160097e+04,5.149857659994310097e+02
8.393520447245158255e+07,3.960007384134935273e+04,3.229843879540149355e+05,8.534395052772837289e+02,7.752094796566446894e+48
8.391274187965704501e+07,7.162869002608222945e+04,3.265026861534910859e+05,1.287652940746599597e+04,5.101401644704458238e+143
8.397167287878809869e+07,1.985084368700160121e+04,2.875166825025710277e+05,1.970527891085009833e+04,9.363237613374269586e+02
8.400817519868376851e+07,1.768845776696531175e+04,1.653622690837809059e+05,1.175817754662584775e+05,9.349382098507958566e-03
8.407550838120523095e+07,1.529104742395738685e+04,9.723021887038726709e+04,1.266392284858500789e+05,1.032390190946694784e-02
8.396653098135219514e+07,2.214766886182680173e+04,2.905506335515219835e+05,1.956267984325100042e+04,8.900440410577069770e+02
8.395475629466474056e+07,2.680054416909274005e+04,3.317227747382425005e+05,3.648251411582242326e+03,5.060649549265891328e+18
8.393430823401373625e+07,3.172252801351946982e+04,3.785210070852208300e+05,6.926125974925987975e+03,3.059234856686768689e+37
8.397279713519839942e+07,1.822260592476380043e+04,2.882431277240160271e+05,1.953489429546549945e+04,8.842445072581730301e+02
8.396274773572066426e+07,3.629960760626517003e+04,2.981975575292240246e+05,1.172196530083046855e+04,7.862471732163391194e+68
8.394884920960588753e+07,5.590835616199475771e+04,3.067456798372392659e+05,7.854155458520566754e+03,2.039830681713022416e+180
8.398066829603759944e+07,1.839543809259599948e+04,2.822929225958110183e+05,1.740476609033720160e+04,9.205848335984990172e+02
8.393959829640625417e+07,5.086206841417581018e+04,3.868432307483368204e+05,7.094595043465867639e+04,3.045568710065379558e-03
8.384209339826606214e+07,1.007961480710518226e+05,5.222072822402400780e+05,1.483588092129374272e+05,1.565141896856370781e-03
8.398688455011680722e+07,1.426733319749109978e+04,2.766483142042019754e+05,2.110867751224870153e+04,7.731326191462850375e+02
8.397656363581630588e+07,3.259441044030292323e+04,2.702619798889291706e+05,1.186380557168742780e+04,2.924206470742151797e-03
8.396287194381976128e+07,5.348186497932914062e+04,2.622122040233474690e+05,5.368486000565276299e+03,1.772693211483785444e-03
8.401258288345010579e+07,1.564426559842350071e+04,2.505846312205189897e+05,2.004679639336760010e+04,8.234309874446530557e+02
8.400374271757933497e+07,2.838595391379222929e+04,2.543094821758761827e+05,1.873783773703459519e+04,6.607665673236187500e+14
8.399464739938431978e+07,3.803288814122964686e+04,2.579223909272732562e+05,2.096909946117676009e+04,4.916709967785652594e+32
8.403481975757600367e+07,1.299923762639549932e+04,2.366754167683050036e+05,1.451591993649110009e+04,6.716757426894080254e+02
8.403010771770130098e+07,1.941469118519046242e+04,1.947249802183080174e+05,4.131057527128700167e+04,4.045921906114679328e+22
8.403191775151956081e+07,2.315821442767440021e+04,1.627720274399487243e+05,5.653422491254784836e+04,2.618092964546028569e+48
8.404812313752940297e+07,1.190030988746779985e+04,2.242197501016379974e+05,1.464067285024400007e+04,7.981372811509470466e+02
8.403543281396543980e+07,2.910870528048511551e+04,2.311239754570931545e+05,7.170093728050288519e+03,6.070837203718404927e-03
8.401586947201991081e+07,4.990685573697059590e+04,2.303925653023304767e+05,1.814979945006494381e+04,3.525224931890128845e-03
8.405786391375319660e+07,1.178166419982210027e+04,2.146785146704030049e+05,1.462080338637450041e+04,7.371116401253050299e+02
8.404744904473327100e+07,2.813754641860308038e+04,2.326978579049618274e+05,1.139992444117921332e+04,1.280068699500110487e-03
8.402671075149625540e+07,5.147381941065337014e+04,2.465791245851358399e+05,3.002864222003497707e+04,7.000190506308275138e-04
8.407760796037319303e+07,9.259997533155390556e+03,1.965749528988410020e+05,1.553564021621139909e+04,7.034566284702940493e+02
8.407780809668976068e+07,1.789719632697605630e+04,1.541416959983132547e+05,4.487887169396776881e+04,6.535704366658483632e+05
8.408606274304096401e+07,2.429820903372225803e+04,1.232204380830886366e+05,5.777445911193836218e+04,2.533683052405710983e+10
8.409812692773920298e+07,1.012610475926260006e+04,1.766337034815909865e+05,1.411231154488269931e+04,6.829601249737900162e+02
8.409343437542262673e+07,2.013309380084071017e+04,1.692706276210047945e+05,1.887301505079106937e+04,6.941720542451425765e+22
8.409070438156452775e+07,2.825524012966989176e+04,1.620960814045162115e+05,2.322414432604452304e+04,5.485135461390090416e+54
8.411305953146879375e+07,7.639305225463080205e+03,1.657814424093299895e+05,1.272562856119969911e+04,4.760999851136500070e+02
8.411200454726164043e+07,1.110044769989970337e+04,1.223317022382600553e+05,4.403241165552687016e+04,1.344822241501290483e+00
8.411825445707330108e+07,1.234753315066378491e+04,9.269474644567185896e+04,5.889839344261912629e+04,1.037307536754072113e-01
8.413114019813549519e+07,7.686142055299909771e+03,1.472615496354369971e+05,1.307195956353069960e+04,5.221582601719250079e+02
8.412794927846120298e+07,1.698843991807876228e+04,1.380680455284236232e+05,1.468227568125598555e+04,5.007754190348988050e+04
8.412508272409276664e+07,2.710834222811801374e+04,1.284161380530419265e+05,1.570224555894266450e+04,1.784239186641556621e+08
8.415197858741280437e+07,7.138694502852349615e+03,1.308405379804260010e+05,9.296770752341879415e+03,4.274170014306660050e+02
8.414750315997458994e+07,1.398685492306840933e+04,1.161537449604088324e+05,1.668564388802632311e+04,1.481138898050213584e+03
8.414464694824376702e+07,1.986825360370853014e+04,1.042637460617737670e+05,2.115368269167501057e+04,1.078258405576484256e+04
8.416239453613080084e+07,7.209706157864009583e+03,1.193414680503559939e+05,1.027022529779639990e+04,4.660720130856780088e+02
8.416145004284788668e+07,8.326690852256588187e+03,1.081086142713439040e+05,1.412500199398955192e+04,5.387473765025480808e+39
8.416137067778651416e+07,8.899361275728386317e+03,9.834422746177145746e+04,1.683782161363467094e+04,5.436917729742071017e+80
8.417082603496530652e+07,7.589319211477059980e+03,1.120196871645750070e+05,8.837472384043510829e+03,4.094939245075889858e+02
8.416563681197690964e+07,1.588464449731461536e+04,1.121758851554452267e+05,1.587415769629059241e+03,4.123898803813896147e-02
8.415836093668495119e+07,2.519227916304464816e+04,1.087129274472384568e+05,9.040385927616573554e+02,1.847449956036666466e-02
8.417471667365990579e+07,7.216741122898980393e+03,1.096810204979080008e+05,7.744153036724160302e+03,3.234193324329970096e+02
8.417108309029343724e+07,1.300475124494650299e+04,1.052195239704135893e+05,6.172998625040590923e+03,5.102935347573921317e-03
8.416680663235154748e+07,1.887953643895548521e+04,1.010947693363549479e+05,5.016242287172645774e+03,3.492957049870556129e-03
8.417439999300719798e+07,8.524981216139069147e+03,1.091596265585140063e+05,7.258390798961920154e+03,3.390160690297329893e+02
8.417055506593294442e+07,1.578369159371190835e+04,1.039334613289686095e+05,6.501088495780592893e+03,6.302517475905797077e-03
8.416626405003137887e+07,2.388557347787092658e+04,9.833953140011399228e+04,5.868583943673159411e+03,4.121100049352025008e-03
8.417258426340350509e+07,7.565223640381490441e+03,1.105988200317080045e+05,8.657344178915300290e+03,2.763563953700589764e+02
8.416298093303723633e+07,1.691835849488954773e+04,1.378816632764917158e+05,1.155979837354633673e+04,4.482282842746923119e+07
8.414204215510252118e+07,2.881081931070184510e+04,1.716809378635541361e+05,2.782907257477724488e+04,2.381422224874382720e+17
8.417450196037319303e+07,8.892932265090119472e+03,1.075693911272789992e+05,8.430001521572639831e+03,2.877223627360269802e+02
8.417012920683287084e+07,1.452733080308497301e+04,1.140321435486489354e+05,4.694568432518385634e+02,8.683064722378657532e+10
8.416331760940472782e+07,1.989959350705840916e+04,1.184877216213634820e+05,2.802788034288373183e+03,2.546639875282716485e+23
8.417645665268090367e+07,8.163125738283590181e+03,1.080948456727330049e+05,6.760458398029520140e+03,2.069251599388240095e+02
8.417173965470509231e+07,1.719063024371038046e+04,1.108809033073464525e+05,1.310986502776695716e+03,1.258326643445988111e+02
8.416399413301245868e+07,2.944064400991134971e+04,1.110372307095736469e+05,6.960069359110499136e+03,5.022304971131774209e+01
8.417316386480210721e+07,9.528664199822060255e+03,1.091976755095630069e+05,7.548528328099449936e+03,2.432748102884739865e+02
8.417429751840920746e+07,3.795245854196360142e+03,6.947880621839009109e+04,4.544972201779028546e+04,1.115406398000761614e+30
8.418030345749436319e+07,2.546477645617691905e+03,4.392893621819755208e+04,6.218497681157568877e+04,1.490440383887229482e+44
8.416638468298390508e+07,1.060971548187329972e+04,1.159266335515209939e+05,6.539073782644900348e+03,2.219018499155139921e+02
8.416510310116964579e+07,1.384568380392181462e+04,9.107310078568515019e+04,2.630754472681043990e+04,6.788696012770657855e+34
8.416880395031778514e+07,1.596674730031340550e+04,7.318545472702408733e+04,3.585566094234457705e+04,2.327505357026594190e+74
8.415473682983709872e+07,1.095450802266589926e+04,1.254813491692370008e+05,8.325910612481740827e+03,1.834100084236719965e+02
8.413699493120183051e+07,1.206070439240431733e+04,1.933933733765399375e+05,3.396951851177200297e+04,2.664804836853464087e-02
8.408849021169459820e+07,1.499321964562441826e+04,2.998890370179640013e+05,8.101047349596880667e+04,2.227891012429061846e-02
8.414068287645709515e+07,1.398075977091760069e+04,1.366956102414980123e+05,8.119609913181039701e+03,2.031512671649309993e+02
8.412538545732511580e+07,2.459049890207851422e+04,1.838812892143968493e+05,3.175199520405700969e+04,5.128773800280679703e+09
8.408726277260459960e+07,4.003492085035443597e+04,2.438666222109079827e+05,6.555811697726469720e+04,1.199299465812391441e+22
8.412509321911449730e+07,1.296895790611580014e+04,1.508771253930130042e+05,1.056348870105979950e+04,1.792165352301990140e+02
8.410051680075708032e+07,2.727573870291823187e+04,2.315899312864901440e+05,5.486421232305747253e+04,4.712661648298598766e-03
8.403320460978381336e+07,4.950992994856459700e+04,3.518404621884204680e+05,1.223637359181791544e+05,2.672311019714193516e-03
8.410898517715640366e+07,1.741981804597589871e+04,1.626013142042020045e+05,1.048745140502250069e+04,1.882468382605019883e+02
8.410397139429037273e+07,2.074460220727259002e+04,1.398124791039158590e+05,2.699891062919349133e+04,9.828261482353987943e-03
8.410279585889662802e+07,2.283104406171480150e+04,1.220164409864558256e+05,3.700010390741110314e+04,8.817817903088923451e-03
8.408844993240119517e+07,1.696144042359829837e+04,1.833679249268129934e+05,1.076236748893860022e+04,1.403424093560730057e+02
8.408057951476146281e+07,3.178209178594111290e+04,1.854217087470616098e+05,1.208262456615402698e+03,1.784953660361938022e-03
8.406885398705351353e+07,5.059597326677037927e+04,1.843699923180445039e+05,5.368897431105063333e+03,1.099096491297886849e-03
8.407167599300719798e+07,1.705814904830689920e+04,1.970179575608460000e+05,1.374648170805279915e+04,1.834263254399890002e+02
8.406857199796196818e+07,1.766154465263658858e+04,1.623090162889983621e+05,3.718893434966146742e+04,1.609491969725511049e-02
8.407130339774915576e+07,1.767671516819376848e+04,1.349209671553444059e+05,5.045003969725022034e+04,1.582479650135631966e-02
8.405871333100259304e+07,1.602900452616240000e+04,2.127851300550180022e+05,1.200879406236519935e+04,1.457480037616670074e+02
8.409640894060558081e+07,1.481511954539114413e+04,7.659992992878860969e+04,1.146214030867406254e+05,7.319568839930244394e+03
8.415617026068209112e+07,1.190647614897263884e+04,3.424140799545249320e+04,1.012679635906103213e+05,2.161225956444667245e+05
8.405735085314710438e+07,1.213077841893629920e+04,2.175507151366029866e+05,1.246936515793629951e+04,1.802957893094529993e+02
8.403135941380028427e+07,3.064652970243171512e+04,2.923836938307737582e+05,4.977446166521932173e+04,1.197572435299046478e+11
8.396937424090261757e+07,5.793536579776343569e+04,3.868927981250861776e+05,1.027864323007315834e+05,2.373629584369250094e+29
8.404632426573449373e+07,1.805258261474049868e+04,2.182937314536200138e+05,1.677885233742350101e+04,2.325755095891730093e+02
8.404722796903927624e+07,2.237445834281228235e+04,2.040489891010076099e+05,2.167160277705662520e+04,1.224383223303654284e+83
8.404934783370259404e+07,2.567034334907583616e+04,1.929341307706721418e+05,2.344501137108912735e+04,9.843551941936667728e+178
8.404423214452239871e+07,1.951724928140719931e+04,2.214706172345050145e+05,1.423409709266820028e+04,2.278995189131829875e+02
8.403558073878921568e+07,3.555571299603890657e+04,2.143493265158174618e+05,8.194023358009788353e+03,2.340215083155427946e-03
8.402465474197100103e+07,5.433399042014833685e+04,2.052737351306949568e+05,3.930232833357521940e+03,1.523381347117566545e-03
8.402962582983709872e+07,2.209129823245610169e+04,2.334049482368360041e+05,1.431950501807619912e+04,2.404263254399890002e+02
8.402043843810175359e+07,4.179348645723274967e+04,2.277625597008089244e+05,8.376745678665987725e+03,1.317412680544196318e+52
8.400883226190690696e+07,6.572714667053979065e+04,2.174247992155773682e+05,5.270575463846637831e+03,1.260454747714275104e+136
8.401063929603759944e+07,2.000848238164030045e+04,2.538457804046689998e+05,1.499022762879880065e+04,1.982211972348609947e+02
8.399514397646462917e+07,4.176655353870044928e+04,2.733319589137289440e+05,2.297775116955794147e+04,1.441780582305090793e-03
8.396685757121685147e+07,7.098570454195416823e+04,2.859291736284182407e+05,4.925087265428549290e+04,8.507082124963048818e-04
8.399808640326370299e+07,2.118814904830689920e+04,2.638714703813589877e+05,1.627724394581510023e+04,2.587410107546750169e+02
8.398760412607768178e+07,4.001986799796877312e+04,2.548690438156621531e+05,9.451506010123535816e+03,3.309683811796633717e-03
8.397435450965222716e+07,6.201044329962685151e+04,2.439814772419250803e+05,4.464514688282009956e+03,2.123381205072598366e-03
8.398276906060630083e+07,2.189666186881979957e+04,2.766470764419650077e+05,1.812481970339089821e+04,2.443890294026930121e+02
8.396968746652655303e+07,4.072328815628716984e+04,2.872247409495806205e+05,4.374859359103970746e+03,3.629374322032493073e+05
8.395121897049005330e+07,6.015369420043365972e+04,2.947323867493746802e+05,1.443534585330844948e+03,4.741736542471078491e+10
8.398004470629400015e+07,1.798660592476380043e+04,2.827250368149250280e+05,1.867328124185240085e+04,2.523773743910379892e+02
8.394885476904143393e+07,4.832718492854796204e+04,3.940307546903551556e+05,8.111266505324339960e+04,6.806430441811398479e-04
8.386248749198757112e+07,1.058194313728178095e+05,5.356075241984211607e+05,1.787652602617416123e+05,3.179850967795173552e-04
8.398047683916109800e+07,1.918003249819040138e+04,2.844855473044359824e+05,1.528710408567520062e+04,2.524846004982640011e+02
8.394496351217128336e+07,4.073452639537262439e+04,3.735746922100864467e+05,3.920898346816750563e+04,8.306993479644131551e+47
8.387368099590182304e+07,6.501499426551903889e+04,4.919381615066369995e+05,8.347689739934046520e+04,5.440763178010874310e+127
8.397755575058299303e+07,1.498479473595260060e+04,2.845998177007060149e+05,2.232924860781980169e+04,2.123960224096859974e+02
8.397367918928864598e+07,2.281217763656039460e+04,2.330990519137865049e+05,5.385914822305351117e+04,3.045729605583039227e+25
8.397749481426954269e+07,2.734668265071409769e+04,1.938649275062888919e+05,7.149736957211754634e+04,1.007526201496167830e+56
8.400017139393959939e+07,1.606273879189669969e+04,2.648333678172560176e+05,1.837419033276150003e+04,2.403167683304320121e+02
8.399291719769461453e+07,3.147823435804705878e+04,2.495988641745682107e+05,2.853465245234701797e+04,3.922420480598487737e+35
8.398957382404252887e+07,4.454649498670564935e+04,2.349237262360956229e+05,3.634253918307117419e+04,4.194248899335349631e+88
8.401585236596760154e+07,1.395311408327199933e+04,2.521888736447620031e+05,1.748414371271490018e+04,2.035102415239049947e+02
8.402519555702298880e+07,8.613888990642813951e+03,1.407899519307289447e+05,1.110890859735497215e+05,2.073748444670052271e+53
8.405209866330349445e+07,6.821696506636205413e+03,7.973209168405355013e+04,1.392804766601323499e+05,4.295311733359655123e+89
8.403323757808880508e+07,1.125107445623229978e+04,2.339075006843890005e+05,2.106647471504590067e+04,2.193797053933689938e+02
8.403289548532208800e+07,2.040991946819370060e+04,1.830695739634526253e+05,5.658554576651494426e+04,5.508290193864692787e+47
8.404142979092894495e+07,2.660120065972106022e+04,1.466527919640666223e+05,7.306009503001497069e+04,5.181748095251875704e+114
8.406205650349679589e+07,9.903554642712499117e+03,2.097513934582810034e+05,1.778386399243510095e+04,1.866920597057230111e+02
8.405939588721606135e+07,2.174004717107136457e+04,1.839430577493506717e+05,3.347878532109125808e+04,2.677295797753112320e+17
8.406103663333790004e+07,3.303275929765035835e+04,1.614628638082644611e+05,4.217313818590752635e+04,4.809016894503670684e+43
8.409112316550140083e+07,7.511692171850029808e+03,1.863697477706359932e+05,1.448896888754000065e+04,1.884333184469820139e+02
8.408923368415489793e+07,1.680981806846877589e+04,1.524124207304129668e+05,3.668706182845349394e+04,1.563236568025238812e+05
8.409331740536457300e+07,2.425104496642257072e+04,1.266372681731533230e+05,4.734687888255121652e+04,1.249868178221627808e+10
8.411168572494199872e+07,8.397904293062150828e+03,1.649962116400999948e+05,1.440999452856569951e+04,1.921722461859100122e+02
8.408878799608668685e+07,9.276238504861736146e+03,2.634005450689698919e+05,4.912003756651709409e+04,1.699384820597767826e-02
8.401970595638120174e+07,1.188880852869836417e+04,4.221604942394599784e+05,1.208570958333406161e+05,1.378912044781115641e-02
8.413683445920769870e+07,4.386300563458409670e+03,1.456753584932459926e+05,1.265519266376380074e+04,1.306967217103849919e+02
8.413243903640200198e+07,1.414517479144321078e+04,1.458134097638528328e+05,5.650645689370845503e+03,1.932863196307275502e+05
8.412555083986341953e+07,2.636479780377498901e+04,1.434215617770667013e+05,1.210262300764781230e+03,1.887921255900687988e+12
8.416228529370659590e+07,4.559125738283580176e+03,1.214017990526869980e+05,1.126624161481269948e+04,1.695475375612010112e+02
8.416408496397987008e+07,1.021893582893107305e+04,9.425433987760847958e+04,2.930218781658403896e+04,6.233671609141802628e-03
8.417126596466000378e+07,1.447047678538512446e+04,7.453897904980865133e+04,3.631021076994411123e+04,4.261932815512523356e-03
8.418222135431259871e+07,4.602950913108759778e+03,1.035810647869520035e+05,9.119225297796419909e+03,1.574123394260030011e+02
8.417800048755136132e+07,1.256457452211563032e+04,1.105378513283336652e+05,2.211207194139711191e+03,2.779142375097949407e+05
8.416936482136726379e+07,2.371012068472585088e+04,1.153709341477915295e+05,1.023040950210133633e+04,2.261564921611862305e+12
8.420005676223799586e+07,3.189382148539989885e+03,8.777370348159110290e+04,8.531439750010869830e+03,1.307200317336950093e+02
8.420383814970397949e+07,6.657096169245010060e+03,6.204347068910812231e+04,2.736776733852012330e+04,4.261035877623334071e-03
8.421342447207559645e+07,8.684990810798472012e+03,4.512090509122738877e+04,3.293841345718239609e+04,3.056666063661817555e-03
8.421722072028000653e+07,2.801149048306890109e+03,7.318949369138129987e+04,6.350274248845369584e+03,1.203703813840450039e+02
8.421319992180275917e+07,8.493343876274206195e+03,8.142509474375614082e+04,1.582643643742438371e+03,5.037450553432856202e+08
8.420521811217173934e+07,1.530500226099650536e+04,9.001768656028693658e+04,6.831235030309269860e+03,5.000406044127948020e+22
8.422942567132890224e+07,2.090111752269589942e+03,6.201733052121810033e+04,6.049295227866339701e+03,9.959881961248309779e+01
8.422473878937043250e+07,7.694531914955644424e+03,7.768599477623756684e+04,1.101794006461133904e+04,4.844333424770236540e+00
8.421219307060270011e+07,1.765041212656768766e+04,9.403510081903038372e+04,2.536548470980196726e+04,9.127592932943151896e-03
8.424112765501190722e+07,2.159046484204320222e+03,5.098485266574020352e+04,5.319201987773099972e+03,9.125150026516369905e+01
8.424069508252544701e+07,5.099570523201953620e+03,4.570453918546002387e+04,7.952750762843118537e+03,3.874607474284345657e+07
8.424108132105121017e+07,7.847015566581673738e+03,4.079604094736231491e+04,9.591852562912239591e+03,4.271958255389918080e+17
8.425149842657369375e+07,1.186277253435089960e+03,4.267850301539050270e+04,4.238153036724150297e+03,8.064777066143409456e+01
8.425043335172052681e+07,3.972204509493019941e+03,4.224864476593219297e+04,2.391363137896672924e+03,4.059753716628565599e+02
8.424874605831234157e+07,7.418287878657401961e+03,4.108001752568327356e+04,1.253665737015023296e+03,1.483749269351968360e+04
8.426136140093269944e+07,1.038918279076109911e+03,3.398141909930660040e+04,3.210763759334869974e+03,8.950557951924299971e+01
8.425961097005920112e+07,3.618842073216430435e+03,3.785767124086075637e+04,4.462304123502448761e+02,1.204911445016169309e+05
8.425601946483892202e+07,6.627713143714741818e+03,4.198250865854974109e+04,2.830687510047895103e+03,9.618400674196599121e+11
8.426795271095600724e+07,8.799695611273930353e+02,2.832819299208050143e+04,2.455402453973560114e+03,6.573168674535010325e+01
8.426806818030849099e+07,1.817338755549497819e+03,1.959842214623083419e+04,9.007128782886664339e+03,1.306507114391092182e+04
8.426948365143983066e+07,2.316097139327204786e+03,1.402094391267768515e+04,1.187562576428851935e+04,3.841752601462645829e+07
8.427348004662029445e+07,7.520394911973229455e+02,2.284247970536720095e+04,2.543211311782420125e+03,6.423052124418460096e+01
8.427294934568776190e+07,2.224315895103099137e+03,2.241639708066856838e+04,1.561639262530092083e+03,6.404441595985459479e-01
8.427209254192204773e+07,3.974342815470650748e+03,2.174517609848998472e+04,8.899947299681019786e+02,1.718188548578756386e-02
